StudentID,Age,StudyHours,Attendance,PreviousGPA,AssignmentsCompleted,SleepHours,InternetHours,Scholarship,Program,FinalGrade
STU-10522,22.0,10.7,83.73,6.09,69.15,6.27,4.39,Sí,Ingeniería Industrial,3.96
STU-10947,65.0,9.86,99.6,6.76,76.95,6.52,8.03,No,Ingeniería Informática,5.09
STU-11352,26.0,13.43,92.65,6.07,95.99,6.7,6.37,No,Contador Auditor,4.37
STU-12298,27.0,20.77,81.73,5.09,90.96,6.16,5.81,No,Contador Auditor,4.02
STU-13527,20.0,6.27,70.17,4.84,64.2,6.3,4.1,No,Ingeniería Civil,3.24
STU-11440,21.0,13.81,-19.961239748468998,6.69,93.82,5.72,5.15,Sí,Ingeniería Industrial,4.65
STU-11553,22.0,25.61,97.21,7.0,100.0,8.04,2.95,Sí,Ingeniería Informática,6.63
STU-13546,25.0,14.75,63.12,6.5,85.08,7.26,9.09,Sí,Ingeniería Industrial,4.97
STU-14415,75.0,8.09,88.2,4.8,91.06,7.02,,No,Contador Auditor,4.17
STU-11738,25.0,3.88,76.03,5.45,50.65,8.29,11.96,Sí,Administración,2.83
STU-11735,18.0,9.16,88.99,5.17,82.36,8.44,3.61,No,Ingeniería Informática,4.32
STU-10686,26.0,4.77,73.3,6.03,58.1,10.25,7.85,No,Ingeniería Informática,3.11
STU-14277,32.0,16.09,83.7,5.43,,7.67,1.32,No,Contador Auditor,3.73
STU-11715,30.0,14.63,73.13,6.06,90.67,6.58,4.72,No,Ingeniería Civil,4.24
STU-14530,20.0,10.95,84.35,6.25,87.99,5.24,2.8,No,Ingeniería Industrial,4.09
STU-14655,27.0,7.37,86.24,6.21,76.96,7.12,6.92,No,Ingeniería Industrial,4.62
STU-13555,26.0,6.08,111.56746737822476,4.69,73.54,,6.44,No,Ingeniería Civil,3.05
STU-12994,21.0,9.8,73.64,5.12,70.38,8.68,8.9,Sí,Contador Auditor,2.58
STU-10322,25.0,11.76,79.45,5.57,82.84,7.18,12.08,No,Contador Auditor,2.61
STU-10564,29.0,16.84,80.01,5.88,100.0,5.9,2.42,No,Ingeniería Civil,4.25
STU-13999,18.0,10.05,71.61,6.77,67.64,7.45,6.97,No,Administración,4.52
STU-10173,25.0,14.12,93.79,7.0,75.74,6.8,7.16,No,Administración,4.76
STU-14145,24.0,25.07,100.0,6.87,95.45,8.15,8.99,No,Ingeniería Civil,6.2
STU-13109,25.0,9.01,80.52,5.39,87.3,6.67,4.09,No,Ingeniería Civil,3.91
STU-12215,19.0,13.59,98.5,5.79,100.0,4.91,1.81,Sí,Ingeniería Civil,4.99
STU-11673,25.0,6.55,67.19,4.86,41.69,8.72,9.39,No,Ingeniería Industrial,2.57
STU-12193,21.0,9.08,89.8,5.9,72.6,7.92,5.0,No,Ingeniería Industrial,4.32
STU-14617,24.0,13.13,81.89,5.82,100.0,4.83,9.41,Sí,Ingeniería Informática,3.71
STU-10533,21.0,13.18,88.07,4.91,,6.37,8.21,No,,3.98
STU-14192,22.0,7.06,76.44,4.3,56.73,8.97,7.71,No,Ingeniería Industrial,2.52
STU-11985,22.0,1.0,66.98,5.01,72.25,7.41,3.96,Sí,Administración,3.46
STU-13649,25.0,17.51,79.59,6.69,100.0,8.53,1.19,No,Ingeniería Civil,5.11
STU-14038,19.0,13.6,92.16,5.31,100.0,6.33,7.56,Sí,Ingeniería Industrial,4.29
STU-13059,27.0,12.88,59.39,6.44,81.43,7.06,9.04,Sí,Administración,3.58
STU-13506,24.0,,,5.3,90.54,8.03,7.82,No,Ingeniería Civil,2.74
STU-11411,28.0,12.34,78.09,6.85,59.8,4.14,9.35,No,Administración,4.03
STU-13000,21.0,16.97,90.09,5.64,100.0,8.2,3.76,No,Ingeniería Informática,4.38
STU-10378,23.0,9.35,77.05,6.52,89.6,5.58,2.75,No,Contador Auditor,3.89
STU-13326,18.0,16.14,88.22,6.43,98.56,6.35,4.59,Sí,Contador Auditor,5.15
STU-11192,28.0,2.44,88.78,5.55,69.95,7.1,2.35,No,Ingeniería Industrial,3.69
STU-12137,28.0,10.15,68.84,6.13,76.38,5.24,12.32,No,Ingeniería Informática,4.01
STU-10611,20.0,17.07,89.35,6.53,100.0,6.36,5.88,Sí,Ingeniería Civil,5.26
STU-10420,22.0,6.64,87.67,4.83,74.02,6.39,3.71,No,Administración,2.66
STU-11914,25.0,14.37,100.0,6.7,100.0,5.74,4.09,No,Ingeniería Informática,5.1
STU-12156,30.0,13.39,75.13,5.94,81.88,7.19,5.19,Sí,Ingeniería Informática,4.04
STU-13582,23.0,17.24,89.61,,100.0,5.36,3.18,Sí,Ingeniería Civil,4.6
STU-12642,24.0,13.8,86.77,5.87,97.23,8.82,11.39,No,Contador Auditor,4.92
STU-13706,23.0,,78.05,5.08,100.0,6.67,1.09,No,Ingeniería Industrial,3.76
STU-14913,21.0,10.76,,4.82,80.35,5.59,3.04,Sí,Ingeniería Civil,3.12
STU-10549,26.0,20.97,100.0,5.12,100.0,6.28,9.88,No,Contador Auditor,4.55
STU-10758,18.0,15.9,77.87,5.67,100.0,5.63,12.41,No,Ingeniería Informática,4.2
STU-11896,25.0,11.44,77.52,5.28,61.84,7.63,5.75,No,Contador Auditor,2.94
STU-12682,19.0,13.23,93.42,,88.72,5.86,6.81,No,Ingeniería Civil,4.91
STU-10071,30.0,6.62,66.39,4.89,70.76,5.79,2.83,Sí,Ingeniería Civil,2.87
STU-12224,18.0,12.51,97.36,5.22,100.0,6.42,4.47,No,Ingeniería Industrial,3.61
STU-13314,18.0,14.97,,5.22,83.66,7.39,4.28,No,Ingeniería Industrial,3.88
STU-11726,19.0,7.06,76.28,5.19,82.83,6.63,9.67,No,Contador Auditor,2.99
STU-14904,29.0,1.0,83.63,4.55,72.21,7.59,1.05,No,Contador Auditor,2.51
STU-14527,18.0,7.82,94.9,4.75,,6.77,4.59,No,Contador Auditor,3.38
STU-13050,22.0,13.43,80.6,5.26,90.93,7.06,12.83,No,Ingeniería Informática,5.09
STU-12544,23.0,7.73,63.94,4.93,67.42,7.73,6.55,No,Ingeniería Informática,3.19
STU-10627,25.0,16.41,70.02,5.68,93.1,7.43,10.39,Sí,Ingeniería Informática,3.98
STU-10691,21.0,7.27,50.43,5.55,65.59,8.2,1.9,No,Ingeniería Civil,1.65
STU-10450,26.0,13.25,90.85,4.44,,5.72,5.17,No,Ingeniería Civil,3.93
STU-14977,23.0,14.61,91.73,6.02,,7.59,,Sí,Ingeniería Industrial,5.5
STU-13284,,4.36,77.04,4.01,74.58,6.98,1.87,No,Ingeniería Informática,2.24
STU-13671,24.0,10.32,82.43,5.97,58.51,8.05,4.22,No,Administración,3.39
STU-13436,25.0,10.5,69.24,5.36,78.24,7.29,3.48,Sí,Ingeniería Industrial,4.75
STU-10371,18.0,17.2,89.28,5.94,88.69,8.83,4.14,Sí,Ingeniería Civil,4.81
STU-14491,21.0,8.3,90.04,5.58,,9.0,4.59,No,Ingeniería Informática,4.01
STU-10787,22.0,7.36,84.32,5.14,64.16,8.56,3.14,No,Ingeniería Industrial,3.54
STU-11541,20.0,1.87,70.08,5.62,60.84,6.51,1.49,Sí,Ingeniería Industrial,2.94
STU-13577,25.0,8.35,74.97,5.02,100.0,6.14,6.86,No,Ingeniería Informática,3.54
STU-13293,28.0,11.88,83.53,5.56,94.83,6.67,3.26,No,Administración,4.05
STU-11502,18.0,15.83,81.97,5.52,88.58,9.3,3.27,No,Administración,4.38
STU-11248,22.0,11.63,67.78,6.71,83.02,7.4,4.53,No,Ingeniería Industrial,3.95
STU-11483,22.0,,70.26,4.61,58.29,7.91,5.8,Sí,Administración,2.97
STU-11197,27.0,,81.31,6.11,71.63,5.47,16.84,Sí,Ingeniería Industrial,4.03
STU-12355,21.0,6.26,70.36,5.74,87.88,6.47,7.98,No,Ingeniería Industrial,2.9
STU-13295,23.0,9.02,73.64,5.73,78.43,6.36,4.18,Sí,Contador Auditor,4.48
STU-11954,24.0,6.61,83.57,6.17,79.86,7.83,5.74,Sí,Ingeniería Informática,4.98
STU-10190,18.0,2.45,62.45,6.17,42.57,7.3,4.6,No,Ingeniería Informática,2.12
STU-14114,23.0,23.32,,7.0,100.0,8.0,,No,Ingeniería Industrial,4.76
STU-12753,27.0,10.19,83.87,5.31,76.83,8.34,3.1,No,Ingeniería Civil,3.73
STU-10158,19.0,,73.05,4.75,69.78,8.42,4.64,No,Contador Auditor,2.73
STU-13760,21.0,11.5,78.02,5.3,78.71,7.18,9.63,No,Contador Auditor,3.44
STU-14372,18.0,15.34,83.08,6.45,100.0,8.38,3.81,No,Ingeniería Informática,5.85
STU-12012,20.0,11.77,81.32,5.69,96.69,8.01,3.85,No,Ingeniería Civil,4.85
STU-14911,18.0,10.97,81.1,5.38,67.88,6.39,1.56,Sí,Contador Auditor,3.61
STU-10960,22.0,12.51,89.56,6.32,75.7,7.57,6.96,,Ingeniería Informática,4.98
STU-10689,21.0,14.33,98.91,6.13,,7.43,8.33,No,Ingeniería Civil,4.63
STU-14852,23.0,16.53,,5.46,78.31,7.37,3.73,No,Contador Auditor,4.2
STU-12737,24.0,15.88,93.79,4.31,100.0,8.84,1.86,No,Ingeniería Civil,4.34
STU-13404,30.0,9.11,72.34,5.21,93.26,5.25,3.76,Sí,Ingeniería Informática,4.47
STU-11485,20.0,9.38,74.42,5.34,67.34,7.86,3.74,Sí,Ingeniería Industrial,2.87
STU-11178,26.0,9.48,73.63,6.13,73.63,,18.0,Sí,Administración,4.31
STU-14613,19.0,11.14,67.47,5.16,,6.82,10.61,No,Ingeniería Civil,2.59
STU-11696,29.0,3.26,85.9,4.89,54.49,5.94,5.1,Sí,Contador Auditor,3.09
STU-12164,27.0,18.22,92.17,5.13,100.0,6.01,13.0,Sí,Ingeniería Industrial,4.93
STU-11377,23.0,15.54,84.69,6.34,78.21,8.16,7.94,No,Ingeniería Civil,4.64
STU-14598,19.0,14.14,83.44,6.75,84.11,7.79,9.96,No,Ingeniería Industrial,5.37
STU-14485,26.0,16.24,93.52,5.59,80.02,6.07,2.78,Sí,Contador Auditor,4.77
STU-11929,28.0,11.09,58.28,5.2,,9.89,3.77,Sí,Administración,3.46
STU-14822,23.0,16.78,100.0,6.47,100.0,8.11,4.97,No,Ingeniería Industrial,5.69
STU-12423,22.0,9.44,100.0,5.74,100.0,5.87,6.84,No,Ingeniería Civil,4.17
STU-13876,28.0,21.32,100.0,5.79,100.0,6.95,7.58,No,Contador Auditor,4.59
STU-10355,23.0,20.83,94.0,7.0,100.0,5.85,8.45,No,Contador Auditor,5.03
STU-10941,21.0,4.15,76.61,5.13,78.81,6.28,7.44,Sí,Ingeniería Industrial,2.99
STU-10730,24.0,14.56,86.07,6.04,100.0,6.57,14.0,Sí,Ingeniería Informática,4.3
STU-10223,26.0,21.19,100.0,7.0,100.0,7.23,9.08,Sí,Administración,5.85
STU-14173,23.0,12.19,88.99,5.85,86.79,6.36,1.55,Sí,Ingeniería Informática,5.19
STU-10721,31.0,10.42,90.81,6.0,100.0,6.01,3.86,No,Contador Auditor,4.42
STU-11340,26.0,,91.13,6.13,93.38,6.38,,No,Contador Auditor,5.25
STU-10781,24.0,7.72,79.02,5.36,79.92,5.91,10.45,No,Ingeniería Informática,3.69
STU-14310,22.0,3.7,74.5,4.76,67.8,7.2,0.66,Sí,Administración,3.09
STU-13245,25.0,7.17,78.84,5.59,82.02,7.01,4.88,Sí,Ingeniería Civil,3.43
STU-13712,20.0,11.46,81.27,5.84,82.42,7.34,16.94,Sí,Ingeniería Informática,3.85
STU-11966,22.0,8.58,85.14,5.28,98.51,7.72,2.09,No,Ingeniería Industrial,4.7
STU-13046,21.0,9.28,52.73,4.25,66.79,6.59,3.83,No,Contador Auditor,2.49
STU-13878,27.0,6.03,73.15,4.68,69.88,8.28,1.32,Sí,Ingeniería Informática,3.76
STU-12575,22.0,14.4,,7.0,88.74,6.36,3.25,No,Ingeniería Industrial,4.81
STU-14891,22.0,6.35,98.46,5.09,100.0,7.87,14.98,No,Ingeniería Civil,4.67
STU-14665,18.0,7.47,73.05,5.11,79.92,3.9,5.17,Sí,Ingeniería Informática,3.24
STU-10690,34.0,8.07,73.28,5.14,77.85,6.48,1.47,No,Ingeniería Informática,3.04
STU-10531,20.0,5.44,77.45,4.18,50.29,5.44,9.95,No,Ingeniería Civil,1.58
STU-13733,18.0,12.16,83.97,5.95,74.69,6.46,4.18,Sí,Ingeniería Civil,3.56
STU-12911,27.0,14.27,98.11,5.94,98.3,8.1,8.14,No,Ingeniería Industrial,5.12
STU-12694,21.0,13.96,75.32,,90.32,8.5,0.65,No,Administración,3.92
STU-12843,24.0,8.57,63.51,5.27,,6.4,3.95,Sí,Ingeniería Informática,2.26
STU-11959,26.0,5.64,75.73,4.6,66.4,6.38,2.24,No,Ingeniería Civil,2.91
STU-11479,21.0,15.81,82.41,5.04,92.28,8.12,7.15,No,Ingeniería Informática,4.25
STU-13252,19.0,17.77,91.54,,100.0,8.15,6.78,No,Contador Auditor,4.9
STU-14695,24.0,17.45,100.0,6.15,100.0,6.08,9.07,Sí,Contador Auditor,5.64
STU-11213,18.0,11.28,85.76,5.32,78.84,9.54,7.42,No,Administración,4.51
STU-12050,25.0,8.53,80.64,4.84,75.3,7.77,8.4,No,Contador Auditor,3.61
STU-12957,18.0,10.36,74.16,4.75,63.43,6.55,6.48,No,Administración,3.36
STU-10954,18.0,13.24,68.22,6.81,63.98,7.84,3.58,Sí,Contador Auditor,3.96
STU-14044,18.0,22.87,88.86,5.25,100.0,6.62,5.92,No,Ingeniería Informática,4.69
STU-14633,25.0,18.13,100.0,7.0,86.65,6.32,12.2,No,Ingeniería Civil,5.16
STU-10032,18.0,,87.7,5.87,71.83,8.32,6.5,No,Ingeniería Informática,3.45
STU-13265,23.0,18.84,99.63,6.05,60.32,7.0,7.04,No,Administración,4.55
STU-12774,18.0,12.78,75.28,4.21,95.26,8.79,2.86,No,Ingeniería Informática,4.26
STU-10335,22.0,10.36,81.98,4.87,67.87,8.86,3.04,No,Ingeniería Informática,4.09
STU-14735,24.0,8.66,80.62,6.27,87.25,6.74,8.56,Sí,Ingeniería Informática,3.61
STU-14356,21.0,12.57,85.78,5.95,78.0,7.07,9.9,No,Ingeniería Civil,4.49
STU-14102,27.0,11.39,92.78,5.0,100.0,6.08,2.31,Sí,Ingeniería Informática,3.66
STU-10451,21.0,12.92,95.12,5.52,88.68,6.24,2.38,No,,4.3
STU-14669,25.0,19.67,90.6,,100.0,5.1,7.68,No,Ingeniería Informática,5.0
STU-10343,28.0,15.96,85.55,,99.44,6.32,6.32,No,Administración,4.59
STU-13461,30.0,14.89,95.88,5.9,100.0,8.01,5.2,No,Contador Auditor,5.65
STU-11464,21.0,17.6,95.17,5.01,80.47,5.87,5.61,No,Ingeniería Civil,3.83
STU-10469,18.0,5.45,71.15,5.15,54.69,6.81,6.8,Sí,Ingeniería Informática,3.18
STU-11632,18.0,11.27,78.6,5.48,78.91,7.84,7.35,Sí,Ingeniería Industrial,4.15
STU-13963,21.0,27.54,99.02,7.0,100.0,5.78,18.0,Sí,Ingeniería Informática,5.72
STU-11684,18.0,16.56,89.78,6.69,100.0,6.0,3.12,No,Contador Auditor,4.81
STU-12133,24.0,1.0,73.8,4.69,58.93,5.44,3.05,No,Contador Auditor,1.59
STU-12172,27.0,16.05,92.33,4.75,100.0,7.06,4.47,No,Ingeniería Civil,4.36
STU-14374,27.0,15.55,96.58,4.9,100.0,4.98,3.19,Sí,Ingeniería Industrial,4.68
STU-12123,25.0,9.68,100.0,5.25,76.73,6.25,5.45,No,Ingeniería Civil,3.36
STU-12763,18.0,11.2,88.16,4.71,,7.05,13.16,No,Ingeniería Civil,3.91
STU-12016,35.0,14.08,100.0,6.37,100.0,8.72,11.12,Sí,Ingeniería Industrial,5.16
STU-12803,26.0,11.66,92.61,6.24,,6.65,4.86,No,Administración,4.27
STU-13558,26.0,19.01,96.34,6.63,100.0,6.02,14.96,,Ingeniería Informática,6.53
STU-10831,22.0,11.91,95.01,5.75,83.83,4.87,11.86,No,Ingeniería Informática,4.7
STU-13988,21.0,1.88,80.15,4.93,,9.72,4.82,No,Ingeniería Informática,2.44
STU-11998,35.0,12.84,81.99,6.33,64.08,6.57,4.3,Sí,Administración,3.58
STU-14295,19.0,11.04,100.0,5.12,100.0,7.47,2.78,Sí,Contador Auditor,4.41
STU-13945,25.0,11.85,92.95,5.57,100.0,6.13,5.57,Sí,Ingeniería Civil,4.6
STU-14290,27.0,16.39,93.0,5.73,100.0,6.37,1.7,No,Ingeniería Industrial,4.98
STU-11925,20.0,11.81,77.73,5.5,88.25,6.82,7.43,No,Ingeniería Industrial,4.39
STU-13280,30.0,16.59,81.78,5.61,100.0,4.58,11.1,Sí,Ingeniería Informática,4.22
STU-10011,24.0,2.94,51.38,4.9,71.87,8.37,4.25,No,Ingeniería Informática,2.23
STU-10869,22.0,18.3,83.08,6.76,96.54,6.9,2.22,Sí,Ingeniería Informática,6.17
STU-12058,26.0,5.83,66.16,5.0,64.32,8.84,5.5,No,Ingeniería Civil,2.51
STU-12912,32.0,11.87,91.73,5.52,97.97,6.68,3.84,No,Ingeniería Industrial,4.8
STU-10407,,8.34,94.73,3.52,85.15,9.15,8.15,No,Contador Auditor,3.54
STU-12684,27.0,5.84,88.75,4.9,100.0,7.24,4.84,No,Contador Auditor,4.36
STU-10246,21.0,10.35,76.82,5.31,82.57,5.92,8.27,Sí,Ingeniería Industrial,4.17
STU-10250,23.0,1.91,79.14,5.65,60.33,7.24,10.77,No,Ingeniería Civil,3.97
STU-14631,25.0,10.0,79.99,5.27,74.26,8.43,3.63,Sí,Ingeniería Informática,3.9
STU-10434,21.0,9.01,78.29,4.73,56.52,8.95,,No,Contador Auditor,2.86
STU-13703,29.0,9.95,100.0,,92.03,7.76,10.99,Sí,Ingeniería Civil,4.51
STU-13724,18.0,18.05,81.1,4.99,100.0,7.37,4.05,No,Administración,4.34
STU-11326,22.0,12.8,74.25,6.02,87.58,6.43,6.95,Sí,,4.27
STU-14661,29.0,9.78,100.0,6.02,100.0,6.5,7.16,Sí,Ingeniería Industrial,4.6
STU-11627,27.0,11.55,,5.0,75.58,7.75,2.4,No,Ingeniería Civil,3.27
STU-12306,30.0,,,4.15,63.09,6.69,4.52,No,Ingeniería Civil,1.44
STU-12405,26.0,3.27,65.93,6.51,58.36,8.46,10.73,Sí,Ingeniería Civil,5.05
STU-12139,27.0,5.97,73.83,4.42,60.29,4.82,9.42,No,Administración,2.67
STU-11358,25.0,10.88,96.13,5.77,83.52,6.96,14.67,No,Contador Auditor,4.3
STU-10956,19.0,23.19,100.0,5.96,100.0,7.87,5.53,No,Contador Auditor,5.03
STU-12457,23.0,13.2,87.34,5.77,92.25,9.04,7.5,No,Ingeniería Civil,4.52
STU-10938,24.0,8.73,99.01,6.3,96.44,6.33,7.47,No,Administración,5.41
STU-14234,29.0,4.17,,4.73,80.81,7.79,8.96,Sí,Administración,1.84
STU-11535,31.0,,84.77,4.36,72.01,8.3,13.44,Sí,Ingeniería Industrial,3.42
STU-10222,25.0,1.62,77.32,5.03,81.82,5.46,1.36,No,Ingeniería Industrial,2.21
STU-11859,23.0,19.07,82.8,6.49,100.0,6.63,9.36,Sí,Ingeniería Industrial,5.18
STU-11717,24.0,9.0,87.8,5.63,62.06,8.22,2.16,No,Ingeniería Civil,3.41
STU-13844,26.0,13.48,86.26,4.87,84.85,5.63,6.14,No,Contador Auditor,4.0
STU-10403,20.0,18.63,91.73,5.34,100.0,4.92,2.39,No,Ingeniería Civil,4.02
STU-14294,21.0,10.41,80.91,5.14,100.0,9.39,6.5,Sí,Ingeniería Informática,5.01
STU-13642,24.0,21.6,97.79,5.85,100.0,7.03,1.64,No,Ingeniería Civil,4.85
STU-14159,18.0,10.88,90.88,4.57,77.14,6.51,13.24,Sí,Ingeniería Informática,3.26
STU-13801,25.0,16.22,94.73,,100.0,4.6,3.69,No,Administración,5.44
STU-11445,18.0,16.98,97.61,5.33,100.0,4.32,4.96,No,Administración,5.08
STU-12410,20.0,5.17,62.01,4.58,59.32,7.69,5.37,No,Ingeniería Industrial,2.43
STU-10763,22.0,23.36,83.6,7.0,100.0,7.83,7.8,Sí,Ingeniería Informática,6.32
STU-13533,18.0,15.62,81.0,6.13,73.3,,2.5,No,Ingeniería Civil,4.63
STU-13296,21.0,14.72,79.87,6.45,100.0,7.28,11.84,No,Administración,5.18
STU-12894,29.0,6.27,82.66,5.53,94.31,6.45,3.91,No,Ingeniería Informática,3.5
STU-10582,22.0,16.71,84.22,6.85,94.05,5.49,8.84,Sí,Ingeniería Industrial,5.13
STU-13500,23.0,6.73,79.74,5.7,72.16,7.47,,Sí,Ingeniería Informática,3.71
STU-12433,30.0,17.4,85.38,5.74,82.69,6.37,5.23,No,Ingeniería Industrial,4.85
STU-14955,22.0,14.8,99.71,6.13,96.01,5.46,4.02,No,Ingeniería Informática,5.18
STU-14679,24.0,23.81,100.0,6.52,100.0,6.53,6.62,No,Administración,5.74
STU-13169,28.0,,72.23,4.8,100.0,7.73,7.68,Sí,Ingeniería Civil,2.76
STU-11412,27.0,12.01,98.59,5.26,85.61,5.8,4.85,No,Ingeniería Informática,3.88
STU-12317,22.0,13.63,79.91,5.65,,9.0,18.0,Sí,Ingeniería Informática,4.83
STU-11060,28.0,20.18,100.0,,100.0,8.08,2.23,Sí,Ingeniería Industrial,5.18
STU-14385,18.0,5.22,74.15,5.78,74.1,9.65,4.39,No,Ingeniería Informática,3.74
STU-13828,28.0,8.0,78.93,4.65,55.89,5.84,4.28,No,Ingeniería Industrial,2.62
STU-13248,21.0,9.41,70.7,5.79,62.38,5.49,11.34,Sí,Ingeniería Civil,3.15
STU-12357,27.0,8.25,92.17,5.11,78.43,7.44,4.92,Sí,Administración,4.57
STU-13520,22.0,8.98,91.23,5.66,81.37,7.65,7.5,No,Ingeniería Informática,3.99
STU-10419,19.0,10.06,75.91,4.85,100.0,7.43,3.51,No,INGENIERÍA INFORMÁTICA,4.13
STU-12020,22.0,20.55,92.22,6.93,100.0,9.12,4.88,No,Contador Auditor,5.65
STU-13435,18.0,19.57,100.0,5.87,88.0,7.77,3.97,No,Ingeniería Informática,4.29
STU-12526,27.0,16.23,92.34,6.17,,6.74,8.07,No,Administración,5.49
STU-11431,31.0,12.09,66.17,4.44,95.57,9.48,2.39,No,Ingeniería Civil,3.08
STU-14371,24.0,6.27,70.08,4.14,55.39,7.06,5.1,Sí,Ingeniería Informática,2.39
STU-10270,24.0,4.47,97.55,5.1,54.27,8.11,5.24,Sí,Ingeniería Informática,3.21
STU-11124,23.0,14.21,94.37,5.38,86.04,6.55,12.01,No,Ingeniería Industrial,4.38
STU-10852,18.0,18.73,86.75,6.82,100.0,7.23,9.77,Sí,Ingeniería Civil,5.42
STU-10901,24.0,7.02,80.26,5.95,87.53,9.99,2.43,Sí,Ingeniería Industrial,5.58
STU-13491,25.0,17.32,86.41,6.26,100.0,5.46,7.4,Sí,Ingeniería Informática,4.48
STU-14751,23.0,15.33,91.28,6.15,85.28,8.14,6.45,No,Contador Auditor,5.04
STU-14014,29.0,8.19,77.33,5.75,,5.91,3.72,No,Ingeniería Civil,3.09
STU-10593,23.0,18.68,88.64,6.69,100.0,5.34,68.11627822096953,Sí,Ingeniería Industrial,4.91
STU-11687,25.0,5.94,74.35,5.05,62.83,7.02,4.68,No,Ingeniería Informática,2.19
STU-13121,23.0,6.75,66.38,3.55,70.09,7.22,2.78,No,Ingeniería Informática,2.84
STU-11498,18.0,13.13,67.57,5.75,87.72,7.53,11.55,No,Ingeniería Industrial,3.69
STU-10510,29.0,19.87,96.65,6.44,100.0,5.4,3.65,Sí,Administración,5.89
STU-14183,25.0,19.8,100.0,5.9,93.62,8.67,3.96,No,Contador Auditor,5.13
STU-13581,22.0,13.81,85.89,4.44,100.0,5.65,1.62,No,Contador Auditor,3.09
STU-12129,25.0,6.02,73.45,6.17,81.41,7.0,8.68,,Administración,3.19
STU-10390,26.0,14.56,79.04,5.89,100.0,9.01,2.79,Sí,Ingeniería Informática,4.61
STU-10574,23.0,13.86,82.19,5.44,91.06,6.98,8.73,No,Ingeniería Civil,4.49
STU-12767,20.0,5.18,82.56,5.59,81.79,6.63,9.14,Sí,Administración,4.08
STU-11937,24.0,,88.18,5.87,81.17,5.24,7.55,No,Ingeniería Informática,4.77
STU-14010,20.0,17.05,75.73,7.0,100.0,6.42,3.62,No,Ingeniería Informática,4.61
STU-14848,20.0,9.39,86.0,4.98,82.36,5.08,6.65,Sí,Ingeniería Civil,4.19
STU-14011,25.0,5.96,81.5,5.39,75.05,5.73,4.6,Sí,Contador Auditor,3.77
STU-11150,22.0,13.56,94.71,6.38,85.33,7.72,12.16,Sí,Ingeniería Informática,5.96
STU-13651,25.0,19.18,66.0,5.25,100.0,7.34,5.51,No,Administración,4.74
STU-14882,27.0,19.92,97.09,7.0,100.0,6.65,3.69,No,Contador Auditor,5.05
STU-13794,25.0,14.43,83.4,4.59,100.0,6.45,6.54,No,Ingeniería Civil,3.99
STU-10494,18.0,6.33,84.4,5.35,59.79,6.19,4.34,No,Administración,2.97
STU-10435,29.0,14.74,86.7,5.88,71.72,8.19,4.19,No,Ingeniería Informática,4.41
STU-13045,20.0,,88.31,5.61,91.03,6.91,2.81,No,,4.3
STU-13425,24.0,4.47,89.32,6.71,80.23,9.13,3.98,No,Ingeniería Industrial,4.58
STU-11146,25.0,11.34,75.32,6.12,98.2,6.58,7.97,Sí,Ingeniería Informática,4.21
STU-12411,24.0,21.54,91.43,5.65,100.0,8.06,4.23,No,Contador Auditor,5.95
STU-13476,27.0,16.27,92.7,5.49,100.0,5.83,5.11,Sí,Ingeniería Industrial,4.37
STU-12872,,12.2,80.96,5.54,81.02,6.82,1.53,No,Ingeniería Civil,-1.3282449633042135
STU-13130,19.0,9.42,,6.2,79.58,6.07,6.66,Sí,Ingeniería Informática,3.9
STU-13931,25.0,1.0,67.97,4.47,53.34,5.97,11.03,Sí,,2.38
STU-13115,19.0,12.61,80.42,5.23,82.43,8.15,6.66,No,Administración,3.66
STU-10294,20.0,14.8,88.85,5.72,100.0,8.93,2.43,Sí,Ingeniería Civil,4.82
STU-14185,20.0,15.09,77.67,4.56,91.15,9.13,7.51,No,Ingeniería Informática,4.08
STU-11784,24.0,7.51,69.15,5.72,91.95,8.4,2.2,Sí,Contador Auditor,3.89
STU-11157,24.0,5.35,75.07,6.29,59.73,6.73,3.62,No,Ingeniería Informática,3.08
STU-12760,,,79.25,4.82,100.0,5.68,5.61,Sí,Ingeniería Informática,3.88
STU-13823,18.0,15.55,93.09,6.45,90.98,6.18,1.08,No,Ingeniería Industrial,3.97
STU-11147,18.0,14.57,,6.29,86.94,9.58,1.52,No,Ingeniería Industrial,4.89
STU-11063,22.0,10.55,89.73,5.01,90.73,6.11,13.77,Sí,Ingeniería Industrial,3.7
STU-10491,26.0,10.0,79.14,3.95,77.74,5.23,4.01,No,Ingeniería Civil,3.48
STU-10746,29.0,10.14,68.4,5.3,85.58,6.14,2.58,No,Administración,3.65
STU-11923,28.0,8.52,73.74,5.49,78.27,9.15,5.1,NO,Ingeniería Civil,3.53
STU-10815,18.0,23.87,,5.99,100.0,7.7,10.72,No,Ingeniería Industrial,6.14
STU-12060,18.0,5.98,75.65,4.53,75.88,8.08,3.44,No,Ingeniería Civil,3.33
STU-11930,22.0,7.92,85.59,,73.95,7.75,6.98,No,Administración,3.56
STU-12658,28.0,18.53,84.8,5.96,100.0,5.29,2.19,Sí,Administración,3.76
STU-10790,19.0,19.07,100.0,5.72,100.0,7.45,9.62,No,Ingeniería Civil,4.72
STU-11849,21.0,8.6,75.22,5.55,71.97,7.99,9.44,Sí,Ingeniería Industrial,4.16
STU-12070,,17.93,99.18,7.0,100.0,6.85,5.95,Sí,Ingeniería Industrial,6.45
STU-14782,20.0,5.34,81.48,4.98,91.73,6.16,3.86,No,Contador Auditor,3.67
STU-13614,25.0,16.36,82.57,5.79,100.0,5.15,3.63,No,Ingeniería Informática,4.76
STU-11176,21.0,15.1,96.17,6.36,100.0,6.89,1.8,No,Ingeniería Informática,4.68
STU-10932,18.0,18.07,87.71,5.55,100.0,8.11,9.95,No,Administración,4.63
STU-12499,33.0,14.13,80.0,5.67,,5.2,5.06,No,Administración,4.46
STU-12876,18.0,6.0,100.0,5.01,50.05,6.36,6.48,,Administración,3.08
STU-13111,19.0,67.21782042142212,,5.89,89.77,6.35,5.01,No,Ingeniería Civil,4.94
STU-10339,22.0,2.69,68.53,4.58,55.68,8.53,3.61,Sí,Administración,2.91
STU-13548,29.0,16.85,90.69,6.49,,7.09,3.45,Sí,Administración,5.91
STU-14328,24.0,21.41,88.11,5.49,100.0,7.98,11.49,Sí,Contador Auditor,5.58
STU-10822,20.0,14.12,100.0,6.19,96.25,6.65,4.77,No,Ingeniería Informática,4.65
STU-11127,23.0,14.54,82.25,4.73,100.0,5.61,2.95,No,Administración,3.44
STU-14694,24.0,,82.97,5.97,87.76,5.86,5.6,No,Ingeniería Civil,4.29
STU-14247,24.0,18.1,93.44,6.49,100.0,6.61,3.15,Sí,Ingeniería Civil,4.75
STU-14642,20.0,11.9,82.23,5.37,94.55,7.52,5.42,No,Contador Auditor,3.96
STU-12207,19.0,3.83,77.6,5.42,68.26,9.26,2.64,No,Administración,3.0
STU-12214,22.0,10.32,81.9,4.95,78.12,6.22,3.16,No,Ingeniería Civil,2.3
STU-10197,18.0,7.12,77.32,4.94,,5.42,13.18,Sí,Administración,3.85
STU-12613,29.0,11.27,74.07,6.45,85.15,,1.34,No,Contador Auditor,4.01
STU-11536,22.0,10.45,84.92,5.06,87.97,7.52,11.93,No,Ingeniería Informática,4.06
STU-11392,29.0,13.87,98.58,6.88,100.0,6.44,5.47,Sí,Ingeniería Civil,5.28
STU-12358,26.0,14.6,100.0,6.04,100.0,6.78,2.65,No,Ingeniería Industrial,5.29
STU-10930,18.0,6.48,87.07,5.5,75.75,7.35,13.02,,Ingeniería Informática,3.05
STU-14461,28.0,11.88,80.41,5.61,76.94,7.33,48.61683508748275,No,Contador Auditor,4.06
STU-14432,22.0,12.77,100.0,6.07,80.46,7.13,5.67,No,Ingeniería Informática,4.57
STU-14920,19.0,15.61,79.02,,96.07,5.33,12.2,No,Ingeniería Informática,5.25
STU-13444,19.0,7.78,78.6,6.39,64.66,9.31,6.1,No,Ingeniería Industrial,4.57
STU-13339,27.0,12.78,91.85,5.77,90.23,8.62,5.69,Sí,Ingeniería Industrial,4.79
STU-12474,19.0,,,5.78,84.59,6.35,11.15,No,Ingeniería Civil,4.22
STU-14599,29.0,13.79,96.5,6.05,89.12,6.44,4.71,No,Ingeniería Industrial,5.03
STU-13366,27.0,8.77,79.03,6.32,59.55,5.99,1.59,Sí,Contador Auditor,3.82
STU-14986,28.0,18.65,100.0,6.48,100.0,6.83,7.03,No,Ingeniería Informática,5.96
STU-12257,22.0,14.37,92.14,5.32,81.65,6.33,10.44,No,Ingeniería Informática,4.59
STU-14566,24.0,13.89,74.36,6.21,100.0,9.32,5.49,Sí,Ingeniería Informática,4.84
STU-14554,18.0,13.46,87.27,4.93,89.28,5.04,4.33,No,Ingeniería Industrial,3.9
STU-10969,33.0,16.29,100.0,5.71,77.37,7.13,1.82,No,Ingeniería Informática,4.68
STU-11429,28.0,8.65,97.98,6.51,87.66,6.9,5.59,No,Ingeniería Industrial,5.62
STU-14042,27.0,1.94,72.9,5.02,50.04,7.49,4.13,Sí,Ingeniería Civil,3.19
STU-14688,25.0,11.55,72.2,6.31,90.69,7.58,15.09,Sí,Ingeniería Informática,4.38
STU-12048,19.0,16.7,82.52,5.62,99.82,10.11,1.91,No,Contador Auditor,5.01
STU-10551,19.0,11.22,88.18,6.14,88.89,7.71,5.06,No,Ingeniería Civil,4.24
STU-11468,20.0,12.92,79.29,5.99,83.07,8.38,8.16,No,Ingeniería Industrial,3.64
STU-12832,22.0,6.0,90.47,5.62,80.53,7.95,,Sí,Ingeniería Civil,3.93
STU-12407,25.0,13.01,94.77,5.11,95.42,8.6,2.02,Sí,Contador Auditor,5.35
STU-13587,27.0,12.94,,5.07,90.99,5.14,3.13,No,Ingeniería Informática,4.03
STU-10888,18.0,17.3,100.0,5.31,100.0,6.69,3.8,No,Administración,5.56
STU-11277,25.0,8.14,96.07,5.66,85.94,6.94,8.44,Sí,Ingeniería Civil,5.1
STU-11635,22.0,17.39,98.01,7.0,100.0,8.6,9.12,No,Ingeniería Civil,6.39
STU-12751,21.0,12.36,98.79,6.07,82.51,5.01,2.95,Sí,Ingeniería Civil,5.12
STU-13197,28.0,20.14,95.75,6.14,100.0,8.08,7.28,Sí,Ingeniería Industrial,5.97
STU-12679,31.0,25.22,98.24,,100.0,5.28,2.57,No,Ingeniería Informática,5.45
STU-12341,24.0,10.65,84.47,6.6,62.28,8.01,15.01,No,Ingeniería Civil,3.95
STU-13510,18.0,12.15,83.68,6.29,76.1,8.17,8.85,No,Ingeniería Industrial,4.78
STU-14780,30.0,18.44,83.69,5.93,100.0,7.72,7.21,Sí,Ingeniería Civil,5.3
STU-12827,24.0,18.96,87.71,5.42,100.0,6.92,4.72,No,Ingeniería Industrial,5.01
STU-11867,26.0,24.47,93.04,6.79,100.0,7.98,16.47,No,Ingeniería Informática,6.43
STU-11926,28.0,9.94,86.42,,71.8,6.79,13.2,Sí,Ingeniería Industrial,4.47
STU-11291,23.0,14.13,95.36,5.45,100.0,7.56,8.36,No,Administración,4.52
STU-11177,19.0,81.17974039061642,92.48,5.98,68.88,9.46,7.04,Sí,Ingeniería Informática,4.86
STU-11912,22.0,21.33,88.73,6.8,100.0,4.62,,Sí,Ingeniería Informática,5.8
STU-14344,27.0,18.2,88.66,5.57,99.9,5.22,4.61,Sí,Ingeniería Civil,3.42
STU-13954,31.0,5.59,85.11,4.71,79.31,5.05,8.35,No,Administración,3.58
STU-14734,18.0,8.65,82.0,5.98,84.56,4.82,,No,Ingeniería Informática,3.82
STU-14835,27.0,17.57,93.99,5.7,95.06,7.19,5.98,No,Ingeniería Industrial,4.39
STU-13104,27.0,13.02,100.0,6.23,100.0,6.97,3.02,Sí,Administración,5.62
STU-11605,37.0,1.0,67.01,4.51,40.48,7.62,2.09,No,,1.12
STU-10916,21.0,,95.57,5.72,100.0,6.52,3.9,No,Ingeniería Industrial,5.14
STU-10233,32.0,10.47,89.67,6.4,99.67,5.98,3.53,Sí,Contador Auditor,4.62
STU-14411,30.0,15.15,100.0,5.99,100.0,6.34,12.93,No,Ingeniería Informática,4.72
STU-14653,26.0,15.88,99.26,7.0,100.0,6.34,4.12,Sí,Ingeniería Civil,5.75
STU-13052,19.0,18.04,80.83,5.72,,6.61,6.02,No,Ingeniería Industrial,5.15
STU-12450,26.0,16.4,,5.15,85.68,3.16,3.88,No,Ingeniería Informática,4.14
STU-12570,30.0,17.97,89.67,6.17,100.0,6.38,5.79,No,Ingeniería Informática,5.23
STU-10657,27.0,10.83,68.31,4.97,51.64,7.98,5.59,No,Contador Auditor,2.16
STU-10762,24.0,9.19,87.36,5.77,82.57,7.32,8.45,Sí,Ingeniería Civil,4.5
STU-14652,24.0,13.11,68.07,6.54,78.3,9.11,14.22,No,Ingeniería Informática,4.46
STU-10502,26.0,13.8,82.64,7.0,71.62,6.59,10.83,NO,Ingeniería Civil,4.22
STU-12195,27.0,,78.8,6.13,,9.19,5.02,No,Ingeniería Civil,5.0
STU-12386,25.0,15.49,100.0,5.25,99.46,7.41,7.25,No,Contador Auditor,4.85
STU-14283,31.0,11.55,95.73,5.75,,5.22,7.12,No,Ingeniería Industrial,4.54
STU-10445,27.0,8.5,97.59,5.8,84.2,6.57,7.56,No,Ingeniería Informática,3.89
STU-10056,27.0,15.77,72.14,5.4,100.0,7.6,4.09,Sí,Ingeniería Informática,4.16
STU-11043,22.0,9.04,85.18,6.74,71.19,8.64,3.33,No,Ingeniería Civil,4.03
STU-13264,,14.77,91.32,6.73,,6.67,2.93,No,Ingeniería Informática,7.82423796163143
STU-10330,25.0,14.09,88.27,5.22,97.85,6.27,3.05,No,Ingeniería Informática,3.43
STU-12168,18.0,8.1,80.87,5.77,80.88,5.0,16.66,No,Ingeniería Informática,4.35
STU-11825,24.0,11.6,88.93,6.5,100.0,9.92,3.86,No,Administración,4.8
STU-12660,23.0,9.54,84.72,4.74,86.71,6.56,9.54,No,Ingeniería Industrial,4.18
STU-14923,27.0,15.63,79.77,6.61,97.55,6.41,2.74,Sí,Ingeniería Civil,4.28
STU-11723,26.0,3.67,70.3,4.95,64.68,6.21,6.69,Sí,Ingeniería Informática,2.47
STU-14833,20.0,11.38,93.63,6.97,89.48,6.92,7.45,,Ingeniería Civil,5.27
STU-13094,19.0,19.56,90.19,6.84,90.72,6.26,8.54,Sí,Administración,5.16
STU-10292,21.0,15.47,64.32,4.57,93.49,7.92,5.74,No,Contador Auditor,3.78
STU-14066,21.0,11.39,100.0,7.0,96.38,7.24,11.29,Sí,Ingeniería Informática,6.11
STU-11913,28.0,1.85,57.13,4.08,74.65,7.98,10.97,Sí,Contador Auditor,2.48
STU-13458,27.0,10.48,89.96,6.79,93.55,6.31,3.17,No,Ingeniería Industrial,4.85
STU-14788,21.0,3.8,85.67,6.17,,5.95,5.28,No,Contador Auditor,3.8
STU-12851,26.0,8.65,86.6,5.35,86.05,6.47,3.23,No,Administración,4.38
STU-10123,18.0,15.93,100.0,6.56,100.0,5.28,2.69,No,Ingeniería informática ,5.01
STU-14959,24.0,9.49,77.33,5.3,66.87,8.4,7.75,No,Ingeniería Industrial,3.1
STU-12975,22.0,17.25,97.9,7.0,100.0,6.95,7.4,No,Contador Auditor,5.3
STU-14110,23.0,12.08,75.37,4.78,80.53,7.94,3.07,No,Ingeniería Informática,3.07
STU-14561,21.0,13.0,62.49,5.64,87.45,5.89,8.0,No,Ingeniería Civil,3.48
STU-11010,22.0,8.76,,5.48,74.47,8.22,6.4,No,Administración,3.56
STU-14747,19.0,9.82,91.18,5.58,88.43,7.01,2.77,No,INGENIERÍA INFORMÁTICA,4.79
STU-11906,27.0,5.37,62.39,4.15,83.38,,4.59,No,,3.24
STU-13914,21.0,16.87,95.61,6.39,100.0,9.31,,Sí,,5.98
STU-10644,29.0,13.84,86.91,6.29,94.94,4.08,4.07,Sí,Ingeniería Industrial,5.28
STU-11200,21.0,6.4,89.63,4.88,78.59,8.05,4.13,No,Ingeniería Informática,3.95
STU-12099,25.0,3.79,65.71,4.91,68.96,,4.14,No,Ingeniería Civil,2.2
STU-14621,24.0,6.9,85.1,5.55,84.14,7.81,7.18,No,Ingeniería Industrial,4.29
STU-14416,27.0,7.27,,7.0,60.62,6.74,3.26,No,Ingeniería Industrial,3.49
STU-12530,27.0,9.17,82.9,5.81,80.86,8.49,8.78,No,Ingeniería Informática,4.59
STU-10006,30.0,14.08,83.58,6.06,78.01,7.6,9.42,No,Ingeniería Informática,5.49
STU-11470,25.0,8.57,80.04,5.84,63.83,8.0,8.54,No,ADMINISTRACIÓN ,3.09
STU-10726,25.0,8.7,89.13,4.88,53.4,6.7,3.24,No,Ingeniería Industrial,2.46
STU-13160,26.0,6.92,71.45,5.3,80.29,7.29,7.93,No,Ingeniería Informática,3.47
STU-13554,24.0,15.92,87.21,6.31,100.0,6.72,2.26,No,Ingeniería Informática,5.21
STU-12678,20.0,,100.0,6.15,88.07,8.31,5.69,Sí,Ingeniería Industrial,4.95
STU-14511,25.0,1.0,80.35,6.23,62.96,6.42,14.12,No,Ingeniería Civil,2.6
STU-12326,25.0,11.31,91.77,4.24,100.0,7.24,6.22,No,Contador Auditor,3.29
STU-14560,19.0,12.92,82.69,5.85,100.0,5.99,5.17,No,Ingeniería Informática,4.63
STU-13377,27.0,,90.48,6.62,100.0,5.89,4.61,No,Ingeniería Industrial,5.18
STU-12976,29.0,12.79,93.93,6.75,76.81,7.53,7.87,No,Ingeniería Civil,4.83
STU-14316,25.0,4.9,84.51,4.43,74.17,6.56,5.14,No,Administración,2.9
STU-12348,24.0,18.82,83.05,6.16,100.0,6.2,8.92,Sí,Ingeniería Industrial,5.36
STU-10597,24.0,13.33,86.52,5.43,92.72,6.76,1.83,No,Ingeniería Informática,3.74
STU-12505,27.0,10.76,91.69,5.67,90.21,6.71,16.82,No,Ingeniería Civil,4.66
STU-11144,24.0,12.51,99.15,6.76,66.59,7.83,3.64,No,Ingeniería Informática,5.43
STU-13058,18.0,13.85,74.12,4.8,94.69,7.02,5.16,No,Ingeniería Civil,3.55
STU-11734,22.0,11.57,78.88,4.41,82.99,8.12,4.35,Sí,Ingeniería Industrial,2.73
STU-10488,18.0,2.43,59.94,4.53,69.7,7.04,3.31,No,Ingeniería Industrial,1.65
STU-13005,20.0,10.76,80.56,6.05,79.67,7.05,5.57,Sí,Ingeniería Informática,4.47
STU-10295,23.0,9.87,76.99,4.88,73.35,,7.14,Sí,Ingeniería Industrial,4.12
STU-11870,30.0,12.01,80.45,5.44,79.6,6.18,10.94,Sí,Ingeniería Industrial,4.07
STU-10446,26.0,,90.89,5.51,90.48,7.83,13.38,Sí,Ingeniería Industrial,4.45
STU-13513,22.0,,63.21,6.36,72.96,7.28,2.03,No,Ingeniería Informática,3.41
STU-11704,21.0,15.04,86.71,5.37,86.21,5.02,,No,Ingeniería Industrial,3.66
STU-14615,20.0,15.04,81.15,5.79,100.0,7.51,2.68,No,Ingeniería Informática,4.51
STU-13676,29.0,17.1,85.54,5.72,100.0,7.96,7.04,Sí,Ingeniería Informática,4.96
STU-14776,22.0,4.4,91.6,6.43,75.92,5.23,0.96,No,Ingeniería Industrial,2.67
STU-14592,24.0,17.74,80.75,5.9,98.91,7.95,4.41,,Ingeniería Informática,4.43
STU-12037,23.0,,87.55,3.79,72.69,8.71,13.81,No,Ingeniería Industrial,2.2
STU-10399,22.0,9.28,,5.75,75.8,7.64,6.17,No,Ingeniería Civil,3.53
STU-13897,20.0,,62.95,5.99,75.48,6.86,2.71,Sí,Contador Auditor,3.87
STU-11185,23.0,14.69,90.99,6.1,100.0,6.17,3.15,No,Ingeniería Informática,4.94
STU-13345,23.0,12.82,78.29,5.12,,7.91,5.96,Sí,Ingeniería Informática,4.35
STU-11606,24.0,13.77,88.37,3.73,89.9,6.35,4.21,No,Ingeniería Informática,3.33
STU-10352,18.0,5.87,89.78,5.35,77.43,6.89,,Sí,Ingeniería Industrial,3.45
STU-10808,25.0,10.98,81.25,6.44,63.35,6.89,8.38,No,Ingeniería Civil,3.14
STU-12178,,8.9,81.58,5.52,87.08,7.56,7.3,No,Ingeniería Informática,3.79
STU-13330,25.0,18.18,83.95,4.68,81.99,6.97,1.5,No,Ingeniería Civil,3.88
STU-14945,21.0,17.87,87.42,6.61,96.05,6.44,4.53,Sí,Ingeniería Industrial,4.55
STU-13438,20.0,12.85,100.0,6.61,95.49,5.47,6.98,No,Ingeniería Informática,5.07
STU-14182,25.0,18.42,92.9,5.68,78.31,7.79,2.39,,Ingeniería Informática,4.85
STU-14929,18.0,18.52,,7.0,100.0,6.96,,No,Ingeniería Informática,5.18
STU-13079,22.0,2.82,68.9,4.08,71.65,6.8,,Sí,Administración,2.61
STU-11598,29.0,9.33,87.82,5.33,79.55,5.32,8.01,Sí,Ingeniería Informática,4.23
STU-12486,27.0,8.77,96.2,5.28,90.04,7.22,9.79,No,Ingeniería Civil,3.95
STU-10544,20.0,10.77,100.0,6.15,92.15,6.69,12.05,Sí,Ingeniería Informática,5.31
STU-13261,26.0,12.87,71.37,6.4,85.55,7.5,5.84,Sí,Ingeniería Industrial,3.79
STU-11251,27.0,16.09,,5.71,92.81,5.79,5.41,No,Ingeniería Civil,4.24
STU-12488,28.0,12.88,93.0,6.45,100.0,7.4,3.49,No,Administración,4.21
STU-13303,22.0,5.93,86.05,5.24,80.28,6.55,7.69,No,Administración,3.0
STU-11620,18.0,5.5,76.35,4.64,71.68,7.35,2.96,No,Ingeniería Industrial,2.61
STU-13526,20.0,9.31,,5.66,88.68,7.42,4.01,No,Ingeniería Civil,4.21
STU-12442,27.0,11.79,91.74,6.74,86.89,5.88,7.24,No,Ingeniería Industrial,4.14
STU-14048,33.0,19.22,100.0,6.26,100.0,7.25,6.39,No,Contador Auditor,5.56
STU-13456,19.0,15.64,,6.62,100.0,5.92,5.26,Sí,Ingeniería Industrial,4.9
STU-12778,24.0,11.04,84.23,6.09,63.03,7.08,6.41,Sí,Administración,3.84
STU-12166,22.0,21.05,76.53,6.09,100.0,8.16,6.96,No,Ingeniería Informática,5.35
STU-12490,22.0,,86.89,5.93,81.36,7.29,1.81,No,Ingeniería Civil,4.04
STU-10891,21.0,14.66,84.25,,87.18,10.25,4.43,Sí,Ingeniería Informática,4.47
STU-10893,28.0,15.87,97.48,6.97,100.0,6.1,3.45,si,Administración,5.65
STU-10049,27.0,18.03,,5.32,97.74,3.56,8.19,Sí,Ingeniería Informática,4.19
STU-12582,22.0,9.19,76.56,5.98,72.92,6.18,6.69,No,Ingeniería Civil,3.36
STU-13034,20.0,9.01,65.48,5.62,82.15,7.59,3.43,No,Contador Auditor,3.27
STU-11976,21.0,9.28,71.76,4.38,72.28,7.84,3.69,No,Administración,3.23
STU-12011,32.0,9.78,75.33,5.06,54.27,8.24,7.89,No,Ingeniería Civil,3.03
STU-12083,27.0,2.66,69.65,5.1,56.15,7.8,7.46,No,Ingeniería Industrial,2.44
STU-12302,30.0,8.04,71.15,5.55,74.19,8.26,2.92,Sí,Administración,3.2
STU-13936,26.0,14.14,86.11,6.42,83.87,7.92,6.88,No,Ingeniería Industrial,4.64
STU-14288,19.0,8.85,96.92,5.52,63.81,8.02,3.58,No,Administración,4.32
STU-11237,23.0,9.81,59.11,4.17,84.31,7.41,6.1,Sí,,3.27
STU-14836,30.0,12.64,76.71,6.18,86.68,8.79,12.54,Sí,Contador Auditor,4.04
STU-11955,30.0,15.41,83.93,7.0,89.16,5.68,7.27,Sí,Ingeniería Industrial,4.88
STU-11765,18.0,11.72,72.02,5.75,92.77,5.36,4.12,Sí,Ingeniería Industrial,4.41
STU-14095,22.0,16.52,77.91,4.75,93.28,6.08,4.47,No,Administración,4.09
STU-13647,20.0,9.5,74.58,4.94,73.55,6.84,4.83,Sí,Contador Auditor,2.9
STU-12707,22.0,12.79,91.72,5.85,90.38,6.12,3.63,No,Ingeniería Informática,3.5
STU-11787,18.0,11.72,69.91,5.37,82.75,7.03,8.33,Sí,Ingeniería Civil,3.37
STU-12867,32.0,12.76,98.27,5.88,100.0,8.68,3.59,No,Ingeniería Civil,4.36
STU-10780,27.0,5.9,80.9,5.31,74.13,5.61,3.58,Sí,Ingeniería Civil,3.28
STU-14426,29.0,10.21,80.93,6.96,68.31,6.41,5.7,Sí,Ingeniería Informática,3.54
STU-11806,24.0,15.97,83.72,5.68,91.7,6.97,6.05,No,Ingeniería Informática,4.43
STU-10188,27.0,28.28,95.06,6.77,100.0,7.25,5.32,Sí,Administración,5.55
STU-12489,20.0,8.51,75.41,5.85,87.15,5.6,9.07,No,Contador Auditor,3.17
STU-13446,22.0,11.26,83.49,6.11,100.0,6.59,8.95,No,Administración,5.23
STU-12453,19.0,4.38,76.89,4.97,60.47,7.51,13.38,No,Administración,2.89
STU-14789,30.0,5.29,,4.86,74.78,6.35,8.8,Sí,Administración,3.39
STU-11253,21.0,9.63,78.26,4.68,82.51,7.83,5.7,No,Administración,3.68
STU-13545,25.0,14.15,90.39,6.17,98.42,6.13,11.48,Sí,Ingeniería Industrial,3.68
STU-14824,24.0,11.59,79.21,5.61,93.47,5.81,5.35,No,INGENIERÍA INFORMÁTICA,3.56
STU-13072,25.0,12.63,83.41,7.0,100.0,7.44,13.69,No,Ingeniería Civil,5.27
STU-14289,19.0,14.79,,5.31,89.99,8.59,16.53,No,Ingeniería Informática,5.21
STU-13961,25.0,9.44,84.97,5.72,72.36,4.56,5.31,No,Ingeniería Civil,3.81
STU-13237,26.0,8.26,88.74,5.1,61.22,7.39,4.81,No,Ingeniería Civil,3.59
STU-12631,25.0,17.45,83.44,5.96,97.23,5.58,8.29,No,Administración,4.66
STU-13187,25.0,12.02,92.01,6.1,100.0,8.78,7.88,No,Administración,5.3
STU-12813,22.0,15.58,100.0,6.58,,6.17,3.97,Sí,Ingeniería Civil,4.75
STU-13764,20.0,14.3,77.8,5.48,100.0,5.74,,No,Ingeniería Industrial,4.24
STU-11204,24.0,11.98,75.11,4.52,83.98,9.1,5.66,Sí,Administración,3.88
STU-13588,18.0,15.34,84.5,6.29,99.11,6.12,4.49,No,Ingeniería Industrial,5.12
STU-14105,29.0,16.5,96.46,5.83,100.0,8.87,3.96,No,Ingeniería Civil,5.38
STU-14697,23.0,14.35,96.58,6.02,100.0,8.46,10.03,No,Ingeniería Industrial,4.61
STU-12293,26.0,12.5,89.06,5.88,100.0,6.74,6.16,No,Ingeniería Industrial,4.36
STU-10707,29.0,12.2,76.01,5.09,89.13,6.64,3.26,No,Ingeniería Civil,4.13
STU-11612,25.0,9.25,75.72,,70.12,8.03,7.06,No,Ingeniería Informática,3.73
STU-12773,33.0,2.34,,5.33,48.08,6.72,7.64,No,Ingeniería Civil,2.69
STU-14757,28.0,17.44,100.0,6.73,83.29,6.45,7.47,No,Ingeniería Industrial,5.43
STU-12286,18.0,9.62,61.67,4.79,54.91,7.34,7.72,No,Ingeniería Informática,2.03
STU-11458,20.0,21.72,84.34,6.68,100.0,6.81,4.34,Sí,Ingeniería Informática,5.63
STU-11400,27.0,9.7,84.02,5.66,82.79,7.0,7.2,No,Administración,4.13
STU-14510,30.0,8.9,74.89,5.05,67.35,7.83,7.58,No,Administración,2.99
STU-11891,27.0,1.0,73.76,5.15,48.74,7.56,4.0,No,Ingeniería Civil,2.16
STU-10717,26.0,4.8,69.82,,73.85,9.53,10.81,No,Ingeniería Informática,3.99
STU-12273,19.0,,87.31,5.39,,8.86,13.04,Sí,Administración,4.3
STU-14151,19.0,1.0,85.44,6.64,,7.74,6.89,No,Ingeniería Civil,4.64
STU-11292,34.0,16.5,82.26,6.48,87.66,4.15,5.76,Sí,Administración,4.82
STU-13829,22.0,13.73,100.0,5.78,94.35,6.94,10.4,No,Ingeniería Industrial,4.79
STU-10723,33.0,5.92,76.4,5.94,55.88,7.77,3.0,No,Contador Auditor,2.92
STU-14951,26.0,7.3,83.61,4.74,100.0,9.1,3.21,No,Ingeniería Civil,4.29
STU-14779,22.0,15.94,94.4,5.29,83.63,6.43,9.39,No,Ingeniería Civil,3.81
STU-14407,18.0,13.11,92.5,6.15,100.0,7.96,5.71,No,Ingeniería Civil,5.42
STU-10457,18.0,9.52,89.22,4.73,93.4,7.36,7.08,Sí,Ingeniería Informática,4.25
STU-12079,20.0,,100.0,5.82,100.0,6.05,3.49,Sí,Ingeniería Industrial,4.93
STU-10915,25.0,11.33,57.47,5.21,83.52,5.5,7.32,No,Contador Auditor,3.11
STU-10038,23.0,17.05,100.0,6.66,100.0,8.47,6.82,Sí,Ingeniería Informática,6.48
STU-14240,20.0,10.77,99.28,5.29,96.64,5.45,6.32,No,Contador Auditor,4.47
STU-13336,18.0,11.89,98.44,6.35,97.57,8.4,8.51,Sí,Ingeniería Industrial,5.7
STU-10566,26.0,13.4,89.11,5.07,96.11,8.56,13.56,No,Ingeniería Industrial,4.55
STU-10432,25.0,10.01,90.04,4.86,91.56,6.27,7.57,No,Ingeniería Civil,3.95
STU-11161,18.0,12.63,78.22,4.78,87.9,5.95,11.14,No,Ingeniería Informática,3.68
STU-11482,18.0,12.25,67.01,5.86,87.18,7.22,8.61,Sí,Administración,4.07
STU-11931,23.0,18.78,83.66,6.96,100.0,7.22,4.81,No,Contador Auditor,4.64
STU-12590,27.0,8.55,83.49,4.75,84.91,8.3,14.78,Sí,Ingeniería Informática,3.86
STU-11404,21.0,10.8,85.85,,84.48,4.84,5.27,No,Ingeniería Informática,3.7
STU-12301,26.0,4.81,77.18,4.64,90.57,6.59,13.65,No,Ingeniería Industrial,2.8
STU-12604,,14.43,87.7,6.97,95.54,8.54,2.77,Sí,Ingeniería Civil,5.72
STU-13692,25.0,9.79,68.87,5.05,71.97,5.53,3.64,No,Contador Auditor,2.53
STU-13040,18.0,18.4,99.75,6.95,100.0,7.1,4.72,No,Ingenieria Informatica,6.15
STU-12015,27.0,16.98,64.4,6.19,83.64,8.37,,Sí,Ingeniería Informática,4.08
STU-12153,33.0,14.42,96.72,6.64,98.83,6.17,5.79,No,Ingeniería Industrial,4.35
STU-10456,35.0,12.82,92.86,6.26,100.0,7.85,7.3,No,Ingeniería Industrial,6.25
STU-13251,,14.2,96.94,5.64,100.0,8.42,1.14,Sí,Ingeniería Industrial,4.94
STU-12329,34.0,8.88,53.27,3.82,84.07,8.01,10.11,No,Ingeniería Industrial,2.36
STU-14799,28.0,12.26,91.99,6.0,91.63,5.2,13.3,No,Ingeniería Civil,4.98
STU-12703,18.0,9.02,80.85,5.27,,7.32,3.79,No,Ingeniería Civil,3.79
STU-10789,23.0,13.45,91.84,7.0,86.97,7.16,6.19,No,Ingeniería Industrial,4.74
STU-10493,18.0,11.25,83.44,4.37,80.85,7.17,10.46,No,Ingeniería Informática,3.27
STU-12206,25.0,9.02,72.04,,72.84,5.38,7.29,Sí,Ingeniería Industrial,3.44
STU-13883,22.0,12.03,83.22,4.23,98.07,5.1,5.48,Sí,Ingeniería Industrial,3.26
STU-12564,28.0,9.73,77.54,6.17,64.08,5.89,7.23,Sí,Ingeniería Industrial,3.44
STU-11407,27.0,9.45,70.59,5.54,72.04,8.06,4.22,No,Administración,3.77
STU-12727,25.0,14.33,95.16,5.73,78.12,6.44,5.74,No,Contador Auditor,4.15
STU-12330,22.0,,93.18,4.96,70.16,6.02,7.18,Sí,Contador Auditor,3.95
STU-14266,21.0,15.03,77.75,5.6,87.87,5.26,9.9,Sí,Ingeniería Civil,4.72
STU-13443,24.0,12.07,91.68,5.83,,5.79,7.82,No,,4.11
STU-12637,18.0,,81.64,6.0,92.73,,3.72,No,Administración,5.57
STU-10466,75.0,14.71,87.83,6.18,91.1,6.25,7.39,No,Contador Auditor,4.24
STU-13170,22.0,11.65,88.7,5.46,86.88,4.0,5.23,No,Administración,3.73
STU-12109,30.0,12.37,91.37,5.39,100.0,7.23,5.45,No,Ingeniería Informática,5.14
STU-12055,18.0,13.96,89.84,7.0,100.0,6.09,13.0,No,Ingeniería Informática,4.67
STU-10845,28.0,15.61,80.68,5.53,100.0,5.46,,Sí,Ingeniería Industrial,4.83
STU-14399,25.0,9.12,74.41,5.51,64.32,6.37,10.02,No,Contador Auditor,3.53
STU-11258,27.0,8.89,86.01,4.36,99.09,6.67,12.45,No,Ingeniería Industrial,2.82
STU-10681,18.0,12.59,82.29,5.53,89.32,6.45,9.4,Sí,Administración,3.91
STU-14870,20.0,17.0,98.93,6.45,93.5,6.35,8.84,Sí,Ingeniería Industrial,5.87
STU-12231,29.0,11.53,88.11,5.31,87.32,7.67,5.15,No,Ingeniería Informática,3.7
STU-13946,26.0,1.64,49.01,4.61,34.57,4.74,8.65,Sí,Ingeniería Civil,1.0
STU-11293,24.0,10.91,78.08,4.77,73.57,7.95,4.61,No,Ingeniería Informática,3.13
STU-14211,18.0,14.92,94.28,5.9,91.48,7.6,8.74,Sí,Ingeniería Industrial,4.69
STU-11766,26.0,8.65,82.83,5.3,92.34,8.1,5.88,Sí,Ingeniería Industrial,3.67
STU-13457,27.0,3.19,85.02,3.94,66.76,6.97,9.71,No,Ingeniería Informática,1.46
STU-13840,18.0,20.49,71.46,7.0,100.0,8.72,3.97,No,Ingeniería Informática,5.68
STU-11734,22.0,11.57,78.88,4.41,82.99,8.12,4.35,Sí,Ingeniería Industrial,2.73
STU-10275,,10.79,98.35,5.88,87.23,5.92,3.33,No,Administración,4.37
STU-13523,26.0,17.78,86.89,6.19,96.63,8.47,3.13,No,Ingeniería Informática,3.69
STU-12095,28.0,11.63,87.09,4.75,82.37,6.14,6.52,Sí,Ingeniería Informática,3.97
STU-11007,23.0,8.24,76.26,5.33,63.92,6.88,8.73,No,Ingeniería Civil,3.55
STU-11011,26.0,5.81,76.84,5.83,65.54,5.72,4.4,Sí,Ingeniería Industrial,3.08
STU-12381,18.0,8.1,96.43,6.6,82.51,8.94,7.11,No,Ingeniería Civil,4.39
STU-14588,21.0,11.31,68.95,5.0,87.04,6.8,6.54,No,Contador Auditor,2.64
STU-13793,25.0,17.68,100.0,6.31,100.0,7.66,4.03,No,Ingeniería Industrial,4.87
STU-10499,24.0,16.28,85.73,5.51,81.19,6.37,7.94,No,Contador Auditor,3.55
STU-14357,19.0,4.34,72.8,5.07,76.08,4.34,3.82,No,Ingeniería Informática,2.62
STU-13439,21.0,12.19,81.7,5.81,,6.49,6.06,Sí,Ingeniería Civil,3.65
STU-12030,21.0,11.61,77.42,5.34,77.61,6.62,2.86,Sí,Administración,4.16
STU-14004,21.0,20.58,95.48,5.59,100.0,-7.713497888808043,3.49,No,,5.03
STU-13788,19.0,5.3,74.52,6.69,60.07,5.7,5.57,Sí,Ingeniería Civil,3.69
STU-14438,26.0,22.98,99.74,7.0,100.0,5.4,5.84,No,Ingeniería Informática,5.64
STU-12061,28.0,7.79,81.6,5.64,81.65,7.93,7.42,No,Contador Auditor,3.94
STU-10497,23.0,9.27,86.92,5.88,98.96,6.87,10.63,No,Ingeniería Informática,4.42
STU-12973,31.0,10.12,78.58,6.61,75.96,8.06,5.74,No,Ingeniería Informática,4.45
STU-13098,22.0,9.28,88.32,5.02,80.07,7.83,5.58,No,Ingeniería Informática,3.81
STU-11809,27.0,16.38,96.5,6.37,83.96,6.36,7.13,Sí,Ingeniería Informática,4.65
STU-12439,19.0,4.84,71.3,5.85,70.1,7.86,,No,Ingeniería Informática,3.78
STU-10797,18.0,15.38,,,100.0,9.16,2.78,No,Ingeniería Civil,5.96
STU-11936,21.0,11.97,87.08,4.91,100.0,7.08,11.54,No,Ingeniería Industrial,3.31
STU-11034,25.0,5.85,86.0,6.93,52.3,6.68,6.53,Sí,Ingeniería Civil,4.14
STU-11104,20.0,11.2,73.71,5.99,87.51,6.11,3.87,No,Ingeniería Civil,3.9
STU-12868,18.0,1.0,64.35,5.5,71.8,5.34,5.43,No,Administracion,2.45
STU-12087,20.0,9.88,99.68,5.54,79.38,7.05,1.65,No,Ingeniería Civil,4.03
STU-12686,,12.56,96.93,5.09,100.0,7.19,1.69,No,Contador Auditor,4.76
STU-11184,22.0,12.4,65.59,6.78,80.95,7.12,9.0,Sí,Administración,4.73
STU-12937,27.0,9.62,60.9,7.0,63.23,7.32,8.23,Sí,Ingeniería Civil,3.46
STU-13928,32.0,12.27,92.63,6.41,100.0,8.78,14.13,No,Ingeniería Civil,5.31
STU-11823,22.0,9.26,58.9,4.96,80.12,7.95,5.02,No,Contador Auditor,2.92
STU-13543,24.0,17.06,89.83,4.96,100.0,6.76,7.77,No,Ingeniería Informática,4.47
STU-11821,18.0,8.96,88.49,4.84,80.84,5.64,7.73,No,Ingeniería Civil,3.42
STU-12053,29.0,13.83,88.59,5.1,79.28,8.38,6.8,No,Ingeniería Industrial,4.51
STU-13979,28.0,12.2,73.75,6.03,77.41,8.02,5.93,No,Ingeniería Civil,4.42
STU-12697,21.0,10.55,75.46,5.03,80.23,7.82,18.0,Sí,Administración,3.67
STU-10239,25.0,12.01,68.96,5.1,88.65,5.6,8.02,No,Ingeniería Industrial,4.04
STU-12529,19.0,14.33,69.19,5.18,71.03,7.86,5.55,Sí,Ingeniería Informática,3.06
STU-14007,28.0,19.52,100.0,7.0,100.0,6.92,11.49,Sí,Ingeniería Informática,5.09
STU-14647,24.0,2.43,88.81,5.06,52.68,8.41,3.14,Sí,Administración,3.6
STU-11462,24.0,20.53,100.0,5.48,100.0,8.16,10.49,No,Ingeniería Civil,5.16
STU-12971,21.0,27.51,100.0,7.0,100.0,7.03,6.69,Sí,Ingeniería Civil,6.5
STU-11839,31.0,20.66,100.0,7.0,100.0,6.78,8.03,No,Ingeniería Industrial,6.58
STU-14150,18.0,8.48,,5.96,86.22,7.27,9.05,No,Ingeniería Informática,4.6
STU-12379,31.0,10.16,86.22,6.69,74.04,8.23,,No,Ingeniería Informática,4.11
STU-10998,24.0,6.59,82.16,4.1,69.47,5.83,12.52,No,Ingeniería Industrial,3.06
STU-14245,22.0,16.09,97.1,6.08,100.0,7.24,4.77,Sí,Ingeniería Industrial,6.26
STU-10939,27.0,12.94,99.56,4.98,94.17,5.34,3.57,No,Ingeniería Industrial,4.14
STU-12077,28.0,15.45,99.97,7.0,100.0,5.63,8.43,No,Ingeniería Civil,4.57
STU-13600,22.0,7.05,94.91,5.42,82.64,6.18,3.53,No,Ingeniería Industrial,3.76
STU-13597,23.0,20.02,80.45,6.26,77.12,8.43,3.97,Sí,Ingeniería Industrial,5.76
STU-10206,24.0,13.09,89.97,5.86,99.24,8.87,4.99,No,Ingeniería Informática,4.24
STU-10886,19.0,14.57,100.0,5.42,99.23,6.62,7.19,No,Contador Auditor,3.9
STU-14772,22.0,10.54,78.51,5.42,84.49,9.08,4.09,Sí,Ingeniería Civil,3.65
STU-10826,26.0,15.21,86.11,4.83,96.58,6.72,5.66,No,Ingeniería Industrial,4.43
STU-12443,29.0,18.79,,,100.0,8.4,3.06,No,Contador Auditor,5.28
STU-11747,27.0,9.59,65.74,4.85,78.85,7.97,2.15,Sí,Administración,3.51
STU-14268,22.0,7.13,78.67,5.86,87.31,6.74,4.42,No,Ingeniería Civil,4.0
STU-12602,31.0,11.94,82.76,5.76,76.85,6.94,7.79,No,Ingeniería Industrial,3.42
STU-14084,28.0,7.18,82.97,5.6,77.96,6.81,10.86,SI,Ingeniería Informática,3.95
STU-13753,,15.21,89.64,6.51,,8.8,10.89,Sí,Ingeniería Industrial,4.88
STU-12002,24.0,13.7,96.83,5.33,100.0,8.65,4.73,No,Ingeniería Civil,5.23
STU-10651,18.0,22.43,97.63,6.68,100.0,9.03,10.25,Sí,Contador Auditor,6.24
STU-10945,25.0,17.77,100.0,7.0,100.0,4.58,7.46,No,Ingeniería Industrial,5.68
STU-11919,23.0,11.36,64.35,5.46,69.27,5.91,8.96,No,Ingeniería Informática,3.1
STU-11079,28.0,17.98,90.39,6.05,,7.0,4.23,No,Ingeniería Industrial,5.62
STU-10885,31.0,4.96,79.97,5.01,65.32,7.77,8.62,No,Ingeniería Informática,2.23
STU-12649,18.0,10.01,91.19,5.68,94.63,5.71,4.97,Sí,Ingeniería Civil,4.32
STU-14586,25.0,10.71,86.23,6.56,100.0,6.55,15.29,Sí,Ingeniería Informática,5.01
STU-13856,27.0,10.41,85.13,7.0,70.34,8.01,11.44,No,Administración,4.4
STU-12338,18.0,7.84,59.81,5.36,72.36,7.51,4.64,No,Ingeniería Civil,3.33
STU-10656,22.0,7.16,91.02,6.27,85.35,8.1,5.83,No,Ingeniería Civil,4.52
STU-10873,27.0,9.66,65.0,5.43,61.05,6.65,5.61,Sí,Administración,3.85
STU-13932,24.0,5.87,88.85,5.73,65.25,8.35,4.49,Sí,Ingeniería Informática,4.51
STU-14622,19.0,14.45,100.0,5.49,92.14,5.92,,No,Administración,4.42
STU-12128,18.0,16.53,78.26,7.0,98.18,6.97,4.57,Sí,Ingeniería Industrial,5.11
STU-14677,26.0,,87.44,4.17,83.2,8.82,,No,Ingeniería Informática,2.67
STU-13657,34.0,2.51,,4.66,69.17,4.21,3.32,Sí,Ingeniería Civil,2.43
STU-14340,18.0,12.92,84.9,5.79,88.1,,11.38,No,Ingeniería Informática,3.92
STU-12869,22.0,14.01,94.46,6.91,80.4,7.39,1.07,No,Ingeniería Industrial,5.08
STU-10240,20.0,12.36,68.58,4.74,81.68,7.25,,No,Ingeniería Civil,2.52
STU-14820,20.0,13.4,95.39,6.89,100.0,6.79,,Sí,Ingeniería Industrial,5.83
STU-14096,29.0,19.54,100.0,6.25,100.0,8.36,7.41,Sí,Administración,5.92
STU-12820,26.0,15.79,82.71,6.29,98.11,6.6,10.3,No,Ingeniería Informática,4.27
STU-10699,20.0,7.52,74.73,4.08,60.67,9.21,11.82,No,Ingeniería Informática,3.03
STU-14198,24.0,19.4,100.0,6.89,100.0,6.2,7.66,Sí,Ingeniería Civil,5.39
STU-14162,24.0,10.67,81.6,5.5,56.9,8.83,9.56,No,Ingeniería Informática,3.7
STU-13612,28.0,9.04,66.65,4.99,85.59,7.88,8.82,No,Ingeniería Informática,3.71
STU-14029,18.0,9.78,65.78,6.56,94.21,5.79,13.02,No,Contador Auditor,4.23
STU-10214,23.0,,100.0,,81.57,8.19,7.97,No ,Ingeniería Industrial,5.56
STU-12596,20.0,18.04,90.65,5.95,88.33,7.02,6.92,Sí,Ingeniería informática ,4.58
STU-13166,23.0,20.38,100.0,7.0,100.0,5.73,3.39,No,Ingeniería Informática,4.88
STU-13054,27.0,9.86,86.61,5.84,,7.59,11.84,Sí,Ingeniería Civil,4.19
STU-12371,29.0,1.41,73.45,3.67,56.29,7.22,8.51,No,Ingeniería Informática,2.3
STU-10235,24.0,21.65,100.0,6.02,100.0,8.57,6.47,No,Ingeniería Civil ,5.68
STU-13551,30.0,11.82,96.1,6.32,61.46,7.84,12.41,No,Ingeniería Informática,4.1
STU-13740,24.0,16.92,83.5,6.62,100.0,7.27,3.48,Sí,Contador Auditor,4.99
STU-10455,18.0,22.59,96.02,5.94,100.0,6.5,4.95,No,Administración,5.51
STU-13332,19.0,,78.31,5.71,80.7,7.23,12.74,Sí,Ingeniería Civil,4.23
STU-11819,70.0,7.7,84.57,6.15,57.35,6.41,7.06,No,Ingeniería Informática,3.41
STU-14249,21.0,10.83,82.86,5.68,89.52,8.01,11.95,Sí,Ingeniería Informática,4.85
STU-14854,26.0,9.74,86.88,4.84,94.03,6.99,4.74,No,Ingeniería Informática,3.8
STU-12817,40.0,14.79,91.67,6.62,100.0,7.22,2.95,si,Ingeniería Civil,5.82
STU-12313,18.0,8.32,100.0,5.58,89.15,8.41,3.91,No,Ingeniería Informática,4.28
STU-13114,34.0,1.65,80.08,5.12,53.23,7.69,1.15,No,Ingeniería Informática,2.9
STU-13694,24.0,17.78,88.28,6.61,100.0,8.07,5.67,No,Ingeniería Informática,5.11
STU-11224,21.0,14.86,73.16,4.61,100.0,8.34,9.14,No,Ingeniería Informática,2.87
STU-14388,29.0,15.02,97.88,5.48,93.86,5.0,7.75,No,Ingeniería Informática,4.99
STU-10756,23.0,13.84,63.89,5.6,,7.77,,Sí,Ingeniería Industrial,4.78
STU-11965,25.0,9.76,87.19,5.75,76.58,7.65,3.66,No,Ingeniería Civil,3.72
STU-11042,28.0,19.31,100.0,5.4,100.0,6.19,7.52,No,Ingeniería Informática,5.01
STU-13156,18.0,1.03,66.61,4.35,77.64,5.95,10.74,Sí,Ingeniería Industrial,2.56
STU-12812,18.0,11.34,70.17,6.13,91.49,6.49,3.2,No ,Contador Auditor,4.09
STU-12780,20.0,14.22,,6.96,100.0,7.66,5.57,Sí,Administración,5.17
STU-13239,24.0,6.33,71.6,5.83,56.77,,3.04,Sí,,3.37
STU-11343,29.0,12.01,77.9,7.0,68.86,7.09,2.62,Sí,Ingeniería Civil,4.73
STU-11816,21.0,15.95,77.08,5.72,75.88,6.2,9.69,Sí,Ingeniería Civil,4.04
STU-13865,20.0,9.07,91.74,5.31,82.52,6.24,9.39,No,Contador Auditor,3.7
STU-13036,23.0,15.53,93.01,5.1,100.0,6.63,14.51,No,Ingeniería Industrial,4.64
STU-12574,21.0,8.26,96.03,6.77,69.23,8.47,1.74,Sí,Ingeniería Civil,4.17
STU-14207,23.0,12.51,96.25,5.43,82.32,6.12,4.14,Sí,Contador Auditor,4.46
STU-14514,23.0,17.93,93.58,6.2,100.0,7.14,4.19,No,Ingeniería Industrial,5.06
STU-13697,31.0,2.91,77.51,5.75,67.58,7.41,6.21,No,Administración,3.65
STU-11698,26.0,11.13,,6.05,80.81,8.67,6.86,No,Ingeniería Industrial,4.31
STU-10616,19.0,15.69,69.45,6.82,100.0,8.18,6.5,No,Administración,5.05
STU-13580,21.0,6.69,77.95,5.09,67.58,4.66,2.52,Sí,Ingeniería Civil,3.28
STU-10156,25.0,16.92,95.77,6.78,100.0,7.98,3.71,Sí,Administración,5.82
STU-11183,28.0,11.7,,6.75,74.66,6.64,6.08,No,Ingeniería Industrial,4.76
STU-11041,25.0,14.96,95.34,6.01,100.0,8.12,8.19,No,Contador Auditor,5.99
STU-13437,,13.2,95.02,6.7,100.0,6.55,7.34,No,Ingeniería Industrial,5.12
STU-10366,24.0,7.13,62.08,5.15,76.94,7.52,4.73,Sí,Administración,1.65
STU-13744,25.0,6.7,59.52,5.96,58.68,3.75,8.06,No,Administración,2.62
STU-13256,23.0,10.35,67.17,5.48,74.5,6.4,5.44,No,Ingeniería Industrial,3.38
STU-14746,24.0,,83.8,5.83,,,4.74,No,Ingeniería Industrial,5.2
STU-14123,28.0,8.45,97.72,5.85,86.21,7.62,6.0,No,Ingeniería Industrial,3.79
STU-12676,19.0,12.92,100.0,6.83,100.0,6.31,3.43,No,Ingeniería Civil,4.61
STU-12047,25.0,14.11,92.12,5.2,98.5,7.04,12.8,Sí,Contador Auditor,4.41
STU-11573,22.0,13.97,80.69,4.96,99.48,5.24,2.21,No,Ingeniería Civil,3.83
STU-12663,21.0,21.65,100.0,7.0,100.0,7.79,3.72,No,Ingeniería Informática,6.15
STU-13790,30.0,13.67,84.98,5.95,99.98,5.39,9.94,Sí,Ingeniería Industrial,4.22
STU-11496,18.0,13.14,86.31,6.26,100.0,5.53,6.25,No,Ingeniería Informática,5.73
STU-11961,30.0,11.81,69.04,4.93,100.0,5.95,,No,Administración,3.49
STU-11035,21.0,1.0,68.13,5.01,64.95,7.09,9.16,No,Ingeniería Industrial,3.26
STU-14314,22.0,6.99,88.78,4.78,95.32,5.1,50.83263165888226,No,Ingeniería Informática,2.7
STU-13033,24.0,10.9,98.78,6.28,92.73,6.45,1.93,Sí,Ingeniería Informática,5.04
STU-10894,27.0,14.99,81.74,5.52,100.0,8.23,5.89,,Ingeniería Informática,5.09
STU-11756,22.0,9.51,98.04,5.63,81.62,7.41,3.71,No,Ingeniería Industrial,4.19
STU-14979,25.0,7.15,77.71,6.65,77.28,8.13,18.0,No,Administración,3.84
STU-10670,18.0,9.69,95.49,5.06,78.3,5.43,8.02,No,,3.16
STU-10465,21.0,18.53,,4.49,100.0,6.1,10.06,,Ingeniería Industrial,3.93
STU-12277,28.0,5.65,72.18,3.78,64.38,3.99,3.91,Sí,Ingeniería Informática,1.76
STU-12900,28.0,7.95,90.15,5.26,92.96,7.29,0.67,No,Administración,3.78
STU-14964,24.0,20.65,97.11,7.0,100.0,7.99,5.61,Sí,Administración,5.74
STU-12441,27.0,11.68,,5.3,88.74,5.68,3.1,No,Ingeniería Civil,4.26
STU-13820,18.0,10.4,81.38,6.53,64.45,8.72,,Sí,Administración,4.47
STU-14814,28.0,21.37,100.0,6.09,100.0,7.84,3.46,No,Ingeniería Informática,5.99
STU-11091,22.0,12.84,100.0,6.81,100.0,6.49,8.9,Sí,Administración,4.67
STU-10653,18.0,19.66,92.44,6.44,100.0,5.48,7.24,No,Ingeniería Industrial,5.49
STU-12008,28.0,8.4,100.0,5.8,78.33,8.41,7.11,No,Ingeniería Civil,3.87
STU-13750,18.0,7.64,93.92,,99.76,7.27,2.63,Sí,Ingeniería Informática,3.89
STU-11640,28.0,5.66,93.05,5.64,84.4,7.23,3.08,Sí,Ingeniería Industrial,4.16
STU-13454,33.0,16.78,84.19,5.94,97.62,7.73,3.86,No,Ingeniería Informática,5.0
STU-12225,23.0,7.03,87.45,6.12,72.64,6.53,7.92,Sí,Ingeniería Civil,4.25
STU-11772,19.0,18.64,93.56,5.01,100.0,7.23,9.9,No,Ingeniería Civil,4.26
STU-10043,22.0,2.34,78.24,4.75,35.87,7.79,2.44,No,Administración,1.78
STU-10958,20.0,4.79,72.96,,63.9,7.37,14.54,No,Administración,3.41
STU-11143,23.0,16.71,81.24,5.55,100.0,7.02,4.62,No,Ingeniería Informática,4.31
STU-14953,27.0,18.8,92.01,6.15,100.0,6.63,8.39,No,Ingeniería Informática,5.19
STU-12862,18.0,7.65,73.23,5.15,60.91,-6.725602525536003,6.36,No,Ingeniería Informática,3.4
STU-10626,,10.87,,4.32,75.27,8.6,5.33,No,Ingeniería Informática,3.45
STU-11805,21.0,4.45,80.25,4.74,71.19,6.81,4.39,No,Contador Auditor,2.88
STU-12836,28.0,11.22,82.86,5.54,76.87,7.76,11.28,Sí,Ingeniería Civil,3.73
STU-13929,26.0,13.72,83.69,6.87,79.47,6.86,1.39,No,Ingeniería Industrial,3.78
STU-11262,20.0,14.61,94.15,5.93,81.12,8.0,2.77,No,Ingeniería Industrial,4.46
STU-14082,22.0,13.88,81.77,5.63,95.04,7.39,6.17,No,Ingeniería Informática,4.59
STU-13933,22.0,14.27,84.94,5.8,100.0,5.66,6.11,No,Ingeniería Informática,4.67
STU-14348,26.0,8.65,95.01,5.73,76.16,5.84,10.27,Sí,Ingeniería Informática,4.0
STU-14693,20.0,7.16,61.42,5.55,54.32,5.56,2.28,No,Ingeniería Informática,2.59
STU-13656,31.0,14.08,100.0,6.15,100.0,6.5,3.75,No,Ingeniería Informática,5.02
STU-14094,24.0,19.15,100.0,6.69,100.0,7.04,2.4,Sí,Contador Auditor,4.91
STU-14398,25.0,19.09,79.63,6.08,100.0,5.54,18.0,Sí,Ingeniería Informática,5.32
STU-10280,20.0,10.89,67.5,4.58,59.38,5.1,8.33,No,Ingeniería Civil,2.47
STU-13451,28.0,8.03,100.0,4.81,97.66,7.04,7.78,No,Ingeniería Informática,3.67
STU-11269,23.0,17.91,89.15,5.93,100.0,8.66,5.49,No,Administración,5.05
STU-11956,26.0,7.77,76.93,4.95,,8.31,7.21,No,Contador Auditor,3.05
STU-11683,19.0,6.55,77.92,4.5,80.28,6.91,1.53,No,Ingeniería Industrial,3.02
STU-12914,26.0,11.94,73.22,,77.18,7.39,7.23,No,Ingeniería Informática,3.96
STU-11030,23.0,18.78,91.6,7.0,100.0,7.68,7.3,Sí,Ingeniería Industrial,5.59
STU-11072,24.0,9.03,88.42,5.84,75.61,6.6,4.19,No,Ingeniería Industrial,3.66
STU-10168,25.0,5.9,82.06,4.89,66.9,6.28,3.92,No,Ingeniería Informática,3.32
STU-14698,20.0,11.67,89.96,,85.77,7.59,8.17,No,Administración,4.82
STU-13633,26.0,14.72,,6.62,78.89,5.63,6.84,No,Contador Auditor,3.41
STU-11711,23.0,8.67,68.58,4.48,65.82,7.3,1.94,Sí,Contador Auditor,2.3
STU-14839,23.0,17.67,92.94,7.0,75.98,5.08,1.85,No,Ingeniería Informática,5.09
STU-10324,19.0,14.38,93.03,6.28,100.0,5.56,3.7,Sí,Ingeniería Industrial,5.39
STU-11180,27.0,17.2,91.73,5.07,98.35,7.05,4.92,Sí,Ingeniería Industrial,4.32
STU-14310,22.0,3.7,74.5,4.76,67.8,7.2,0.66,Sí,Administración,3.09
STU-10660,26.0,14.24,87.45,5.61,92.19,7.64,2.21,No,Contador Auditor,3.3
STU-11336,22.0,10.09,97.54,6.48,97.18,5.44,2.8,Sí,Ingeniería Informática,4.33
STU-10005,18.0,2.87,85.88,5.35,58.41,7.16,13.98,No,Administración,3.8
STU-12993,,12.64,74.76,6.48,86.56,7.06,7.26,No,Ingeniería Civil,5.29
STU-11523,24.0,13.86,92.24,5.53,100.0,7.24,4.35,No,Ingeniería Informática,4.76
STU-13995,23.0,12.39,85.02,5.4,72.59,9.66,17.17,No,Ingeniería Informática,4.34
STU-10903,33.0,18.04,70.45,4.72,88.29,6.16,3.78,Sí,Contador Auditor,3.8
STU-12788,25.0,13.09,80.22,6.24,83.12,7.71,4.5,Sí,Administración,4.34
STU-11317,24.0,12.55,75.62,5.96,94.86,7.35,4.07,No,Contador Auditor,3.91
STU-13426,,12.11,90.69,6.19,85.29,8.88,13.19,No,Ingeniería Civil,4.0
STU-11370,18.0,7.73,83.08,4.89,76.34,6.34,11.82,No,Ingeniería Civil,3.27
STU-11946,30.0,9.06,-1.9354685695112295,5.58,,7.29,6.36,No,Ingeniería Informática,3.85
STU-13142,22.0,5.43,63.21,5.09,75.03,6.37,9.69,No,Contador Auditor,2.21
STU-12991,36.0,21.22,88.27,5.88,100.0,7.43,5.35,No,Ingeniería Industrial,5.12
STU-11691,29.0,13.96,85.04,6.21,100.0,,9.31,No,Ingeniería Civil,4.36
STU-12347,22.0,9.2,78.03,5.61,,7.12,5.3,No,Ingeniería Civil,3.66
STU-12600,21.0,15.95,100.0,5.97,100.0,6.27,4.99,Sí,Ingeniería Civil,4.74
STU-13292,22.0,13.35,84.16,5.37,90.3,5.2,11.11,Sí,Administración,4.69
STU-12130,23.0,5.21,79.18,,62.11,6.0,9.67,Sí,Ingeniería Informática,2.97
STU-13175,18.0,19.08,96.38,6.84,97.61,7.33,,No,Ingeniería Informática,6.11
STU-10255,27.0,2.98,77.32,5.14,35.98,5.75,4.69,No,Ingeniería Industrial,1.62
STU-11773,29.0,15.39,81.06,5.95,95.03,6.17,4.66,Sí,Contador Auditor,4.78
STU-12586,22.0,6.2,66.05,5.7,51.28,4.3,5.15,No,Administración,2.83
STU-11522,18.0,16.5,87.4,5.9,100.0,6.84,1.57,No,Ingeniería Informática,4.67
STU-11775,23.0,17.03,88.04,5.62,97.42,5.47,3.53,No,Administración,4.7
STU-11748,23.0,10.48,79.68,4.14,99.11,4.96,5.22,No,Contador Auditor,3.63
STU-12683,23.0,9.32,91.86,6.51,80.28,5.07,4.29,No,Ingeniería Civil,3.79
STU-14481,21.0,8.17,81.37,4.58,67.34,6.49,11.86,No,Ingeniería Industrial,3.39
STU-12728,24.0,7.79,87.27,5.92,73.97,7.09,4.92,Sí,Ingeniería Industrial,3.66
STU-14412,18.0,17.98,100.0,6.78,97.98,5.3,6.69,Sí,Administración,6.84
STU-12471,22.0,13.69,73.12,4.93,100.0,7.99,7.97,Sí,Ingeniería Industrial,4.14
STU-11958,30.0,14.2,76.52,5.67,77.2,8.43,5.04,No,Ingeniería Civil,3.58
STU-14313,26.0,16.11,86.06,5.54,100.0,6.18,6.68,No,Ingeniería Industrial,4.75
STU-13751,24.0,16.33,90.25,6.6,100.0,8.43,7.6,Sí,Ingeniería Industrial,5.61
STU-14508,23.0,10.62,84.54,6.0,89.05,6.45,6.71,No,Ingeniería Industrial,4.44
STU-12308,24.0,11.11,84.17,7.0,85.58,4.42,4.58,No,Ingeniería Civil,4.24
STU-10879,29.0,11.13,79.01,5.75,94.1,7.28,7.59,No,Ingeniería Industrial,3.8
STU-14354,26.0,20.45,100.0,6.39,100.0,7.1,10.32,Sí,Ingeniería Civil,5.54
STU-13237,26.0,8.26,88.74,5.1,61.22,7.39,4.81,No,Ingeniería Civil,3.59
STU-11828,22.0,12.79,100.0,5.83,100.0,6.78,0.77,No,Ingeniería Industrial,4.36
STU-12569,28.0,13.43,65.37,6.03,,7.48,8.85,Sí,Administración,4.96
STU-10175,21.0,9.03,91.36,5.77,76.35,6.74,7.33,Sí,Ingeniería Industrial,4.24
STU-11022,18.0,15.23,80.81,,85.94,6.42,6.43,No,Ingeniería Civil,4.36
STU-13666,30.0,15.9,100.0,6.81,97.6,4.8,,No,Contador Auditor,5.71
STU-10872,20.0,3.45,100.0,4.67,56.8,6.73,3.3,No,Ingeniería Civil,2.86
STU-14361,19.0,9.54,,3.49,,8.05,2.38,No,Ingeniería Industrial,2.29
STU-10910,21.0,22.76,94.92,6.44,100.0,7.25,4.85,No,Administración,6.11
STU-11153,26.0,6.96,64.81,4.38,46.48,7.56,6.06,No,Ingeniería Informática,2.08
STU-12950,23.0,9.55,86.24,5.49,78.99,8.14,,Sí,Ingeniería Informática,4.07
STU-14218,22.0,20.78,100.0,6.54,100.0,4.87,8.39,No,Ingeniería Informática,5.88
STU-11376,26.0,12.87,89.82,5.57,100.0,9.39,4.59,No,Ingeniería Civil,4.31
STU-12393,24.0,9.73,93.89,4.77,88.57,7.62,9.63,Sí,Ingeniería Industrial,4.3
STU-11335,25.0,6.83,68.73,4.46,85.13,5.62,5.64,No,Ingeniería Civil,2.92
STU-10482,30.0,9.52,74.25,5.14,95.49,6.35,12.04,No,Ingeniería Industrial,4.11
STU-12853,24.0,16.4,90.97,6.91,100.0,4.6,5.27,No,Contador Auditor,4.49
STU-10942,25.0,2.09,,4.45,88.03,5.97,2.35,No,Ingeniería Informática,2.36
STU-14793,18.0,13.58,95.93,6.29,87.54,9.54,6.0,No,Ingeniería Industrial,4.63
STU-10992,29.0,9.67,70.14,4.74,79.3,6.52,12.7,No,Ingeniería Civil,2.4
STU-14480,18.0,12.76,72.03,,76.85,8.61,5.43,No,Ingeniería Civil,4.28
STU-14791,25.0,3.36,64.4,5.08,58.07,7.71,5.79,Sí,Contador Auditor,2.47
STU-11070,23.0,10.69,60.78,4.62,88.82,7.94,4.87,No,Ingeniería Civil,2.21
STU-11477,28.0,15.6,87.11,4.78,100.0,6.8,7.35,No,Ingeniería Informática,4.66
STU-10973,22.0,15.53,86.38,6.82,100.0,10.28,4.5,No,Ingeniería Industrial,5.36
STU-10970,19.0,11.12,73.3,5.51,86.11,-5.275487672207001,4.36,Sí,Ingeniería Informática,4.2
STU-12917,24.0,1.82,68.45,3.88,75.02,8.37,3.01,No,Ingeniería Industrial,2.04
STU-12669,23.0,14.5,91.09,5.42,100.0,7.94,10.51,Sí,Ingeniería Informática,4.36
STU-10755,22.0,8.86,69.49,5.96,73.76,3.73,5.68,No,Administración,3.2
STU-13269,22.0,10.92,73.7,5.52,77.09,6.47,5.42,Sí,Ingeniería Informática,3.93
STU-11901,23.0,15.98,100.0,7.0,100.0,8.25,9.75,No,Ingeniería Industrial,6.37
STU-11294,22.0,13.4,73.23,5.24,72.32,8.81,9.46,No,Ingeniería Industrial,3.63
STU-14874,21.0,,85.16,6.2,98.25,6.94,3.29,Sí,Administración,4.68
STU-12281,23.0,17.65,90.23,,100.0,6.4,7.13,No,Ingeniería Industrial,4.62
STU-12785,23.0,11.94,79.67,5.18,93.14,7.44,3.43,No,Ingeniería Industrial,4.19
STU-11286,21.0,16.15,71.45,5.19,96.04,7.67,1.04,No,Contador Auditor,3.29
STU-14008,32.0,14.48,82.79,6.0,100.0,5.83,11.86,Sí,Ingeniería Informática,3.75
STU-11689,32.0,9.47,87.22,5.47,,6.13,1.05,No,Ingeniería Civil,3.52
STU-12086,21.0,13.92,100.0,5.95,94.72,8.47,6.99,No,Ingeniería Informática,5.19
STU-14667,21.0,,88.03,6.11,93.86,6.85,5.17,No,Ingeniería Industrial,3.61
STU-11020,19.0,7.88,77.66,5.42,74.85,7.91,14.24,No,Ingeniería Civil,3.55
STU-10182,21.0,17.23,91.0,6.44,100.0,5.21,,Sí,Ingeniería Civil,4.95
STU-12989,18.0,19.6,86.62,6.12,100.0,4.73,8.16,No,Ingeniería Informática,4.89
STU-10820,20.0,9.56,79.35,5.89,60.35,5.57,6.88,No,Ingeniería Industrial,3.41
STU-14141,24.0,7.27,85.76,6.01,78.55,,6.78,No,Ingeniería Informática,3.13
STU-11179,25.0,12.25,90.44,5.5,84.0,7.36,6.87,Sí,Contador Auditor,3.51
STU-13664,23.0,10.26,94.21,4.81,,7.79,4.21,Sí,Ingeniería Industrial,4.45
STU-12193,21.0,9.08,89.8,5.9,72.6,7.92,5.0,No,Ingeniería Industrial,4.32
STU-10470,22.0,19.17,86.07,4.38,100.0,9.2,11.34,No,Ingeniería Civil,4.39
STU-10896,22.0,10.12,91.31,5.38,69.74,5.15,1.53,No,Ingeniería Civil,3.91
STU-12339,26.0,16.65,86.89,6.15,100.0,3.88,3.13,Sí,Ingeniería Industrial,3.61
STU-12927,25.0,9.32,93.96,4.74,93.72,7.76,4.83,No,Ingeniería Informática,4.48
STU-11478,29.0,2.47,80.78,5.71,74.09,5.87,5.82,Sí,Ingeniería Civil,3.27
STU-13202,18.0,11.45,89.4,5.9,87.91,7.46,5.25,Sí,Ingeniería Informática,4.59
STU-14697,23.0,14.35,96.58,6.02,100.0,8.46,10.03,No,Ingeniería Industrial,4.61
STU-10181,23.0,13.49,82.02,5.96,,5.82,3.37,Sí,Ingeniería Industrial,4.38
STU-13901,21.0,15.63,95.12,6.11,100.0,8.31,6.77,No,Ingeniería Informática,5.17
STU-10679,24.0,9.33,100.0,5.2,90.69,7.11,2.21,No,Administración,4.3
STU-12552,27.0,9.49,81.69,6.06,72.47,6.5,7.71,No,Ingeniería Civil,4.02
STU-14306,27.0,13.15,97.84,6.09,98.42,7.73,6.45,Sí,Ingeniería Civil,5.33
STU-11259,27.0,12.87,100.0,5.77,100.0,8.3,6.91,No,Contador Auditor,4.61
STU-13796,25.0,16.31,74.68,5.93,95.36,7.11,2.98,No,Ingeniería Industrial,4.04
STU-10557,22.0,10.05,88.61,5.34,80.12,9.39,6.02,No,Ingeniería Civil,4.33
STU-14362,19.0,12.35,76.0,5.68,70.6,5.79,5.73,No,Administración,3.09
STU-14180,28.0,6.26,98.62,6.25,79.74,6.46,,Sí,Administración,4.4
STU-10739,23.0,12.87,79.37,5.54,83.51,,3.82,No,Ingeniería Informática,4.62
STU-11319,26.0,14.09,83.25,5.45,86.86,7.35,6.16,No,Ingeniería Informática,3.95
STU-13321,20.0,13.64,92.12,5.11,87.21,5.5,9.46,Sí,Administración,3.6
STU-11211,21.0,,76.61,5.25,80.53,5.68,7.69,No,Ingeniería Industrial,4.24
STU-14842,23.0,11.91,96.46,5.91,90.52,7.55,13.31,No,Ingeniería Industrial,4.23
STU-11188,32.0,13.64,92.1,5.23,87.3,7.53,2.98,Sí,Administración,4.18
STU-10678,26.0,18.88,,5.87,100.0,6.55,4.54,SÍ ,Ingeniería Industrial,5.03
STU-14299,21.0,10.08,82.3,6.57,92.08,7.4,10.63,Sí,Ingeniería Civil,5.18
STU-12861,23.0,3.0,65.49,5.81,70.01,6.04,9.0,Sí,Contador Auditor,3.07
STU-12274,18.0,9.02,78.76,4.79,72.9,7.18,1.79,No,Ingeniería Civil,2.74
STU-11725,19.0,19.72,88.87,6.44,100.0,6.04,1.69,No,Ingeniería Industrial,5.29
STU-13418,31.0,6.83,78.99,5.77,76.77,6.15,3.85,Sí,Ingeniería Industrial,3.59
STU-13343,30.0,6.9,88.29,5.77,78.58,8.41,6.61,Sí,Administración,4.19
STU-11639,26.0,10.03,100.0,5.41,94.57,9.06,3.99,No,Ingeniería Civil,4.15
STU-12771,29.0,14.62,100.0,5.29,91.23,7.96,3.87,No,Ingeniería Informática,4.02
STU-10949,20.0,19.07,82.13,5.97,100.0,6.14,9.26,No,Administración,4.31
STU-14521,65.0,2.46,78.24,5.09,35.27,9.34,5.24,No,Ingeniería Informática,2.97
STU-10296,25.0,3.51,81.73,5.91,59.91,7.98,3.83,No,Ingeniería Informática,3.07
STU-13849,18.0,5.92,81.8,4.77,84.85,8.21,18.0,No,Ingeniería Industrial,3.26
STU-13015,26.0,14.06,79.53,6.03,86.38,4.6,5.65,No,Ingeniería Informática,4.17
STU-12380,26.0,10.26,,5.72,92.17,4.28,11.78,Sí,Ingeniería Civil,3.57
STU-13335,28.0,19.45,91.37,6.26,74.17,6.61,18.0,No,Ingeniería Civil,4.26
STU-14884,24.0,15.86,92.3,6.44,100.0,6.51,9.1,Sí,Ingeniería Industrial,4.92
STU-10952,24.0,20.67,84.4,7.0,100.0,6.8,3.87,Sí,Administración,5.46
STU-10413,31.0,17.34,90.99,5.06,93.59,8.21,16.14,No,Ingeniería Civil,4.32
STU-11790,23.0,21.43,91.9,6.9,100.0,7.04,7.77,No,Ingeniería Informática,5.11
STU-12169,,17.63,82.01,5.7,83.43,6.7,13.23,No,Ingeniería Informática,3.96
STU-13974,20.0,,77.7,4.59,58.02,8.84,7.96,No,Ingeniería Industrial,2.43
STU-13398,25.0,9.73,72.1,5.46,74.57,8.86,13.64,Sí,Ingeniería Industrial,3.65
STU-13678,26.0,13.49,92.41,6.22,91.59,8.16,11.29,Sí,Administración,4.84
STU-14349,21.0,11.36,81.38,6.83,85.25,6.61,59.42317850632177,Sí,Ingeniería Industrial,4.82
STU-13659,26.0,1.99,60.47,5.78,64.5,7.35,16.74,No ,Administración,2.39
STU-11908,24.0,16.64,92.89,6.88,96.35,6.77,9.15,Sí,Contador Auditor,5.08
STU-13342,26.0,19.42,82.62,6.03,97.67,7.78,5.7,No,Ingeniería Industrial,4.65
STU-12310,20.0,9.71,76.92,5.99,79.81,7.25,16.44,No,Ingeniería Civil,3.07
STU-14768,19.0,15.67,91.21,6.96,100.0,6.51,7.66,No,Ingeniería Informática,5.84
STU-10134,24.0,15.47,72.37,5.38,100.0,7.4,5.05,Sí,Ingeniería Civil,4.6
STU-10353,28.0,12.07,96.06,6.76,91.78,6.93,2.15,Sí,Ingeniería Informática,4.6
STU-10585,26.0,6.96,93.71,5.44,98.9,7.39,6.64,No,Ingeniería Industrial,4.12
STU-14083,25.0,9.13,80.01,5.39,98.82,7.21,6.49,Sí,Ingeniería Industrial,3.96
STU-14744,25.0,9.37,98.8,6.3,95.95,7.08,7.74,Sí,Administración,4.64
STU-12063,20.0,6.63,76.41,3.18,58.32,6.55,4.14,No,Ingeniería Industrial,1.4
STU-13409,28.0,11.23,65.42,5.2,94.79,6.81,3.61,No,Administración,3.9
STU-10347,24.0,14.23,85.48,4.97,77.5,10.01,11.36,No,Ingeniería Industrial,4.02
STU-14581,21.0,13.13,90.04,6.36,80.74,8.35,4.5,No,Ingeniería Civil,3.64
STU-13233,29.0,8.27,84.11,6.02,90.01,7.09,5.29,No,Ingeniería Industrial,4.73
STU-13881,22.0,9.43,84.46,6.75,77.11,7.62,8.78,No,Ingeniería Industrial,4.38
STU-10855,21.0,11.36,97.84,5.42,92.47,9.07,6.43,No,Ingeniería Industrial,4.48
STU-11557,20.0,11.66,74.09,5.91,74.98,4.61,8.41,No,Administración,3.38
STU-14305,25.0,9.26,95.45,4.56,66.99,8.34,8.27,No,Ingeniería Civil,3.75
STU-10260,31.0,1.0,76.95,4.48,64.26,4.56,5.83,No,Contador Auditor,2.31
STU-10058,19.0,16.03,96.34,5.82,100.0,8.94,2.22,Sí,,5.55
STU-14686,22.0,17.71,86.26,7.0,100.0,5.68,5.31,Sí,Ingeniería Informática,5.84
STU-14413,24.0,19.16,100.0,6.62,100.0,8.6,18.0,No,Ingeniería Industrial,5.48
STU-12696,22.0,17.96,87.62,5.54,98.16,5.7,9.38,No,Ingeniería Informática,3.4
STU-12668,21.0,15.45,73.06,6.43,82.25,7.23,5.55,Sí,Ingeniería Civil,4.3
STU-11264,27.0,19.69,91.98,6.89,100.0,7.31,10.09,Sí,Ingeniería Informática,5.88
STU-11800,23.0,8.27,78.91,4.54,65.4,8.6,5.49,No,Ingeniería Civil,2.66
STU-11447,30.0,9.86,77.15,5.41,83.01,7.3,3.58,No,Ingeniería Civil,3.52
STU-12071,26.0,17.51,90.39,7.0,100.0,,,Sí,Ingeniería Industrial,4.93
STU-11974,25.0,17.04,82.63,6.36,100.0,9.5,2.35,No,Administración,4.67
STU-11201,24.0,17.72,100.0,7.0,100.0,7.67,3.44,Sí,Ingeniería Industrial,7.818394560907464
STU-14533,22.0,16.34,58.86,4.73,80.21,7.21,3.86,No,Ingeniería Industrial,3.74
STU-10430,20.0,2.16,77.6,4.74,69.86,8.91,5.14,No,Administración,2.33
STU-14875,18.0,14.49,86.7,6.2,100.0,6.91,3.42,No,Ingeniería Industrial,4.68
STU-13781,23.0,5.14,86.42,4.0,76.18,6.55,13.72,Sí,,3.14
STU-10555,27.0,1.89,70.91,4.73,60.7,7.86,7.7,No,Contador Auditor,2.96
STU-14961,22.0,16.12,94.07,5.81,97.27,6.81,1.11,No,Ingeniería Informática,5.33
STU-14831,25.0,11.05,83.66,5.17,95.91,4.79,9.77,Sí,Ingeniería Informática,3.81
STU-11564,20.0,14.04,100.0,6.54,84.29,6.51,5.83,No,Ingeniería Civil,4.22
STU-11225,22.0,12.64,,5.65,71.8,9.33,3.3,Sí,Ingeniería Civil,3.4
STU-12764,26.0,13.22,67.64,5.32,100.0,10.78,2.63,Sí,Contador Auditor,0.2674359609972208
STU-12814,18.0,13.02,86.48,4.82,83.98,7.25,8.81,No,Ingeniería Civil,3.82
STU-10737,18.0,19.22,100.0,5.98,100.0,9.11,9.98,No,Ingeniería Informática,5.13
STU-13900,18.0,13.5,79.99,6.24,77.84,6.16,10.95,No,Ingeniería Industrial,4.66
STU-11077,20.0,19.96,100.0,5.7,100.0,5.25,1.39,No,Ingeniería Civil,5.31
STU-12062,,17.2,72.21,6.67,100.0,8.51,8.58,Sí,Ingeniería Informática,4.92
STU-12470,24.0,4.01,81.2,5.26,44.82,4.78,9.23,No,Ingeniería Industrial,4.24
STU-10713,21.0,6.7,91.64,4.6,77.32,7.7,6.02,No,Ingeniería Informática,3.13
STU-14258,24.0,15.85,91.67,6.05,85.17,6.68,7.27,No,Ingeniería Industrial,4.65
STU-11221,18.0,16.45,94.8,5.85,100.0,7.73,9.98,No,Ingeniería Civil,5.12
STU-13532,23.0,5.89,81.7,4.78,45.95,7.53,5.46,No,Ingeniería Industrial,2.13
STU-12335,30.0,4.75,72.8,4.48,44.23,5.8,10.72,No,Ingeniería Informática,2.31
STU-10075,18.0,18.08,100.0,6.11,100.0,7.66,9.66,No,Ingeniería Industrial,4.58
STU-14556,18.0,7.67,85.55,,72.27,,5.74,No,Ingeniería Industrial,4.38
STU-14542,23.0,20.35,88.24,7.0,100.0,7.98,2.32,No,Ingeniería Informática,5.2
STU-13665,28.0,6.52,69.27,5.11,93.6,8.54,9.44,No,Administración,3.43
STU-14815,27.0,15.47,93.36,5.46,98.21,6.05,10.51,No,Ingeniería Informática,4.13
STU-14841,22.0,11.09,74.42,4.14,87.46,9.34,5.38,,Contador Auditor,3.03
STU-14585,25.0,10.48,72.83,5.97,76.88,7.7,4.86,Sí,Contador Auditor,3.8
STU-12094,26.0,7.63,72.47,5.15,69.94,6.08,3.79,Sí,Ingeniería Informática,2.68
STU-11027,27.0,,96.15,6.14,100.0,5.51,9.6,No,Ingeniería Industrial,4.28
STU-13708,18.0,18.42,90.35,5.11,100.0,7.14,1.22,Sí,Administración,5.13
STU-12606,18.0,13.53,75.56,5.39,99.23,7.45,1.51,No,Ingeniería Industrial,4.4
STU-11455,23.0,14.57,54.28,,93.4,10.23,3.06,Sí,Ingeniería Industrial,4.74
STU-11802,20.0,12.53,82.38,6.37,89.43,7.48,16.9,No,Ingeniería Civil,4.57
STU-14888,20.0,8.82,92.89,5.52,82.08,7.82,8.4,No,Ingeniería Civil,4.0
STU-11862,23.0,6.1,83.24,5.7,78.07,6.86,6.24,No,Ingeniería Informática,3.88
STU-13672,22.0,4.93,65.53,5.45,71.38,6.35,4.55,Sí,Ingeniería Informática,3.38
STU-14692,23.0,9.49,82.91,5.27,95.53,8.66,,Sí,Ingeniería Informática,3.65
STU-13371,24.0,17.54,100.0,6.63,83.65,8.93,6.82,Sí,Administración,5.35
STU-14497,19.0,6.71,81.8,5.9,93.07,8.41,3.09,Sí,Ingeniería Civil,3.91
STU-11342,18.0,4.35,65.32,4.51,,5.67,2.19,Sí,Administración,2.95
STU-14372,18.0,15.34,83.08,6.45,100.0,8.38,3.81,No,Ingeniería Informática,5.85
STU-11130,24.0,12.7,100.0,4.54,100.0,7.67,1.8,No,Ingeniería Informática,4.11
STU-11499,26.0,16.28,89.81,6.38,100.0,7.39,4.77,No,Ingeniería Informática,5.09
STU-14434,18.0,8.06,62.93,4.46,59.8,6.05,10.49,No,Contador Auditor,2.03
STU-12259,25.0,9.11,84.73,5.29,88.81,7.55,4.4,No,Ingeniería Informática,3.42
STU-13195,24.0,10.88,64.32,5.95,89.92,4.99,4.42,No,Ingeniería Informática,2.42
STU-11942,22.0,11.7,96.48,6.12,,7.97,12.45,No,Administración,5.04
STU-11709,23.0,,98.92,6.49,100.0,6.87,5.07,No,Ingeniería Industrial,5.62
STU-14462,25.0,6.89,75.32,5.7,50.96,4.84,14.73,Sí,Ingeniería Industrial,2.4
STU-10354,21.0,12.73,78.0,4.81,78.53,4.52,3.04,No,Administración,3.15
STU-14992,22.0,19.15,100.0,7.0,100.0,4.32,7.34,Sí,Ingeniería Industrial,5.09
STU-14662,19.0,15.9,92.14,6.82,83.07,7.85,6.04,Sí,Ingeniería Informática,5.04
STU-10169,18.0,15.56,93.69,,96.07,7.95,6.71,No,Ingeniería Civil,4.64
STU-12873,24.0,9.98,94.59,6.03,90.98,7.76,4.52,No,Ingeniería Industrial,4.31
STU-11170,21.0,6.64,71.99,5.54,87.73,5.68,18.0,No,Contador Auditor,3.02
STU-13153,20.0,9.6,75.41,4.92,60.52,5.09,4.68,No,,3.28
STU-14069,28.0,7.87,58.63,4.15,69.69,6.31,6.77,No,Ingeniería Civil,1.82
STU-13083,30.0,19.74,85.55,5.36,100.0,6.76,4.22,No,Ingeniería Industrial,5.02
STU-11786,23.0,,79.55,4.22,73.54,7.46,8.32,Sí,,3.1
STU-12799,,13.9,89.77,5.83,100.0,10.06,5.31,No,Contador Auditor,4.81
STU-10276,27.0,21.81,78.92,7.0,100.0,7.86,2.47,No,Ingeniería Informática,5.06
STU-11774,28.0,16.08,88.59,6.31,100.0,6.03,6.56,Sí,Ingeniería Industrial,4.45
STU-14872,21.0,12.46,100.0,5.74,,6.5,6.23,Sí,Ingeniería Informática,4.87
STU-10475,26.0,15.4,96.38,5.96,100.0,6.1,2.37,No,Ingeniería Industrial,4.66
STU-10416,27.0,10.82,87.82,6.89,89.41,4.96,8.32,Sí,Ingeniería Civil,4.62
STU-13762,18.0,14.57,98.71,5.96,97.03,6.73,18.0,No,Ingeniería Civil,4.57
STU-14580,18.0,1.13,63.59,5.34,80.98,4.88,4.8,Sí,Ingeniería Informática,2.56
STU-14589,18.0,9.9,89.05,5.75,54.48,7.3,7.92,No,Contador Auditor,3.88
STU-14951,26.0,7.3,83.61,4.74,100.0,9.1,3.21,No,Ingeniería Civil,4.29
STU-12459,,23.76,100.0,6.17,100.0,6.38,8.51,No,Ingeniería Informática,4.95
STU-10982,28.0,14.42,96.2,6.44,100.0,7.27,3.71,No,Ingeniería Industrial,5.06
STU-12700,24.0,17.6,99.72,6.28,100.0,7.48,10.54,Sí,Administración,6.39
STU-12332,28.0,16.43,86.85,5.38,100.0,8.39,6.41,Sí,Contador Auditor,4.84
STU-11578,18.0,11.76,85.79,,85.32,7.27,,No,Ingeniería Informática,3.48
STU-11118,29.0,,88.83,5.7,82.12,7.87,6.78,No,Administración,5.03
STU-11162,18.0,4.98,73.25,5.22,76.48,5.01,3.38,Sí,Contador Auditor,2.71
STU-12625,19.0,18.91,90.55,5.32,89.75,7.41,1.53,Sí,Ingeniería Industrial,5.24
STU-12540,33.0,21.5,98.41,6.4,100.0,4.75,7.44,No,Ingeniería Industrial,5.32
STU-12285,27.0,18.84,96.8,6.31,76.88,6.68,18.0,Sí,Contador Auditor,5.04
STU-13539,23.0,21.34,65.17,6.57,100.0,7.11,10.33,No,Ingeniería Civil,4.38
STU-12043,24.0,7.86,74.58,6.51,79.73,5.8,6.8,No,Contador Auditor,4.09
STU-11242,20.0,14.74,86.01,7.0,89.41,8.17,4.15,Sí,Ingeniería Industrial,4.47
STU-13806,21.0,9.1,75.95,4.89,64.44,5.97,5.85,No,Administración,3.03
STU-13800,24.0,21.38,100.0,7.0,,6.86,4.59,Sí,Administración,5.91
STU-13463,29.0,11.14,78.52,5.41,85.87,8.4,4.67,Sí,Ingeniería Civil,4.78
STU-12041,20.0,20.29,100.0,6.83,93.91,6.32,1.76,Sí,Ingeniería Informática,6.39
STU-12521,18.0,9.45,67.25,4.73,50.03,5.51,2.45,No,Ingeniería Civil,2.22
STU-13070,29.0,14.64,98.08,6.12,100.0,5.07,3.77,No,Administración,4.12
STU-13158,18.0,17.63,90.12,,98.7,7.22,6.21,No,Ingeniería Informática,4.74
STU-11252,19.0,5.32,86.68,5.67,80.77,5.88,5.22,No,Ingeniería Civil,3.78
STU-13864,26.0,12.55,78.92,4.72,84.94,6.46,3.24,Sí,Ingeniería Industrial,3.35
STU-13859,27.0,3.09,63.9,5.51,,5.33,7.22,No,Ingeniería Informática,1.53
STU-12176,37.0,5.59,67.51,,61.92,4.56,3.07,No,Administración,3.03
STU-10331,26.0,6.28,68.81,5.43,89.97,4.64,44.872754419784805,No,Administración,3.57
STU-14047,21.0,8.51,76.34,4.24,80.76,8.35,7.38,Sí,Administración,3.75
STU-11388,18.0,12.93,86.96,6.93,100.0,6.48,5.58,No,Ingeniería Industrial,5.1
STU-13973,,10.2,89.22,5.59,82.45,10.55,6.66,Sí,Ingeniería Informática,4.33
STU-10725,26.0,19.99,78.77,,,7.07,2.05,No,Ingeniería Informática,4.35
STU-14724,22.0,25.9,100.0,6.34,100.0,5.88,2.38,No,Ingeniería Industrial,6.78
STU-14122,22.0,15.78,86.08,6.23,81.45,6.79,3.8,Sí,Ingeniería Informática,5.04
STU-12899,23.0,11.62,82.35,6.23,98.04,7.22,11.89,No,Administración,5.1
STU-12962,18.0,14.66,99.19,5.95,98.36,8.64,5.07,Sí,Ingeniería Civil,6.02
STU-14861,25.0,4.08,,5.39,83.69,7.25,,No,Administración,2.36
STU-14193,20.0,18.57,83.9,5.74,100.0,7.35,10.5,No,Ingeniería Informática,4.76
STU-14111,18.0,5.01,79.22,5.66,87.85,7.5,12.17,No,Ingeniería Civil,3.16
STU-12952,28.0,10.83,82.46,5.71,84.1,7.48,3.32,No,Ingeniería Industrial,4.06
STU-10805,,17.19,100.0,6.19,100.0,,5.26,No,Ingeniería Informática,4.28
STU-14797,32.0,11.64,93.93,5.18,100.0,7.3,10.62,No,Ingeniería Informática,4.39
STU-12979,24.0,5.26,69.04,6.09,56.11,6.37,6.29,Sí,Ingeniería Industrial,4.12
STU-10927,22.0,17.81,91.67,5.77,100.0,7.02,6.9,No,Ingeniería Informática,5.17
STU-10700,20.0,6.56,82.62,5.9,55.27,7.86,13.51,Sí,Administración,4.03
STU-12345,21.0,13.74,95.11,6.08,74.23,5.12,13.87,No,Ingeniería Civil,4.9
STU-14708,20.0,10.73,83.51,6.72,71.8,6.65,12.79,No,Contador Auditor,4.12
STU-11160,23.0,15.63,94.02,5.88,93.23,7.7,16.18,No,Ingeniería Industrial,4.2
STU-14704,18.0,4.76,71.27,5.08,68.19,6.41,11.12,No,Ingeniería Informática,1.98
STU-14960,24.0,16.21,100.0,5.79,94.8,6.04,12.05,No,Ingeniería Industrial,5.01
STU-12403,26.0,18.75,100.0,6.13,96.34,7.86,3.93,No,Ingeniería Informática,4.99
STU-10092,23.0,10.42,85.89,5.21,89.29,8.21,9.9,No,Administracion,4.79
STU-11866,21.0,16.82,100.0,6.2,100.0,7.06,10.55,No,Ingeniería Civil,6.14
STU-10232,25.0,10.1,80.88,5.83,92.71,5.53,8.95,Sí,Ingeniería Industrial,4.38
STU-14750,20.0,13.28,86.03,7.0,91.63,6.49,6.22,No,Ingeniería Civil,4.77
STU-13175,18.0,19.08,96.38,6.84,97.61,7.33,,No,Ingeniería Informática,6.11
STU-13944,23.0,8.03,82.5,5.16,88.5,7.62,9.84,No,Administración,3.42
STU-12980,23.0,12.23,81.66,5.82,100.0,7.83,8.26,Sí,Ingeniería Civil,3.76
STU-13218,21.0,8.82,94.23,5.38,70.07,7.37,2.48,No,Contador Auditor,4.22
STU-14965,24.0,5.91,,5.75,66.44,6.99,8.73,Sí,Contador Auditor,3.94
STU-14317,18.0,12.75,100.0,6.36,77.31,6.34,3.67,Sí,Ingeniería Civil,4.25
STU-14420,28.0,13.68,89.76,5.84,89.22,7.48,4.46,No,Administración,5.2
STU-10478,25.0,25.24,100.0,7.0,100.0,6.02,1.52,No,Contador Auditor,6.24
STU-14177,19.0,,76.91,5.84,75.25,5.42,1.96,No,Contador Auditor,3.24
STU-14523,22.0,11.7,57.4,5.76,83.9,9.14,7.12,Sí,Administración,4.08
STU-13870,21.0,1.35,52.46,4.67,41.53,6.5,9.6,No,Ingeniería Civil,1.0
STU-11036,20.0,4.96,71.45,3.7,52.43,4.63,3.28,No,Administración,2.03
STU-11619,26.0,11.79,82.76,5.83,95.34,7.54,8.25,No,Ingeniería Industrial,5.06
STU-14968,22.0,62.12159754124636,73.65,4.08,40.19,5.96,,No,Ingeniería Civil,1.4
STU-11255,33.0,3.66,78.82,4.59,64.55,5.07,8.82,No,Ingeniería Civil,2.24
STU-12388,18.0,14.8,84.57,5.55,100.0,7.16,6.89,No,Ingeniería Informática,4.41
STU-10751,30.0,,79.94,5.9,,7.28,9.12,No,Ingeniería Informática,3.83
STU-13368,18.0,18.36,,6.29,100.0,7.4,4.72,No,Contador Auditor,5.61
STU-11924,18.0,15.09,82.96,6.27,92.95,4.63,3.16,No,Ingeniería Industrial,3.97
STU-13429,26.0,13.03,90.13,5.88,67.59,6.48,8.93,No,Ingeniería Industrial,3.51
STU-12831,18.0,6.44,80.55,4.93,67.93,6.13,12.31,No,Contador Auditor,2.91
STU-13401,19.0,2.66,72.31,4.5,48.61,8.0,6.88,Sí,Administración,2.48
STU-11299,24.0,9.38,79.38,5.89,57.29,7.83,4.8,No,Contador Auditor,2.45
STU-11983,28.0,11.24,79.83,5.62,98.93,8.62,10.35,Sí,Contador Auditor,4.89
STU-11097,18.0,5.4,81.21,5.38,89.68,5.8,6.29,No,Ingeniería Civil,4.22
STU-10692,22.0,8.68,69.88,5.3,66.49,6.73,11.68,No,Ingeniería Civil,3.21
STU-13408,26.0,9.55,81.47,6.07,83.43,6.71,1.34,No,Ingeniería Informática,3.99
STU-10212,30.0,12.24,82.13,5.26,100.0,7.45,9.5,No,Contador Auditor,4.36
STU-11853,30.0,12.37,97.82,6.44,100.0,6.44,10.75,No ,Administración,4.77
STU-13837,23.0,17.17,86.67,7.0,100.0,6.54,9.39,No,Administración,5.44
STU-14100,24.0,14.61,84.81,5.22,95.82,7.12,5.05,No,Ingeniería Informática,3.84
STU-10341,25.0,9.76,78.44,4.71,69.2,5.55,3.5,Sí,Ingeniería Informática,3.19
STU-12805,26.0,7.94,87.45,5.3,68.9,5.76,10.51,No,Ingeniería Informática,4.16
STU-13071,26.0,11.72,63.36,4.86,83.01,8.44,4.23,No,Ingeniería Industrial,4.48
STU-13448,31.0,13.32,90.45,6.36,90.88,7.16,4.25,No,Ingeniería Civil,5.01
STU-14931,34.0,10.85,70.65,4.85,88.23,4.86,3.23,No,Contador Auditor,2.72
STU-10832,23.0,7.22,71.73,5.51,89.71,5.87,2.43,No,Ingeniería Industrial,3.45
STU-12545,19.0,12.59,83.1,4.62,74.02,7.17,3.76,No,Ingeniería Civil,2.78
STU-13957,21.0,11.36,84.83,5.05,84.98,7.9,9.11,No,Administración,4.36
STU-11338,18.0,15.91,89.36,5.31,93.21,8.24,10.26,Sí,Ingeniería Civil,5.34
STU-12990,29.0,10.35,74.64,6.36,66.84,9.25,5.97,Sí,Ingeniería Informática,3.94
STU-14458,27.0,16.44,95.57,5.77,94.14,6.26,18.0,No,Ingeniería Industrial,4.31
STU-10180,29.0,2.99,63.67,4.9,48.93,8.77,5.02,Sí,Ingeniería Civil,2.58
STU-11309,21.0,14.53,92.41,5.66,85.2,7.72,1.92,Sí,Ingeniería Informática,4.57
STU-11318,25.0,1.06,67.9,4.3,57.66,8.11,2.61,Sí,Ingeniería Informática,1.96
STU-11047,22.0,15.14,84.4,5.7,91.17,8.05,5.55,No,Ingeniería Civil,4.4
STU-11471,25.0,8.14,75.43,5.87,89.97,5.24,15.91,No,Ingeniería Informática,3.91
STU-10473,28.0,19.85,100.0,7.0,100.0,6.93,6.39,No,Ingeniería Informática,5.72
STU-14127,20.0,8.88,79.21,5.22,73.83,4.77,3.68,Sí,Administración,2.41
STU-10215,24.0,16.98,89.36,6.22,90.16,5.82,3.7,No,Contador Auditor,5.62
STU-10745,19.0,13.6,72.59,5.67,86.16,4.37,3.66,No,Ingeniería Informática,3.73
STU-12860,24.0,23.84,100.0,7.0,92.32,8.88,9.7,No,Administración,5.84
STU-14453,23.0,12.25,91.49,5.31,89.26,7.52,6.03,Sí,Ingeniería Informática,4.05
STU-13965,27.0,14.26,84.83,5.27,70.55,6.72,7.87,Sí,Contador Auditor,3.3
STU-12158,24.0,10.64,83.31,6.59,97.91,6.11,1.53,Sí,Contador Auditor,4.56
STU-13138,25.0,12.56,,5.41,86.75,,3.52,No,Administración,4.21
STU-13065,25.0,11.24,90.19,5.53,83.62,9.02,15.86,No,Ingeniería Industrial,4.95
STU-10732,25.0,13.27,97.08,5.23,100.0,9.29,10.5,Sí,Ingeniería Informática,4.89
STU-12426,29.0,11.41,93.17,6.92,90.3,5.15,3.25,No,Ingeniería Informática,4.74
STU-14878,25.0,12.06,89.34,5.73,89.6,8.1,2.07,No,Administración,4.1
STU-12721,28.0,17.05,84.41,7.0,96.64,9.2,7.2,,Ingeniería Industrial,5.03
STU-13023,25.0,4.55,69.21,5.78,69.35,5.82,5.52,No,Contador Auditor,1.94
STU-10905,,9.46,70.62,6.03,,6.58,3.9,Sí,Ingeniería Industrial,4.63
STU-11127,23.0,14.54,82.25,4.73,100.0,5.61,2.95,No,Administración,3.44
STU-14157,24.0,17.35,87.32,5.72,81.23,8.04,3.53,No,Ingeniería Industrial,3.11
STU-11098,23.0,12.33,94.27,6.12,97.67,5.4,11.2,No,Contador Auditor,3.93
STU-14996,18.0,22.49,100.0,6.33,100.0,7.41,4.71,No,Ingeniería Industrial,5.76
STU-12935,25.0,13.85,89.74,4.69,89.67,5.95,6.11,No,Ingeniería Informática,4.38
STU-14444,28.0,13.59,76.94,4.9,92.4,8.72,9.37,Sí,Ingeniería Informática,4.67
STU-14846,26.0,11.84,81.33,5.52,75.29,4.3,39.223494718670466,No,Ingeniería Industrial,4.28
STU-14265,18.0,15.44,80.31,,78.08,7.01,3.11,Sí,Ingeniería Informática,4.37
STU-14646,19.0,13.92,,6.27,54.99,7.12,3.57,Sí,Ingeniería Civil,4.53
STU-14147,30.0,9.64,70.29,5.97,81.43,8.17,7.48,No,Ingenieria Informatica,3.41
STU-10082,22.0,13.0,97.79,5.36,100.0,6.65,6.69,No,Ingeniería Industrial,4.6
STU-14103,,21.63,97.07,6.75,100.0,7.06,2.8,No,Ingeniería Civil,5.62
STU-10189,18.0,12.09,82.3,7.0,77.66,9.05,10.14,Sí,Ingeniería Industrial,5.01
STU-12463,29.0,14.16,93.76,5.79,86.18,5.98,5.85,No,Ingeniería Industrial,4.51
STU-13617,27.0,10.81,91.06,6.37,89.71,7.62,12.0,No,Administración,3.58
STU-12847,28.0,14.09,85.65,5.87,82.61,6.16,3.9,Sí,Ingeniería Civil,4.08
STU-10164,24.0,10.19,77.96,5.65,72.05,7.62,8.64,Sí,Ingeniería Informática,4.13
STU-14112,19.0,19.91,99.54,,100.0,6.98,9.12,Sí,Ingeniería Informática,5.6
STU-11466,23.0,15.48,98.25,5.74,89.22,6.4,9.16,No,Ingeniería Industrial,4.62
STU-12267,23.0,11.42,79.31,5.24,95.8,9.72,9.34,No,Ingeniería Informática,3.95
STU-11995,23.0,14.17,79.53,5.74,83.4,7.18,8.45,No,Ingeniería Industrial,4.19
STU-12769,25.0,12.72,66.94,5.18,87.04,5.86,3.05,No,Ingeniería Informática,2.96
STU-13660,23.0,11.45,81.08,6.24,100.0,6.25,3.14,Sí,Ingeniería Informática,4.65
STU-13992,24.0,15.8,87.71,5.38,98.36,6.82,7.67,No,Ingeniería Informática,5.29
STU-14756,24.0,,62.87,4.6,55.95,7.24,5.65,No,Ingeniería Informática,1.31
STU-12930,26.0,9.85,83.89,5.23,72.43,6.02,9.2,Sí,Ingeniería Industrial,3.42
STU-11310,18.0,4.31,76.35,5.22,76.34,7.33,5.01,Sí,Ingeniería Industrial,3.27
STU-12534,21.0,4.53,76.17,5.39,37.58,8.44,8.78,No,Ingeniería Industrial,3.16
STU-14284,28.0,15.71,97.1,6.54,,5.97,10.89,Sí,Administración,5.39
STU-12583,22.0,15.18,100.0,,83.21,7.19,7.59,No,Administración,4.87
STU-12351,29.0,16.64,98.22,7.0,100.0,6.81,7.53,No,Contador Auditor,5.49
STU-14705,19.0,11.89,89.16,5.46,,7.16,6.44,Sí,Ingeniería Informática,4.96
STU-11190,30.0,17.74,91.26,5.23,100.0,7.66,2.91,No,Ingeniería Informática,4.4
STU-11046,28.0,12.59,91.76,6.29,85.83,7.27,2.51,Sí,Ingeniería Industrial,4.62
STU-12089,18.0,13.09,96.06,6.32,74.84,5.34,6.43,No,Ingeniería Industrial,4.54
STU-12690,,14.26,83.3,5.37,,7.52,3.37,No,Administración,4.16
STU-11136,22.0,17.78,77.66,5.79,89.52,8.57,5.64,Sí,Ingeniería Industrial,5.03
STU-13278,18.0,8.1,92.56,5.17,70.72,6.26,3.75,No,Ingeniería Industrial,3.28
STU-12607,26.0,13.25,75.76,5.4,100.0,6.18,0.73,,Ingeniería Industrial,4.43
STU-14626,29.0,9.23,90.88,6.12,43.39,7.57,16.37,Sí,Administración,4.09
STU-12480,27.0,10.36,91.83,6.86,97.35,6.71,1.04,No,Administración,4.71
STU-13084,22.0,11.04,77.89,4.97,87.5,8.04,15.32,No,Ingeniería Civil,3.38
STU-11665,20.0,12.38,67.81,5.48,83.72,5.22,1.78,No,Contador Auditor,3.7
STU-13390,18.0,11.65,100.0,6.29,87.68,9.56,10.11,Sí,Ingeniería Informática,5.11
STU-14217,23.0,,81.16,4.61,54.91,7.8,6.12,No,Ingeniería Industrial,2.06
STU-12956,26.0,19.34,100.0,7.0,100.0,,7.99,Sí,Ingeniería Civil,5.37
STU-11841,22.0,9.33,73.8,,87.31,6.83,8.84,,Ingeniería Informática,3.14
STU-11659,18.0,,86.94,5.68,51.46,6.45,,Sí,Ingeniería Informática,3.2
STU-12468,18.0,6.19,71.57,4.36,65.36,6.77,3.82,No,Ingeniería Informática,1.8
STU-10792,25.0,19.66,94.32,6.66,100.0,6.34,6.99,Sí,Ingeniería Civil,5.09
STU-13183,24.0,10.94,90.28,6.31,84.41,6.03,6.2,No,Ingeniería Informática,5.07
STU-14785,25.0,14.73,77.72,4.68,92.05,6.93,2.13,Sí,Contador Auditor,3.99
STU-14781,20.0,12.43,69.38,5.39,89.24,8.32,6.91,No,Ingeniería Civil,2.89
STU-10570,22.0,15.0,84.82,5.6,78.7,5.22,5.44,No,Ingeniería Informática,4.68
STU-10039,22.0,15.18,68.92,5.56,76.02,4.36,8.6,No,,4.05
STU-12437,31.0,10.7,,6.05,93.49,8.37,5.48,No,Ingeniería Informática,5.22
STU-12624,29.0,12.95,83.11,5.64,100.0,7.81,3.04,Sí,Ingeniería Informática,4.47
STU-14143,33.0,9.77,78.53,5.33,86.91,5.47,,No,Contador Auditor,3.28
STU-10299,18.0,6.47,82.2,6.1,88.22,7.07,10.71,Sí,Ingeniería Civil,4.24
STU-11441,26.0,11.74,86.16,5.39,88.58,6.6,4.59,Sí,Administración,4.48
STU-14536,27.0,8.74,,6.36,85.61,9.44,6.59,Sí,Ingeniería Civil,4.45
STU-11833,24.0,,79.19,5.63,97.44,6.49,,Sí,Ingeniería Civil,4.42
STU-13850,20.0,19.92,82.54,6.48,100.0,6.8,1.74,Sí,Ingeniería Informática,5.35
STU-13069,18.0,14.6,97.12,6.18,100.0,7.77,1.78,No,Ingeniería Informática,5.01
STU-12802,25.0,10.91,79.76,5.99,77.9,7.82,11.01,No,Ingeniería Industrial,4.47
STU-11577,26.0,1.0,78.63,5.62,,6.93,7.49,Sí,Contador Auditor,2.68
STU-11457,23.0,10.32,99.86,5.81,86.36,6.13,0.8,No,Ingeniería Informática,4.2
STU-10142,24.0,14.04,77.58,5.29,94.96,7.01,6.77,No,Ingeniería Informática,4.33
STU-13353,18.0,9.24,,6.23,61.2,7.84,5.33,No,Ingeniería Industrial,3.33
STU-11708,31.0,10.8,94.76,5.56,65.45,5.37,8.38,No,Ingeniería Industrial,2.86
STU-11243,20.0,11.87,77.07,6.29,80.67,6.39,,Sí,Ingeniería Civil,3.69
STU-11984,28.0,16.33,92.9,5.37,100.0,7.17,4.87,No,Administración,4.48
STU-11667,23.0,16.09,76.49,4.49,81.28,5.8,6.98,No,Ingeniería Industrial,3.12
STU-11622,22.0,10.02,84.35,5.41,83.54,5.39,7.16,No,Contador Auditor,2.8
STU-12938,24.0,22.95,96.42,5.94,100.0,5.58,5.73,Sí,Ingeniería Civil,5.13
STU-13137,25.0,14.81,94.15,6.66,88.47,6.45,2.82,Sí,Ingeniería Informática,5.12
STU-11643,26.0,6.85,93.2,4.51,82.28,7.22,6.12,No,Ingeniería Civil,3.16
STU-10227,,14.05,90.17,5.15,93.48,5.68,10.18,No,Ingeniería Informática,4.3
STU-10631,19.0,21.99,100.0,6.46,94.48,9.78,7.69,No,Ingeniería Informática,5.17
STU-14168,21.0,11.58,76.58,3.8,60.6,7.35,10.71,No,Ingeniería Informática,2.57
STU-10757,24.0,7.21,91.32,5.62,87.4,8.86,5.14,No,Ingeniería Informática,3.11
STU-13177,21.0,,83.44,5.15,80.51,5.7,5.3,No,Ingeniería Informática,3.73
STU-12562,18.0,7.59,99.21,5.48,63.34,9.3,5.46,,Ingeniería Informática,4.37
STU-10431,24.0,18.28,100.0,6.44,86.02,7.38,6.76,No,Ingeniería Informática,4.75
STU-12784,21.0,6.46,86.15,5.33,86.97,7.02,3.18,No,Ingeniería Informática,3.42
STU-11570,26.0,14.3,84.47,5.68,100.0,8.92,6.6,Sí,Contador Auditor,4.75
STU-11452,33.0,12.25,85.58,7.0,95.68,7.29,3.35,No,Ingeniería Industrial,4.4
STU-11970,24.0,8.31,81.74,6.0,79.83,8.24,3.89,No,Administración,4.65
STU-14680,18.0,10.8,78.07,4.47,87.19,8.39,2.5,No,Administración,3.24
STU-10534,24.0,12.41,84.61,6.66,98.88,5.92,1.48,Sí,Ingeniería Industrial,4.69
STU-13246,19.0,4.82,83.15,6.15,65.08,7.72,5.29,Sí,Ingeniería Informática,3.66
STU-14867,20.0,7.37,76.18,5.29,,7.34,6.59,No,Administración,2.73
STU-10827,18.0,7.61,88.19,6.07,53.01,5.57,7.27,Sí,Ingeniería Informática,4.07
STU-13858,23.0,12.99,85.37,5.4,100.0,5.84,5.74,No,Administración,4.2
STU-13380,24.0,23.48,94.67,5.76,,8.16,5.56,No,Contador Auditor,5.43
STU-11960,22.0,7.01,82.1,5.0,71.71,7.48,14.26,No,Administración,3.45
STU-11783,24.0,10.53,86.34,6.16,88.88,7.33,7.62,No,Ingeniería Informática,5.13
STU-10480,22.0,5.69,81.72,5.78,88.39,5.78,3.75,No,Contador Auditor,3.45
STU-12253,30.0,15.18,94.69,6.33,90.24,7.38,,No,Administración,5.82
STU-14676,23.0,15.53,82.69,5.27,100.0,7.49,65.86381012258853,No,Ingeniería Informática,4.62
STU-13732,32.0,24.65,100.0,5.7,100.0,4.87,,No,Ingeniería Informática,6.08
STU-13786,24.0,12.77,91.13,7.0,,5.45,7.24,Sí,Ingeniería Industrial,5.02
STU-13159,32.0,5.11,62.24,4.86,42.04,5.19,5.95,No,Ingeniería Industrial,2.4
STU-12147,31.0,10.02,74.81,6.7,73.89,6.63,7.19,No,Ingeniería Industrial,4.39
STU-14408,25.0,10.4,65.44,5.37,88.95,6.01,5.52,No,Ingeniería Informática,3.22
STU-13714,25.0,12.69,93.95,7.0,87.89,7.98,9.92,Sí,Ingeniería Informática,5.48
STU-10671,29.0,7.27,73.08,5.33,74.37,9.11,8.86,No,Ingeniería Informática,4.03
STU-14252,27.0,6.96,71.83,3.79,72.99,6.93,,No,Contador Auditor,2.47
STU-13422,23.0,17.16,,5.44,100.0,6.62,4.68,No,Ingeniería Industrial,4.31
STU-14059,21.0,7.26,72.41,5.46,91.6,6.23,2.16,Sí,Ingeniería Civil,3.32
STU-11303,24.0,14.71,86.47,6.13,85.07,7.4,5.21,No,Ingeniería Civil,5.18
STU-13772,24.0,,93.11,6.13,83.74,8.95,13.1,Sí,Administración,5.1
STU-14298,18.0,9.99,70.49,6.18,98.1,8.57,7.83,No,Ingeniería Industrial,4.08
STU-14978,23.0,13.51,,6.18,81.47,5.66,14.12,No,Ingeniería Industrial,4.49
STU-14188,19.0,20.13,94.67,5.55,100.0,5.11,,No,Ingeniería Informática,4.84
STU-11599,23.0,9.72,94.91,6.08,87.68,6.78,3.39,,Administración,5.04
STU-13124,23.0,11.57,100.0,7.0,100.0,4.98,2.65,Sí,Ingeniería Industrial,5.13
STU-12595,28.0,17.24,80.49,5.13,100.0,7.08,6.33,No,Ingeniería Civil,4.92
STU-13440,22.0,10.8,85.95,5.98,49.98,8.39,2.29,No,Contador Auditor,4.18
STU-10365,24.0,8.29,75.25,4.46,59.35,4.45,11.14,Sí,Administración,2.73
STU-11223,18.0,6.14,69.41,6.31,81.5,8.92,2.24,No,Ingeniería Informática,3.88
STU-13949,30.0,15.91,,4.33,100.0,7.39,6.54,No,Ingeniería Industrial,4.0
STU-11848,20.0,11.87,98.16,6.61,76.36,6.54,4.44,Sí,Ingeniería Civil,5.33
STU-10277,20.0,13.34,78.8,5.86,81.57,8.33,6.65,Sí,Ingeniería Civil,4.73
STU-13838,18.0,10.75,67.48,5.75,,8.92,3.61,No,Ingeniería Industrial,5.0
STU-10699,20.0,7.52,74.73,4.08,60.67,9.21,11.82,No,Ingeniería Informática,3.03
STU-10103,27.0,5.72,85.18,4.81,88.91,7.95,12.47,No,Ingeniería Informática,2.9
STU-13831,30.0,6.92,54.79,4.28,72.67,6.24,9.2,No,Ingeniería Industrial,1.94
STU-14952,,16.61,83.4,5.64,100.0,7.72,6.17,No,Contador Auditor,4.5
STU-10733,18.0,11.81,81.51,5.69,89.97,6.28,10.78,No,Administración,3.55
STU-14796,30.0,9.35,73.69,6.15,72.64,5.4,13.44,No,Ingeniería Informática,3.03
STU-13845,30.0,4.23,83.64,4.78,67.76,5.55,6.64,No,Contador Auditor,2.7
STU-13727,19.0,13.95,89.18,6.84,100.0,7.02,6.3,Sí,Ingeniería Civil,5.02
STU-11785,26.0,15.56,88.78,5.52,98.46,5.02,6.52,No,Ingeniería Industrial,4.77
STU-13287,27.0,13.01,100.0,5.98,94.94,7.29,5.46,Sí,Ingeniería Industrial,4.94
STU-10106,23.0,18.8,89.65,7.0,100.0,7.03,,No,Ingeniería Civil,5.86
STU-11209,21.0,5.06,71.01,5.98,,5.15,3.59,No,Ingeniería Civil,2.8
STU-14090,21.0,6.29,87.03,5.91,82.13,7.02,2.69,,Administración,4.24
STU-13100,25.0,15.95,96.14,4.0,94.15,4.84,3.39,Sí,Ingeniería Industrial,3.34
STU-13087,19.0,18.38,,5.99,94.18,8.71,6.78,No,Ingeniería Civil,5.12
STU-13134,35.0,16.46,91.44,6.24,100.0,7.53,8.55,No,Contador Auditor,5.74
STU-13768,28.0,16.43,75.33,6.04,100.0,8.82,3.29,No,Ingeniería Informática,4.42
STU-12786,20.0,17.95,99.56,7.0,100.0,5.34,7.5,No,Ingeniería Informática,5.73
STU-10687,27.0,13.12,78.92,5.69,91.42,7.76,6.36,Sí,Administración,4.47
STU-11768,20.0,13.29,90.71,5.95,100.0,7.76,7.0,No,Ingeniería Informática,5.54
STU-13911,28.0,7.06,73.27,4.56,54.53,7.85,,No,Ingeniería Civil,2.36
STU-10143,29.0,13.3,61.41,5.83,81.68,6.11,4.49,No,Ingeniería Industrial,3.59
STU-12260,18.0,21.01,100.0,5.71,100.0,8.61,2.28,No,Ingeniería Industrial,4.91
STU-13322,,15.77,82.47,5.53,100.0,,6.61,Sí,Ingeniería Civil,4.42
STU-12420,27.0,9.4,72.6,6.62,86.04,5.12,6.23,No,Administración,4.36
STU-13483,25.0,15.06,100.0,6.94,100.0,5.72,9.48,Sí,Ingeniería Civil,6.55
STU-12902,18.0,14.54,81.58,5.67,83.61,6.66,2.26,No,Ingeniería Informática,4.37
STU-12824,28.0,,77.29,5.49,75.97,5.4,6.83,No,Contador Auditor,3.49
STU-14097,22.0,12.26,75.59,5.46,90.03,5.0,3.47,No,Contador Auditor,4.15
STU-13364,22.0,10.4,92.74,6.09,73.23,6.58,1.66,No,Ingeniería Informática,4.38
STU-11390,26.0,6.43,103.12533535718487,6.16,71.84,8.35,6.04,No,Ingeniería Civil,3.39
STU-12908,28.0,11.21,71.67,4.74,87.31,6.51,4.23,Sí,Ingeniería Informática,3.12
STU-10777,25.0,12.26,90.99,5.92,87.83,7.01,3.51,No,Ingeniería Civil,4.5
STU-11025,18.0,9.79,83.58,4.61,91.42,5.88,8.75,No,Ingeniería Civil,4.1
STU-12291,24.0,6.37,73.69,4.62,65.48,7.73,5.42,No,Ingeniería Industrial,2.17
STU-12739,23.0,12.36,76.89,4.38,88.05,6.49,8.5,No,Ingeniería Civil,3.57
STU-13575,25.0,13.26,82.75,4.43,,8.95,7.87,No,Ingeniería Industrial,3.84
STU-14958,19.0,1.0,,4.73,79.55,6.25,16.13,No,Contador Auditor,2.01
STU-14915,24.0,11.37,78.32,5.51,91.25,7.77,7.31,Sí,Ingeniería Civil,4.06
STU-11491,24.0,9.64,65.52,5.14,56.0,8.51,6.01,No,Ingeniería Civil,2.36
STU-10575,22.0,16.27,97.02,5.67,73.08,5.72,10.36,No,Contador Auditor,4.64
STU-10117,27.0,13.47,97.69,5.6,88.55,6.73,2.01,No,Ingeniería Civil,4.67
STU-10342,25.0,9.36,79.95,5.35,91.46,5.87,5.64,No,Ingeniería Industrial,3.65
STU-12909,25.0,10.28,70.25,5.65,70.67,7.93,4.76,Sí,Ingeniería Civil,3.18
STU-11322,28.0,8.61,67.75,6.38,,5.27,10.6,No,INGENIERÍA INFORMÁTICA,3.06
STU-11040,27.0,19.33,94.69,7.0,100.0,6.27,2.85,Sí,Ingeniería Civil,6.02
STU-13297,24.0,,94.96,6.53,82.98,7.51,11.46,Sí,Ingeniería Industrial,5.35
STU-12187,24.0,11.16,86.81,4.37,97.57,7.22,,No,Ingeniería Industrial,4.12
STU-13466,30.0,,82.72,4.62,71.43,5.64,11.12,Sí,Administración,3.46
STU-11719,18.0,8.56,91.98,6.38,85.32,4.83,4.87,No,Ingeniería Informática,4.81
STU-11863,23.0,10.89,85.01,5.93,90.87,6.97,5.31,No,Ingeniería Industrial,4.9
STU-12227,22.0,1.52,61.0,4.06,57.21,8.57,4.95,No,Ingeniería Industrial,1.45
STU-12566,29.0,11.06,71.17,5.62,80.86,6.91,2.52,No,Administración,2.98
STU-11834,23.0,9.09,94.05,5.7,71.61,,7.89,No,Ingeniería Informática,3.18
STU-13181,30.0,3.59,84.15,4.22,76.01,7.32,7.47,Sí,Ingeniería Civil,3.11
STU-13469,26.0,11.86,73.82,5.38,66.78,3.81,2.57,Sí,Ingeniería Informática,3.35
STU-14339,24.0,10.55,71.38,4.77,64.16,7.66,3.67,No,Ingeniería Informática,3.31
STU-11142,23.0,16.52,94.64,7.0,92.62,6.11,7.88,No,Ingeniería Informática,4.64
STU-11527,30.0,10.67,83.81,7.0,100.0,6.97,3.36,Sí,Administración,4.92
STU-13613,30.0,14.63,84.51,5.0,80.42,5.69,8.59,No,Ingenieria Informatica,3.87
STU-10023,22.0,17.06,88.18,6.5,100.0,7.97,18.0,No,Ingeniería Industrial,4.74
STU-13312,24.0,4.11,68.0,5.27,59.34,6.35,5.21,No,Ingeniería Industrial,2.99
STU-12395,,17.13,91.93,6.03,93.65,7.16,4.98,No,Ingeniería Informática,5.09
STU-14866,22.0,,81.08,5.51,100.0,8.79,0.5,No,Administración,3.94
STU-10697,29.0,16.06,94.81,6.15,100.0,6.96,9.45,No,Ingeniería Civil,4.38
STU-11232,25.0,10.87,80.94,5.6,70.6,6.91,2.79,Sí,Ingeniería Informática,3.68
STU-12592,24.0,18.7,100.0,7.0,100.0,4.71,4.38,No,Ingeniería Informática,5.0
STU-13056,23.0,7.41,84.49,6.04,63.75,11.0,9.01,Sí,Contador Auditor,3.73
STU-12045,30.0,3.74,88.21,6.31,83.34,8.0,5.54,No,Ingeniería Industrial,3.74
STU-10837,24.0,16.12,82.24,6.53,100.0,6.64,1.97,Sí,Ingeniería Informática,5.31
STU-14906,24.0,22.23,87.9,6.16,100.0,6.95,10.74,No,Administración,5.14
STU-14424,29.0,16.85,95.53,6.35,100.0,8.14,6.71,No,Ingeniería Industrial,6.0
STU-13601,18.0,18.44,92.68,6.71,96.34,7.22,4.87,Sí,Contador Auditor,4.79
STU-10459,27.0,7.43,72.31,4.26,62.68,6.21,,No,Ingeniería Informática,2.94
STU-13540,23.0,8.61,73.73,5.02,75.87,8.26,12.16,No,Ingeniería Informática,3.45
STU-10462,22.0,13.54,,7.0,100.0,7.24,6.21,No,Ingeniería Informática,5.58
STU-11652,30.0,18.39,75.19,5.56,100.0,7.35,7.2,No,Administración,3.99
STU-11791,19.0,27.11,100.0,7.0,100.0,8.44,1.96,Sí,Administración,7.0
STU-11892,24.0,8.11,79.19,6.01,88.85,7.42,3.54,No,Ingeniería Industrial,4.07
STU-13269,22.0,10.92,73.7,5.52,77.09,6.47,5.42,Sí,Ingeniería Informática,3.93
STU-13301,22.0,3.11,80.5,5.51,75.09,4.08,2.29,,,3.56
STU-10284,22.0,11.15,84.37,6.64,86.67,5.88,5.57,No,Ingeniería Informática,4.66
STU-11707,23.0,13.05,100.0,5.76,86.46,7.38,6.46,No,Ingeniería Industrial,4.64
STU-10154,20.0,8.67,94.82,6.48,78.51,7.44,2.28,No,Ingeniería Informática,4.38
STU-14019,20.0,19.72,100.0,5.99,100.0,8.53,10.06,No,Ingeniería Civil,4.83
STU-13882,22.0,7.86,76.01,6.32,,6.15,1.23,Sí,Contador Auditor,3.87
STU-14493,27.0,7.67,82.5,5.86,44.01,7.75,18.0,Sí,Contador Auditor,3.45
STU-13604,18.0,20.88,88.59,5.89,100.0,4.73,3.77,No,Administración,5.45
STU-13351,26.0,1.0,58.04,5.1,60.69,7.95,3.77,Sí,Ingeniería Informática,2.37
STU-11506,29.0,,83.76,6.32,59.09,6.82,4.22,Sí,Administración,3.23
STU-13738,27.0,19.05,98.24,5.26,100.0,7.1,12.81,No,Ingeniería Industrial,5.06
STU-12152,25.0,17.05,96.3,,100.0,7.52,8.84,No,Ingeniería Civil,5.4
STU-11126,25.0,9.13,76.94,6.24,93.47,7.96,4.34,Sí,Ingeniería Industrial,4.38
STU-13920,32.0,20.83,97.36,6.65,100.0,6.75,8.14,No,Contador Auditor,4.97
STU-10768,23.0,13.8,88.23,7.0,100.0,7.5,9.13,Sí,Ingeniería Informática,5.34
STU-10061,25.0,53.16499013183913,78.04,5.91,69.8,10.43,5.62,No,Administración,4.48
STU-10193,22.0,10.79,88.29,5.98,100.0,5.41,6.18,NO,Administración,3.82
STU-11173,24.0,20.04,94.19,6.05,89.75,7.54,3.48,Sí,Ingeniería Civil,5.32
STU-13154,27.0,8.79,84.17,5.98,100.0,4.03,4.29,No,Ingeniería Industrial,4.91
STU-10650,24.0,12.55,94.38,5.89,100.0,4.09,3.41,No,Ingeniería Informática,4.31
STU-12216,21.0,15.53,81.43,5.78,100.0,4.71,7.19,No,Administración,4.36
STU-10674,23.0,8.05,74.88,4.66,78.81,7.67,4.27,No,Contador Auditor,3.38
STU-12235,21.0,12.26,64.43,6.25,93.42,8.75,13.71,Sí,Ingeniería Informática,4.76
STU-10610,26.0,12.37,87.07,7.0,86.86,6.71,14.23,Sí,Ingeniería Industrial,5.05
STU-10835,20.0,11.13,92.47,5.32,90.82,7.33,5.61,No,Administración,3.97
STU-10986,20.0,14.15,87.16,4.86,100.0,6.62,9.52,No,Administración,4.26
STU-10304,26.0,7.2,72.01,6.27,75.35,4.54,1.23,No,Ingeniería Informática,3.4
STU-14921,19.0,6.33,74.46,,68.48,5.1,6.19,No,Ingeniería Industrial,3.09
STU-11306,30.0,9.5,84.73,5.24,83.19,7.1,10.1,Sí,Administración,4.34
STU-14559,26.0,11.92,79.72,5.6,66.66,6.42,11.74,No,Contador Auditor,3.12
STU-11401,25.0,19.69,100.0,5.95,100.0,6.22,18.0,No,Ingeniería Civil,5.28
STU-11050,24.0,6.22,88.58,5.8,96.84,7.5,6.38,No,Ingeniería Informática,4.71
STU-14639,23.0,12.93,90.06,4.98,90.03,6.1,3.83,No,Ingeniería Informática,4.39
STU-14331,19.0,9.75,73.19,5.22,82.76,6.89,2.99,No,Ingeniería Informática,3.67
STU-13152,23.0,5.49,76.63,4.77,72.97,6.94,,No,Ingeniería Informática,2.93
STU-12695,28.0,9.61,63.75,4.0,78.52,7.14,6.66,No,Ingeniería Civil,2.74
STU-13179,24.0,7.56,81.48,6.39,79.59,5.43,4.68,No,Contador Auditor,3.32
STU-13888,25.0,17.17,100.0,5.28,100.0,7.91,4.37,No,Ingeniería Industrial,4.48
STU-14448,20.0,16.78,96.64,5.76,100.0,8.07,8.2,No,Ingeniería Civil,4.83
STU-13701,22.0,10.64,89.8,5.99,84.89,6.58,5.71,No,Ingeniería Informática,4.32
STU-12173,32.0,15.97,77.28,6.66,80.1,4.93,1.22,No,Ingeniería Civil,4.6
STU-10813,27.0,,71.45,4.95,63.43,5.74,4.12,No,Ingeniería Informática,3.12
STU-13769,22.0,18.9,76.33,6.08,100.0,6.22,3.4,Sí,Ingeniería Informática,4.38
STU-10374,27.0,5.3,92.84,5.0,75.84,3.0,5.59,No,Administración,3.48
STU-14596,25.0,15.82,85.05,6.56,100.0,7.55,6.88,Sí,,4.92
STU-10951,25.0,10.4,,7.0,88.12,8.33,3.36,Sí,Ingeniería Informática,5.41
STU-14857,25.0,11.85,74.21,5.78,90.19,8.19,4.21,No,Ingeniería Civil,3.96
STU-13770,25.0,18.42,99.57,6.44,100.0,5.53,7.85,No,Ingeniería Industrial,5.56
STU-10091,19.0,14.99,95.71,5.79,100.0,6.41,3.97,No,Administración,4.25
STU-14673,22.0,14.86,100.0,6.25,91.72,5.72,11.29,No,Ingeniería Informática,5.79
STU-11228,25.0,11.47,81.08,5.4,100.0,8.01,2.39,No,Ingeniería Civil,4.52
STU-14548,23.0,2.13,66.31,4.31,62.59,4.88,6.48,No,Contador Auditor,1.96
STU-14132,22.0,,79.21,5.12,73.67,7.31,5.78,No,Ingeniería Industrial,3.93
STU-11320,25.0,4.59,73.76,6.23,64.78,7.12,10.63,Sí,Contador Auditor,3.52
STU-14109,18.0,10.37,95.16,5.78,91.58,7.86,5.52,No,Ingeniería Informática,4.53
STU-14777,27.0,15.54,81.14,5.64,100.0,7.18,2.46,No,Ingeniería Industrial,4.5
STU-10238,23.0,12.17,67.08,5.71,59.95,4.7,54.479722178267586,Sí,Ingeniería Civil,3.66
STU-12230,27.0,17.16,82.94,6.11,93.31,6.29,5.38,No,Administración,3.46
STU-10090,24.0,15.12,95.64,6.42,98.87,6.86,4.47,No,Ingeniería Civil,4.56
STU-10800,20.0,,91.04,5.9,83.5,7.93,3.11,No,Ingeniería Civil,4.06
STU-13505,24.0,15.22,87.55,6.39,100.0,8.29,0.63,No,Ingeniería Industrial,5.21
STU-13232,22.0,27.0,94.12,,100.0,8.05,3.37,No,Ingeniería Industrial,5.69
STU-12208,22.0,9.72,69.83,6.33,77.09,8.78,13.08,No,Ingeniería Civil,3.4
STU-12505,27.0,10.76,91.69,5.67,90.21,6.71,16.82,No,Ingeniería Civil,4.66
STU-14456,26.0,14.86,84.51,,98.82,4.91,10.76,No,Ingeniería Industrial,4.34
STU-11210,27.0,14.72,100.0,6.49,100.0,8.2,2.13,No,Ingeniería Civil,4.22
STU-14816,18.0,15.37,99.22,6.0,100.0,7.64,3.85,Sí,Ingeniería Civil,5.09
STU-12136,70.0,15.35,94.82,5.75,100.0,7.24,6.96,No,Ingeniería Industrial,5.31
STU-12362,20.0,1.54,76.52,5.88,64.61,8.26,9.93,No,Administración,2.66
STU-10361,24.0,10.83,61.14,5.06,94.26,8.76,13.77,No,Contador Auditor,3.92
STU-11167,30.0,11.75,73.73,5.98,90.58,3.83,4.4,No,Ingeniería Informática,4.18
STU-14998,27.0,3.27,67.8,5.18,52.86,7.33,,No,Ingeniería Civil,2.51
STU-12885,22.0,,87.49,6.21,59.69,7.36,9.1,Sí,Ingeniería Informática,3.73
STU-12644,19.0,14.47,86.16,5.19,98.32,4.52,3.05,Sí,Administración,4.36
STU-11883,21.0,13.61,87.98,4.91,100.0,9.2,2.72,No,Ingeniería Informática,4.54
STU-14152,18.0,28.85,100.0,6.3,100.0,5.31,,Sí,Ingeniería Civil,5.64
STU-12097,25.0,13.34,78.0,5.02,89.91,7.34,11.27,Sí,Ingeniería Civil,4.12
STU-12365,19.0,8.98,65.5,5.83,76.06,5.25,7.19,No,Ingeniería Industrial,3.18
STU-12946,22.0,16.3,90.77,5.42,100.0,7.59,11.39,No,Ingeniería Industrial,4.73
STU-11344,29.0,15.88,71.99,4.02,84.52,8.23,5.17,No,Administración,3.53
STU-13428,25.0,14.97,77.44,5.09,100.0,5.49,10.46,No,Ingeniería Informática,4.63
STU-12708,19.0,13.05,88.55,5.96,96.29,3.98,6.07,Sí,Contador Auditor,5.42
STU-11133,21.0,9.21,74.86,4.52,76.6,6.85,3.32,No,Ingeniería Civil,2.93
STU-11371,20.0,14.51,75.87,5.46,84.85,6.55,5.39,,Ingeniería Informática,3.79
STU-11369,23.0,9.82,92.93,6.34,73.89,7.91,5.83,No,Administración,4.75
STU-11769,18.0,10.69,66.9,5.0,92.48,5.07,16.71,No,Administración,4.64
STU-10711,18.0,13.97,98.09,6.4,100.0,8.19,5.38,Sí,Ingeniería Industrial,4.61
STU-12022,23.0,6.29,,6.75,87.67,4.3,2.08,Sí,Ingeniería Civil,4.15
STU-12717,30.0,7.72,86.22,5.39,100.0,10.17,9.59,No,Ingeniería Informática,4.03
STU-11889,22.0,4.31,66.7,4.61,80.74,7.59,7.42,Sí,Administración,3.03
STU-10485,22.0,15.62,79.55,5.36,84.06,7.13,2.45,Sí,Contador Auditor,3.95
STU-10080,18.0,7.84,100.0,4.71,78.55,8.87,7.38,No,Ingeniería Industrial,3.9
STU-10576,23.0,16.58,85.2,6.39,91.03,8.02,4.36,Sí,Contador Auditor,5.6
STU-12984,24.0,14.94,84.6,5.65,90.56,5.62,4.23,No,Contador Auditor,4.53
STU-12888,18.0,8.13,,4.28,86.99,7.39,12.18,No,Contador Auditor,3.61
STU-14187,23.0,7.37,82.16,5.5,81.29,6.4,4.14,No,Ingeniería Civil,3.71
STU-12608,18.0,15.11,77.95,6.46,89.27,4.28,5.63,No,Ingeniería Informática,5.24
STU-14873,20.0,1.0,64.36,4.69,44.06,6.52,6.86,No,Ingeniería Industrial,1.0
STU-13007,32.0,3.27,72.53,6.48,64.2,,8.05,Sí,Contador Auditor,3.65
STU-13681,18.0,9.08,86.5,6.28,86.74,7.21,4.03,No,Ingeniería Industrial,4.73
STU-13735,23.0,14.57,,4.92,99.35,6.18,5.64,Sí,Contador Auditor,4.64
STU-10379,25.0,,84.12,4.81,82.43,9.68,4.45,No,Ingeniería Civil,4.31
STU-10542,26.0,14.81,89.25,6.3,71.36,9.11,4.78,No,Ingeniería Industrial,3.58
STU-12543,29.0,15.06,92.47,5.32,79.55,6.25,8.69,No,Ingeniería Informática,4.25
STU-14463,27.0,18.47,100.0,6.7,100.0,7.16,11.52,No,Ingeniería Industrial,5.64
STU-11165,27.0,10.75,87.31,5.84,87.73,6.93,4.43,No,Ingeniería Informática,4.62
STU-13223,21.0,9.67,84.04,6.01,95.88,6.76,9.08,No,Contador Auditor,4.42
STU-14490,18.0,6.06,81.86,,70.67,8.35,5.71,Sí,Ingeniería Industrial,4.24
STU-12514,26.0,12.4,90.17,7.0,88.48,7.73,4.9,Sí,Ingeniería Industrial,5.33
STU-13945,25.0,11.85,92.95,5.57,100.0,6.13,5.57,Sí,Ingeniería Civil,4.6
STU-14098,27.0,7.83,53.68,4.16,59.33,8.37,6.31,No,Ingeniería Industrial,2.5
STU-14347,24.0,9.4,76.26,4.75,67.07,9.19,6.28,No,Ingeniería Industrial,2.79
STU-13637,19.0,6.89,94.76,6.05,83.09,,8.34,No,Ingeniería Industrial,3.97
STU-10028,21.0,12.94,80.47,5.96,,7.47,5.39,No,Ingeniería Industrial,3.11
STU-10110,23.0,17.45,97.95,6.12,100.0,6.63,6.0,Sí,Administración,6.07
STU-14973,18.0,14.15,89.85,6.27,79.78,6.37,9.11,Sí,Contador Auditor,4.71
STU-12106,22.0,11.58,76.65,,74.45,4.37,5.35,No,Ingeniería Informática,3.92
STU-10765,28.0,7.89,94.58,,98.11,5.76,6.25,Sí,Ingeniería Industrial,3.39
STU-11618,29.0,6.62,84.47,5.39,85.1,7.74,3.59,No,Administración,4.16
STU-11487,21.0,19.16,100.0,5.51,94.84,5.16,4.6,No,Ingeniería Industrial,4.25
STU-11108,21.0,2.49,,4.48,60.13,5.32,10.75,No,Ingeniería Informática,1.59
STU-13285,29.0,20.56,100.0,5.78,100.0,6.9,3.04,No,Ingeniería Civil,5.28
STU-14285,21.0,13.3,80.92,5.61,97.04,5.86,3.4,Sí,Ingeniería Civil,4.52
STU-12144,28.0,24.92,84.41,7.0,100.0,8.49,,Sí,Ingeniería Informática,5.75
STU-10097,21.0,11.38,84.47,5.31,79.68,5.16,6.17,No,Contador Auditor,3.26
STU-11024,28.0,16.94,80.06,6.11,100.0,7.0,5.96,No,Administración,5.01
STU-14494,18.0,12.53,100.0,5.33,95.28,6.0,7.86,Sí,Contador Auditor,4.27
STU-14571,27.0,16.01,90.37,7.0,100.0,3.56,3.6,Sí,Ingeniería Informática,5.04
STU-12657,19.0,12.26,74.11,5.55,66.74,7.17,9.29,No,Ingeniería Civil,2.32
STU-11461,25.0,12.59,77.63,6.39,100.0,6.04,9.87,Sí,Contador Auditor,4.92
STU-13365,19.0,10.63,80.18,5.07,95.29,7.81,10.72,Sí,Ingeniería Informática,3.56
STU-14685,28.0,7.35,73.64,5.72,84.6,6.72,2.95,,Ingeniería Industrial,4.13
STU-11755,24.0,10.97,81.01,5.94,91.02,5.35,7.57,Sí,Contador Auditor,4.02
STU-12221,22.0,12.32,92.55,4.95,88.07,7.18,2.11,No,Ingeniería Civil,4.53
STU-14307,24.0,6.47,70.02,4.61,72.06,8.26,4.97,Sí,Ingeniería Informática,3.25
STU-14447,24.0,18.04,90.76,5.76,89.33,6.9,,Sí,Ingeniería Civil,5.59
STU-11435,24.0,5.33,88.35,5.55,71.92,9.1,2.61,No,Contador Auditor,4.11
STU-11574,27.0,14.92,95.8,5.3,100.0,,8.7,No,Ingeniería Industrial,4.53
STU-10300,22.0,9.83,76.11,5.98,70.15,6.32,5.19,Sí,Ingeniería Civil,4.59
STU-13557,19.0,18.31,94.89,5.99,100.0,7.26,3.2,No,Administración,5.47
STU-12475,22.0,10.21,65.8,4.45,90.52,6.65,2.48,No,Ingeniería Civil,3.45
STU-10553,29.0,12.84,97.61,5.93,91.64,7.39,5.07,No,Ingeniería Informática,3.95
STU-10333,20.0,15.94,89.26,5.91,85.45,5.56,7.35,Sí,Ingeniería Informática,4.26
STU-12438,25.0,13.4,85.84,6.84,83.86,5.9,3.38,Sí,Ingeniería Informática,4.46
STU-12775,19.0,15.81,91.22,5.99,96.27,7.26,2.44,,Ingeniería Civil,4.77
STU-14259,18.0,14.01,93.33,6.05,53.01,4.98,4.61,No,Administración,3.39
STU-13673,21.0,9.94,,7.0,80.45,4.64,3.62,No,Ingeniería Industrial,4.84
STU-12892,24.0,10.25,80.5,6.71,,6.98,5.44,No,Ingeniería Industrial,4.41
STU-11972,18.0,6.83,58.33,5.22,43.94,5.23,5.98,No,Ingeniería Informática,1.59
STU-10504,30.0,16.59,90.3,6.04,66.71,8.24,,Sí,Ingeniería Industrial,4.45
STU-14195,21.0,17.52,86.23,6.9,97.51,7.66,6.72,No,Administración,4.79
STU-11591,23.0,8.53,85.67,5.44,81.67,6.62,2.08,No,Ingeniería Industrial,3.12
STU-12485,18.0,14.9,96.36,6.48,100.0,6.62,1.9,No,Ingeniería Civil,5.55
STU-10931,25.0,7.52,79.25,5.98,92.91,6.97,3.14,No,Ingeniería Industrial,4.19
STU-10261,31.0,12.86,,5.21,76.01,5.98,6.52,Sí,Administración,2.99
STU-10818,18.0,8.1,100.0,6.01,86.1,7.02,4.01,No,Ingeniería Informática,4.54
STU-14803,24.0,2.61,55.58,3.77,79.57,8.32,3.46,No,Ingeniería Industrial,2.3
STU-13314,18.0,14.97,,5.22,83.66,7.39,4.28,No,Ingeniería Industrial,3.88
STU-14366,23.0,16.27,89.92,7.0,100.0,6.74,3.24,Sí,Ingeniería Informática,4.91
STU-12320,25.0,14.73,85.51,5.45,100.0,8.45,9.75,No,Ingeniería Civil,4.48
STU-14623,21.0,9.68,83.44,5.11,91.23,7.66,4.55,No,Ingeniería Industrial,3.39
STU-13976,18.0,19.95,74.42,6.4,100.0,10.15,8.75,Sí,Contador Auditor,5.13
STU-11328,20.0,14.86,78.34,5.19,83.11,7.66,5.83,Sí,Ingeniería Industrial,4.78
STU-11695,18.0,16.7,92.14,6.38,100.0,6.04,10.67,No,Ingeniería Informática,5.41
STU-11736,26.0,17.26,101.27525811722104,6.2,100.0,5.87,3.6,No,Administración,5.65
STU-13042,22.0,16.65,91.16,6.63,100.0,9.62,14.59,No,Ingeniería Industrial,4.99
STU-12936,20.0,5.8,79.5,5.13,56.68,7.01,8.4,No,Ingeniería Civil,2.43
STU-11032,20.0,11.71,100.0,6.1,82.48,6.09,7.1,No,Contador Auditor,5.02
STU-12427,20.0,9.73,71.89,6.2,84.62,9.36,5.64,No,Ingeniería Civil ,3.54
STU-10899,19.0,10.73,100.0,5.59,77.06,7.88,7.04,No,Ingeniería Informática,3.87
STU-12998,19.0,23.02,96.92,5.57,100.0,6.16,5.92,No,Ingeniería Informática,5.62
STU-10784,20.0,8.35,73.62,6.09,73.93,9.18,4.84,No,Ingeniería Industrial,4.01
STU-12219,24.0,7.2,87.77,5.78,99.41,8.31,6.33,No,Ingeniería Civil,4.21
STU-13987,28.0,7.72,93.87,6.49,98.92,8.09,5.44,No,Ingeniería Industrial,4.78
STU-10268,29.0,13.25,84.3,6.41,,6.65,,Sí,Ingeniería Informática,4.58
STU-10107,27.0,10.67,76.89,5.52,76.45,6.81,3.71,No,Ingeniería Informática,3.63
STU-12278,18.0,7.56,97.31,4.91,88.54,7.4,12.06,Sí,Ingeniería Informática,4.32
STU-10425,19.0,10.54,79.77,6.2,91.87,5.99,11.35,No,Administración,4.51
STU-14261,28.0,6.28,91.89,5.83,97.22,5.36,9.47,No,Ingeniería Industrial,3.83
STU-14942,20.0,10.71,82.9,5.67,68.54,5.48,7.27,Sí,Contador Auditor,3.0
STU-13423,25.0,12.83,73.57,6.31,91.18,6.52,11.09,No,Ingeniería Civil,3.96
STU-13465,20.0,13.07,84.1,5.46,100.0,6.7,15.75,Sí,Ingeniería Civil,4.22
STU-12487,23.0,12.58,93.49,5.4,91.74,5.7,8.57,No,,4.46
STU-14253,27.0,21.81,98.71,,100.0,6.47,3.34,No,Ingeniería Civil,5.57
STU-14279,26.0,9.03,97.47,,95.94,5.39,4.73,No,Administración,3.62
STU-13093,21.0,14.96,88.2,6.44,,5.93,1.04,Sí,Ingeniería Informática,5.11
STU-13755,21.0,14.38,100.0,5.83,83.36,7.03,3.89,Sí,Contador Auditor,4.42
STU-13637,19.0,6.89,94.76,6.05,83.09,,8.34,No,Ingeniería Industrial,3.97
STU-12435,25.0,14.57,89.77,5.4,93.45,9.02,,Sí,Ingeniería Industrial,4.83
STU-14778,21.0,13.82,87.43,4.42,87.05,5.63,9.48,Sí,Contador Auditor,3.95
STU-10709,31.0,11.04,100.0,5.5,88.95,6.92,6.32,No,Administración,4.88
STU-12520,20.0,11.28,86.22,5.81,78.69,7.71,10.35,No,Ingeniería Informática,4.22
STU-10249,18.0,14.15,97.48,5.69,100.0,4.66,11.31,Sí,Ingeniería Industrial,4.26
STU-14255,25.0,15.04,85.87,6.6,100.0,6.34,2.15,No,Ingeniería Civil,5.3
STU-12671,24.0,13.67,92.41,5.86,83.47,5.88,3.9,No,Ingeniería Civil,3.59
STU-14786,21.0,16.63,84.53,5.52,,10.03,3.69,Sí,Ingeniería Industrial,4.74
STU-14660,18.0,6.16,83.73,5.48,,8.88,13.76,No,Administración,3.96
STU-13993,21.0,8.99,80.21,4.54,77.39,6.41,1.76,No,Ingeniería Civil,2.62
STU-12448,18.0,15.44,95.79,5.65,100.0,8.79,6.0,Sí,Contador Auditor,4.57
STU-13741,18.0,13.79,99.84,5.47,91.24,6.02,3.4,No,Ingeniería Industrial,4.51
STU-13593,27.0,11.67,90.62,5.11,100.0,5.85,5.2,No,Ingeniería Informática,3.78
STU-14017,19.0,15.69,75.53,5.93,100.0,7.41,,No,Ingeniería Informática,3.6
STU-11813,25.0,17.51,92.0,6.97,100.0,,6.96,No,Ingeniería Informática,5.95
STU-12189,26.0,12.47,77.09,5.06,91.16,4.77,2.93,No,Ingeniería Civil,3.14
STU-10146,29.0,18.44,99.61,5.8,100.0,7.81,5.34,Sí,Ingeniería Civil,5.11
STU-13626,24.0,16.09,,6.26,82.46,9.21,5.72,No,Ingeniería Industrial,4.91
STU-10911,18.0,15.82,86.42,5.62,75.32,8.32,46.84523987650963,Sí,Ingeniería Informática,4.87
STU-11996,25.0,17.96,100.0,5.98,100.0,7.64,3.52,No,Administración,5.25
STU-13918,22.0,17.94,100.0,5.67,100.0,6.93,8.01,No,Contador Auditor,4.68
STU-11230,29.0,8.32,81.22,5.6,74.51,7.57,1.87,Sí,Administración,4.62
STU-10876,29.0,14.07,85.1,5.74,88.31,7.89,5.4,No,Ingeniería Industrial,4.69
STU-10349,19.0,9.14,68.94,6.46,,5.72,4.69,No,Ingeniería Informática,4.41
STU-11945,23.0,9.05,74.92,5.81,65.15,8.66,2.63,No,Ingeniería Civil,3.19
STU-12142,27.0,11.08,77.98,4.23,78.45,6.47,4.42,No,Administración,3.53
STU-14058,25.0,6.79,84.02,5.51,84.64,,39.95650984029339,No,Ingeniería Informática,4.07
STU-13779,23.0,9.76,79.04,6.07,81.97,5.28,4.85,Sí,Ingeniería Civil,4.34
STU-14528,22.0,3.07,65.56,4.68,,6.01,3.46,No,Ingeniería Industrial,2.85
STU-14119,29.0,7.51,69.25,3.9,61.56,6.34,8.59,No,Ingeniería Industrial,2.71
STU-10086,20.0,14.49,72.2,6.32,100.0,8.46,5.39,No,Ingeniería Industrial,4.17
STU-13662,27.0,15.18,85.54,5.02,100.0,8.47,9.24,No,Administración,5.18
STU-14080,29.0,10.36,84.56,5.37,85.82,,,No,Ingeniería Civil,3.51
STU-14235,,12.27,67.14,5.12,68.0,4.79,2.22,No,Contador Auditor,2.97
STU-10057,23.0,15.68,100.0,6.35,100.0,6.27,16.62,No,Ingeniería Informática,6.07
STU-13164,18.0,16.11,72.01,5.11,92.79,7.25,4.67,No,Administración,3.08
STU-13475,22.0,16.02,79.0,5.17,100.0,5.44,16.97,Sí,Ingeniería Informática,4.39
STU-14479,26.0,14.7,86.52,6.06,93.26,6.55,3.34,No,Ingeniería Informática,4.43
STU-12822,22.0,10.79,100.0,5.36,75.33,6.5,10.89,No,Administración,4.06
STU-12253,30.0,15.18,94.69,6.33,90.24,7.38,,No,Administración,5.82
STU-10000,28.0,12.8,92.71,5.87,82.69,7.73,14.62,No,Ingeniería Civil,3.55
STU-13205,23.0,14.69,96.88,5.55,100.0,5.8,2.81,No,Ingeniería Informática,5.66
STU-10474,20.0,2.92,67.22,4.62,65.59,8.2,4.29,,Ingeniería Industrial,3.06
STU-11151,24.0,11.66,88.27,5.65,82.15,6.51,5.95,No,Ingeniería Civil,3.34
STU-13574,30.0,5.42,70.53,4.71,67.5,7.19,8.28,No,Ingeniería Informática,2.59
STU-11542,21.0,7.35,84.78,5.22,80.56,7.56,7.49,Sí,Ingeniería Informática,3.55
STU-11628,26.0,14.83,83.19,6.26,87.02,,3.18,No,Ingeniería Civil,4.76
STU-11846,29.0,17.04,97.0,5.97,84.26,,8.06,Sí,Contador Auditor,5.27
STU-14736,26.0,7.84,72.04,5.33,92.95,6.63,1.1,Sí,Ingeniería Civil,4.19
STU-11346,21.0,14.9,89.94,5.41,100.0,5.5,11.53,No,Ingeniería Industrial,4.67
STU-11941,18.0,,72.55,5.34,69.6,6.32,5.1,Sí,Administración,2.94
STU-12799,,13.9,89.77,5.83,100.0,10.06,5.31,No,Contador Auditor,4.81
STU-12059,26.0,10.1,,5.7,80.53,6.8,8.25,No,Ingeniería Informática,3.88
STU-11148,22.0,18.0,89.59,5.63,100.0,7.15,1.7,No,Contador Auditor,4.91
STU-13201,18.0,20.27,92.1,5.05,100.0,9.39,6.49,No,Ingeniería Civil,5.45
STU-11219,20.0,13.33,93.28,6.23,86.62,6.5,2.05,No,Ingeniería Informática,5.54
STU-13184,22.0,11.56,97.24,6.44,83.61,7.41,6.63,,Contador Auditor,4.41
STU-10974,28.0,9.8,100.0,,95.31,6.72,3.44,Sí,Ingeniería Informática,3.7
STU-13745,21.0,11.75,95.57,5.35,92.4,9.33,11.83,No,Contador Auditor,4.41
STU-11969,22.0,1.0,68.58,4.89,63.44,6.56,5.14,Sí,Ingeniería Informática,2.96
STU-13012,24.0,20.46,84.6,4.83,100.0,7.56,11.75,No,Contador Auditor,5.76
STU-11272,22.0,5.1,77.34,5.26,63.14,5.21,5.44,No,Administración,3.3
STU-13962,18.0,11.95,92.28,4.82,93.21,6.37,7.18,No,Ingeniería Informática,3.49
STU-12039,28.0,12.59,84.41,6.18,85.66,4.64,5.68,No,Ingeniería Industrial,4.55
STU-13818,18.0,10.28,85.91,6.39,79.83,8.92,4.57,No,Ingeniería Industrial,4.3
STU-11702,26.0,13.97,93.23,7.0,61.23,5.7,7.51,No,Contador Auditor,3.45
STU-13282,18.0,14.6,71.42,5.25,100.0,8.43,3.61,Sí,Ingeniería Industrial,4.86
STU-13704,24.0,10.33,78.27,5.8,74.44,6.93,13.36,Sí,Ingeniería Industrial,3.99
STU-11882,18.0,14.22,81.44,5.42,100.0,6.96,8.51,No,Administración,5.03
STU-12191,21.0,8.69,63.5,5.14,58.35,5.4,7.9,No,Contador Auditor,2.9
STU-12929,18.0,17.11,100.0,6.57,100.0,5.53,6.98,No,Ingeniería Industrial,4.77
STU-14498,23.0,13.41,80.5,4.99,89.55,7.38,3.31,No,Administración,3.94
STU-10373,26.0,5.68,88.41,6.66,62.38,4.89,6.07,No,Contador Auditor,3.77
STU-14023,24.0,13.95,63.79,6.18,81.87,7.46,5.75,Sí,,4.3
STU-10760,28.0,9.72,70.62,5.32,,7.05,3.18,No,Contador Auditor,3.59
STU-13986,23.0,3.25,61.47,4.34,75.77,5.78,6.76,No,Ingeniería Civil,2.03
STU-10423,28.0,20.41,100.0,6.15,100.0,6.36,,No,Administración,4.66
STU-12377,28.0,7.42,85.3,5.34,74.05,7.34,5.99,No,Ingeniería Informática,4.09
STU-10847,24.0,12.25,82.99,4.88,79.58,7.53,14.58,No,Administración,4.1
STU-11801,24.0,10.37,95.09,5.4,64.72,8.17,4.8,No,Contador Auditor,2.82
STU-14609,26.0,6.21,71.0,4.5,75.28,,6.92,Sí,Ingeniería Civil,3.68
STU-13636,27.0,22.29,99.09,6.38,100.0,6.14,2.85,No,Ingeniería Informática,5.63
STU-12071,26.0,17.51,90.39,7.0,100.0,,,Sí,Ingeniería Industrial,4.93
STU-11106,27.0,22.88,93.47,6.07,100.0,7.37,1.59,No,Ingeniería Informática,5.58
STU-12923,24.0,15.19,89.57,5.88,87.79,7.79,2.28,No,Ingeniería Civil,4.26
STU-12674,24.0,14.38,76.88,5.6,100.0,4.96,9.96,No,Contador Auditor,2.85
STU-13016,24.0,9.48,89.48,6.04,98.13,4.77,13.62,Sí,Ingeniería Informática,4.29
STU-10714,26.0,11.22,96.33,5.98,77.82,8.54,8.43,No,Contador Auditor,3.72
STU-13819,35.0,9.47,98.05,5.43,100.0,5.96,11.31,No,Ingeniería Civil,4.22
STU-13167,23.0,9.63,92.72,,78.96,7.9,8.41,Sí,Administración,4.71
STU-14334,26.0,17.09,91.63,5.43,100.0,4.01,17.26,No,Administración,4.92
STU-11418,25.0,14.42,89.49,5.31,97.52,7.29,3.8,Sí,Ingeniería Informática,4.26
STU-11718,18.0,2.14,73.09,5.71,37.42,6.85,2.86,No,Administración,2.72
STU-11845,21.0,12.68,96.52,6.35,88.41,7.33,10.62,No,Administración,4.73
STU-14397,21.0,15.53,100.0,6.18,88.0,7.34,5.45,No,,5.03
STU-10503,20.0,2.73,53.06,4.68,60.35,7.87,8.75,No,Ingeniería Civil,1.42
STU-11087,27.0,8.07,77.67,5.82,66.18,8.21,6.69,No,Administración,3.33
STU-12643,18.0,12.97,80.09,5.18,96.91,8.83,6.18,No,Ingeniería Civil,4.29
STU-12844,19.0,17.09,88.16,6.33,100.0,7.25,2.6,Sí,Contador Auditor,5.16
STU-12234,19.0,17.55,100.0,6.08,100.0,8.23,9.31,No,Contador Auditor,5.2
STU-12682,19.0,13.23,93.42,,88.72,5.86,6.81,No,Ingeniería Civil,4.91
STU-10228,24.0,13.4,87.66,7.0,94.91,6.5,2.01,Sí,Administración,5.26
STU-12871,26.0,6.67,65.82,5.36,79.52,8.63,8.05,No,Ingeniería Informática,3.33
STU-14282,20.0,4.18,77.52,4.98,69.74,7.96,2.79,No,Administración,3.78
STU-12242,23.0,9.83,79.85,5.01,100.0,6.18,14.55,No,Ingeniería Informática,3.83
STU-14254,24.0,7.73,82.85,5.39,70.9,7.5,10.62,No,Ingeniería Industrial,3.44
STU-14593,22.0,7.91,90.05,5.83,89.52,8.86,4.75,No,Ingeniería Informática,4.25
STU-11993,22.0,11.84,100.0,6.09,89.47,6.12,,Sí,Ingeniería Industrial,4.27
STU-14985,23.0,7.45,87.87,5.93,66.88,6.15,6.26,No,Ingeniería Civil,3.49
STU-13969,23.0,11.98,85.08,5.25,95.7,6.68,5.2,No,Administración,4.39
STU-11403,23.0,7.58,86.78,5.46,63.07,6.0,7.23,Sí,Administración,3.22
STU-13350,20.0,14.3,86.04,7.0,99.55,6.68,4.5,No,Administración,5.7
STU-13903,20.0,10.04,73.16,6.26,82.94,7.66,7.03,No,Ingeniería Industrial,3.88
STU-14871,25.0,14.4,76.2,5.3,77.97,6.92,16.61,Sí,Ingeniería Informática,3.86
STU-11174,25.0,10.29,80.94,5.72,63.82,6.78,10.94,No,Ingeniería Industrial,3.89
STU-11122,19.0,6.72,83.96,6.12,86.35,8.57,8.3,No,,3.88
STU-10515,21.0,12.6,87.11,5.4,88.65,8.48,11.22,Sí,Contador Auditor,3.56
STU-12275,22.0,11.21,98.97,5.11,97.62,8.78,6.47,Sí,Ingeniería Informática,4.38
STU-14346,20.0,13.3,57.33,5.7,100.0,6.69,5.38,No,Ingeniería Informática,4.36
STU-13240,27.0,16.71,85.01,4.89,93.61,8.59,10.16,No,Administración,4.47
STU-14700,18.0,15.88,93.43,6.53,74.42,6.73,6.21,No,Ingeniería Industrial,4.6
STU-10924,31.0,,70.06,5.68,76.27,6.89,2.49,No,Contador Auditor,3.79
STU-11039,23.0,14.0,90.05,5.91,100.0,7.66,6.25,Sí,Ingeniería Industrial,4.51
STU-11921,21.0,5.56,89.2,4.59,85.12,7.39,4.54,Sí,Ingeniería Industrial,3.92
STU-11650,27.0,12.25,77.93,6.49,,5.29,6.15,No,Ingeniería Informática,4.96
STU-11899,18.0,16.23,90.23,6.4,100.0,7.1,9.0,No,Ingeniería Informática,4.98
STU-10216,24.0,13.82,79.29,4.0,92.23,5.36,6.36,No,Ingeniería Civil,3.41
STU-14967,24.0,15.72,87.21,6.22,100.0,6.54,4.63,Sí,Ingeniería Informática,4.59
STU-14085,21.0,9.5,92.21,6.53,79.39,8.47,1.89,No,Ingeniería Industrial,3.9
STU-11497,19.0,7.37,76.44,5.03,64.97,8.48,11.9,No,Administración,3.09
STU-11858,34.0,15.28,69.15,6.34,96.93,4.98,6.05,No,Ingeniería Informática,4.15
STU-11888,22.0,12.52,81.8,7.0,63.38,9.7,5.53,Sí,Ingeniería Industrial,5.04
STU-13726,23.0,10.76,116.22250551622703,5.0,72.32,6.66,61.484753591516146,No,Ingeniería Informática,3.07
STU-10391,22.0,6.91,56.02,4.99,73.84,7.75,6.16,No,Ingeniería Industrial,2.21
STU-10150,21.0,12.15,86.18,4.64,73.32,6.42,3.57,No,Ingeniería Informática,3.54
STU-10819,23.0,,73.22,5.54,72.98,6.02,7.91,Sí,Administración,3.88
STU-13044,32.0,11.59,88.65,4.8,100.0,7.42,6.28,Sí,Ingeniería Industrial,4.14
STU-13150,18.0,10.98,72.95,4.52,76.4,7.6,7.59,No,Ingeniería Informática,3.06
STU-13998,25.0,9.72,98.36,6.84,89.52,5.59,4.86,No,Administración,5.36
STU-14773,24.0,21.17,88.19,6.44,100.0,7.27,10.0,No,Ingeniería Informática,5.59
STU-10983,23.0,,81.02,4.92,77.48,7.62,14.89,Sí,Ingeniería Informática,3.89
STU-12535,19.0,19.34,100.0,,100.0,7.86,6.16,Sí,Contador Auditor,5.58
STU-13433,25.0,21.63,95.52,6.4,100.0,8.29,5.37,Sí,Ingeniería Informática,5.7
STU-13525,23.0,8.67,76.84,5.06,100.0,8.7,4.22,No,Ingeniería Civil,4.45
STU-12661,23.0,3.46,80.32,5.72,61.33,5.52,6.08,Sí,Ingeniería Industrial,3.65
STU-14375,28.0,13.63,82.5,6.24,66.1,6.49,2.7,Sí,Ingeniería Industrial,3.58
STU-14895,25.0,12.72,77.37,5.79,100.0,4.63,8.74,No,Ingeniería Civil ,4.1
STU-10569,25.0,17.58,91.54,,93.15,7.63,4.7,No,Ingeniería Informática,4.36
STU-11512,21.0,14.68,76.38,,89.42,5.86,3.96,Sí,Ingeniería Informática,3.63
STU-14213,28.0,18.77,100.0,6.46,100.0,5.68,10.69,Sí,Contador Auditor,5.53
STU-13720,31.0,14.35,98.66,6.58,100.0,6.23,3.17,Sí,Ingeniería Civil,4.81
STU-10029,27.0,10.44,,6.53,82.71,6.58,5.54,Sí,Administración,5.46
STU-12412,31.0,9.27,88.57,4.83,92.14,6.63,8.41,No,Ingeniería Civil,3.64
STU-13213,23.0,17.99,97.63,5.7,100.0,7.28,9.33,No,Ingeniería Industrial,5.6
STU-12009,20.0,9.11,77.43,5.66,85.64,6.0,1.45,No,Ingeniería Civil,3.67
STU-11413,18.0,5.98,93.95,4.82,70.84,7.09,2.2,Sí,Ingeniería Industrial,3.99
STU-11166,25.0,14.99,77.39,6.6,90.32,7.79,5.95,Sí,Ingeniería Industrial,4.71
STU-11681,22.0,19.28,100.0,6.42,100.0,5.17,10.42,Sí,Ingeniería Industrial,5.58
STU-12452,20.0,14.2,98.24,6.77,100.0,7.31,8.04,Sí,Ingeniería Informática,5.51
STU-14924,18.0,5.46,68.69,4.8,73.16,7.27,4.41,Sí,Ingeniería Civil,2.29
STU-14579,22.0,9.84,83.62,5.31,77.73,7.28,7.57,Sí,Ingeniería Industrial,4.39
STU-14457,20.0,14.52,77.66,,65.62,6.76,4.66,No,Ingeniería Industrial,4.01
STU-14364,24.0,11.83,100.0,4.77,85.16,8.7,15.78,No,Administración,5.0
STU-11055,31.0,12.16,100.0,5.81,75.86,6.01,6.75,No,Administración,3.99
STU-13064,27.0,9.07,73.51,5.88,89.43,7.94,4.4,No,Ingeniería Industrial,3.38
STU-11394,27.0,15.28,100.0,5.79,100.0,8.2,18.0,No,Administración,5.7
STU-11644,26.0,19.85,99.98,6.84,100.0,8.21,6.89,No,Ingeniería Civil,5.57
STU-14382,26.0,19.25,86.58,5.82,100.0,7.15,1.62,No,Ingeniería Civil,4.28
STU-12533,23.0,19.19,91.11,5.31,100.0,6.75,8.46,No,Ingeniería Industrial,4.14
STU-14602,26.0,17.03,100.0,6.5,100.0,5.92,7.51,Sí,Ingeniería Informática,5.23
STU-14563,25.0,16.89,88.1,6.45,88.23,7.28,3.52,No,Ingeniería Informática,4.97
STU-11186,20.0,12.65,79.21,4.79,77.53,7.05,6.72,No,Ingeniería Industrial,4.21
STU-13173,22.0,5.35,74.2,6.2,86.02,6.06,12.94,No,Ingeniería Civil,3.6
STU-11000,26.0,10.83,92.05,6.5,75.02,7.88,8.95,No,Contador Auditor,3.6
STU-12615,18.0,18.62,100.0,6.67,100.0,4.96,2.35,No,Ingeniería Informática,5.3
STU-13043,23.0,4.21,82.62,5.48,61.9,6.2,7.97,No,Ingeniería Civil,2.26
STU-10604,23.0,1.72,80.62,4.69,75.16,6.83,1.31,No,Ingeniería Industrial,3.1
STU-11332,30.0,,83.73,6.09,78.41,9.09,6.23,No,Ingeniería Informática,4.9
STU-10937,26.0,14.43,94.55,5.93,,8.05,6.02,No,Ingeniería Informática,5.22
STU-12933,26.0,15.91,91.05,5.83,90.22,6.45,2.46,No,Ingeniería Industrial,3.54
STU-14079,32.0,17.55,80.83,5.88,100.0,8.11,3.61,No,Ingeniería Informática,4.93
STU-12346,24.0,15.25,91.97,6.15,100.0,5.91,7.53,No,Ingeniería Civil,4.58
STU-11829,32.0,17.2,100.0,6.59,100.0,5.89,7.97,Sí,Ingeniería Industrial,5.13
STU-12017,20.0,1.0,77.82,5.11,63.46,7.94,5.71,Sí,Ingeniería Informática,3.15
STU-14703,25.0,9.91,80.15,5.36,84.96,6.86,5.86,No,Ingeniería Industrial,3.82
STU-12576,28.0,1.27,94.12,5.57,91.68,8.23,7.92,No,Contador Auditor,3.83
STU-10271,22.0,4.44,92.03,5.48,86.69,5.73,3.62,No,Ingeniería Civil,3.04
STU-14384,22.0,23.07,95.99,7.0,100.0,5.98,6.87,No,Ingeniería Industrial,5.82
STU-12479,,17.95,77.91,,89.68,7.69,12.46,No,Ingeniería Industrial,5.1
STU-14645,24.0,19.32,100.0,6.34,100.0,6.1,,No,Ingeniería Industrial,5.81
STU-14948,28.0,15.17,87.8,6.3,90.39,8.32,3.48,No,Ingeniería Informática,4.79
STU-13163,18.0,11.61,86.63,,79.18,5.78,11.43,si,Ingeniería Informática,4.32
STU-14093,29.0,5.61,,4.66,67.44,6.08,8.46,No,Contador Auditor,2.45
STU-12879,18.0,14.13,100.0,,90.44,8.39,3.03,No,Contador Auditor,5.12
STU-13389,20.0,10.59,82.71,6.47,87.32,5.94,0.62,No,Administración,4.33
STU-12636,23.0,10.14,77.43,4.02,85.1,6.02,8.46,No,Ingeniería Informática,3.23
STU-13747,18.0,8.66,87.68,4.05,73.22,6.39,4.14,No,Administración,3.03
STU-11240,23.0,10.57,64.53,6.28,89.18,6.57,3.11,No,Ingeniería Industrial,3.82
STU-11992,18.0,16.68,89.13,6.23,100.0,7.25,11.41,No,Ingeniería Civil,5.36
STU-13041,30.0,18.02,-19.02901042580143,5.02,100.0,5.65,6.93,Sí,Ingeniería Informática,5.49
STU-12922,28.0,15.51,91.48,6.9,100.0,6.85,6.75,No,Ingeniería Civil,5.79
STU-10247,18.0,9.3,77.39,5.34,80.74,8.02,4.12,No,Administración,3.96
STU-13910,22.0,10.6,83.87,5.86,83.84,,5.72,No,Contador Auditor,3.45
STU-12667,25.0,12.1,79.68,3.88,95.39,6.29,5.96,No,Administración,3.2
STU-11283,20.0,12.54,77.79,5.75,83.44,8.11,4.46,No,Ingeniería Civil,3.29
STU-13611,19.0,16.56,83.27,5.46,100.0,7.68,12.23,No,Ingeniería Civil,4.14
STU-13300,18.0,13.39,78.79,6.29,92.03,5.22,15.34,Sí,Ingenieria Informatica,4.57
STU-12113,24.0,6.2,78.58,4.96,83.27,7.35,7.6,Sí,Contador Auditor,3.76
STU-11603,24.0,19.36,95.2,5.71,97.78,4.27,5.07,Sí,Administración,5.13
STU-14963,36.0,10.78,61.98,3.58,83.63,6.79,5.22,No,Ingeniería Industrial,2.21
STU-13235,25.0,15.35,85.99,6.22,100.0,5.52,4.7,No,Ingeniería Civil,5.16
STU-10316,26.0,11.12,83.58,6.43,66.22,3.9,4.27,No,Administración,4.64
STU-13393,19.0,7.81,84.79,5.91,67.7,9.43,1.55,No,Contador Auditor,3.35
STU-14178,25.0,8.41,80.06,6.31,98.55,9.96,4.42,Sí,Ingeniería Informática,4.68
STU-11082,24.0,13.0,82.18,6.19,85.74,5.49,8.05,Sí,Ingeniería Informática,4.69
STU-11054,18.0,16.53,93.54,6.52,100.0,6.17,5.89,No,Ingeniería Industrial,5.31
STU-11661,18.0,15.22,85.94,5.82,98.52,5.69,4.66,Sí,Administración,4.95
STU-11658,25.0,11.63,87.28,5.48,100.0,9.02,3.36,Sí,Ingeniería Industrial,5.22
STU-13002,19.0,15.21,89.86,6.14,100.0,7.36,7.42,No,,4.79
STU-11422,29.0,20.68,86.25,7.0,98.83,6.05,3.55,Sí,Administración,5.29
STU-10370,22.0,11.22,74.95,4.95,82.27,5.22,12.15,No,Ingeniería Industrial,3.22
STU-13981,18.0,11.31,73.87,4.67,64.24,6.2,18.0,No,Ingeniería Informática,2.81
STU-13827,26.0,7.87,,5.93,72.85,7.94,5.35,Sí,Ingeniería Civil,4.63
STU-12603,24.0,9.89,90.26,5.05,77.07,6.47,6.9,No,Contador Auditor,3.14
STU-11033,33.0,11.23,80.9,4.69,89.41,5.72,3.42,No,Ingeniería Civil,3.49
STU-10996,22.0,3.55,77.89,4.73,39.86,7.13,6.73,Sí,Ingeniería Civil,1.92
STU-14076,24.0,10.3,91.05,6.74,68.3,8.93,11.52,Sí,Ingeniería Informática,4.43
STU-13222,26.0,10.16,78.75,5.68,88.88,7.86,5.82,Sí,Ingeniería Informática,4.01
STU-14381,25.0,15.33,100.0,6.41,82.43,6.17,1.41,No,Ingeniería Industrial,5.24
STU-14410,25.0,6.47,91.35,5.97,74.68,4.87,7.24,Sí,Ingeniería Informática,3.75
STU-12755,20.0,13.6,84.46,5.8,85.54,,1.89,Sí,Ingeniería Informática,4.95
STU-12921,25.0,11.83,90.25,6.03,100.0,7.2,10.55,No,Ingeniería Civil,4.04
STU-11331,24.0,19.08,100.0,5.47,100.0,8.14,6.19,No,Administración,5.41
STU-10421,26.0,5.1,83.78,4.2,78.57,7.98,4.94,No,Ingeniería Industrial,2.25
STU-14577,20.0,14.71,100.0,5.99,100.0,7.53,4.69,Sí,Ingeniería Civil,4.62
STU-14238,21.0,11.66,80.89,3.9,79.5,8.24,1.89,Sí,Ingeniería Informática,2.97
STU-11600,18.0,17.76,78.31,6.48,100.0,8.85,7.63,No,Ingeniería Civil,4.88
STU-14943,25.0,9.14,95.21,6.66,82.48,6.34,3.67,Sí,Ingeniería Industrial,4.16
STU-10619,19.0,9.47,94.76,,76.63,7.92,2.89,Sí,Ingeniería Civil,4.03
STU-14433,22.0,19.2,100.0,6.77,100.0,7.8,11.61,Sí,Ingeniería Civil,5.93
STU-13884,24.0,9.28,68.68,5.32,71.22,8.23,8.21,No,,2.39
STU-14729,30.0,4.0,61.63,5.1,61.38,6.83,6.87,No,Contador Auditor,2.11
STU-12467,22.0,14.6,79.3,5.67,100.0,7.67,4.66,No,Ingeniería Informática,3.9
STU-10101,24.0,11.11,78.17,5.4,64.46,8.68,4.6,No,Ingeniería Civil,2.76
STU-10528,20.0,18.59,95.73,5.9,94.13,6.99,8.62,Sí,Ingeniería Civil,5.2
STU-10020,18.0,5.07,71.79,,77.99,6.58,9.48,Sí,Ingeniería Industrial,2.66
STU-12955,28.0,17.59,75.43,6.52,,4.64,2.67,Sí,Ingeniería Informática,4.56
STU-14925,24.0,6.8,78.4,5.0,84.42,5.68,5.64,Sí,Ingeniería Informática,4.01
STU-10460,26.0,8.93,85.97,4.13,87.6,7.84,10.95,No,Ingeniería Informática,3.68
STU-12723,25.0,14.61,81.28,5.64,,7.13,2.11,No,Ingeniería Civil,3.84
STU-12794,28.0,4.07,66.57,5.01,73.92,8.73,10.5,No,Contador Auditor,2.07
STU-11300,20.0,13.87,91.96,6.36,99.13,9.9,11.07,No,Contador Auditor,4.48
STU-11654,22.0,11.31,71.62,4.07,79.8,6.63,6.68,No,Ingeniería Civil,3.57
STU-13722,26.0,5.73,80.38,5.25,88.26,7.96,9.29,Sí,Ingeniería Civil,3.74
STU-13399,19.0,8.47,77.76,4.81,68.28,7.53,5.84,No,Ingeniería Informática,2.95
STU-12588,22.0,6.37,62.29,5.7,65.95,8.84,10.78,No,Ingeniería Civil,2.63
STU-12027,20.0,2.33,70.26,5.18,43.69,8.25,4.49,Sí,Administración,2.07
STU-13832,18.0,9.23,82.74,5.84,85.87,5.83,3.85,No,ADMINISTRACIÓN ,3.72
STU-13383,34.0,17.7,100.0,5.89,100.0,6.6,5.8,No,Ingeniería Industrial,5.09
STU-10083,26.0,4.95,70.23,5.51,85.35,10.06,2.84,No,Ingeniería Civil,3.62
STU-12205,20.0,11.66,76.5,5.36,87.26,8.42,7.34,No,Administración,4.32
STU-12528,27.0,6.77,66.21,7.0,81.35,7.77,7.68,Sí,Ingeniería Industrial,4.36
STU-10129,28.0,11.08,83.84,6.03,87.91,5.94,4.01,Sí,Administración,4.47
STU-13907,18.0,18.75,87.69,5.81,96.84,6.43,3.76,No,Ingeniería Informática,4.57
STU-12200,27.0,6.9,64.13,5.86,51.22,7.41,5.22,No,Contador Auditor,2.55
STU-14865,32.0,17.82,100.0,6.93,100.0,6.09,6.16,No,Ingeniería Civil,5.98
STU-10640,23.0,9.34,69.76,4.78,76.1,7.75,1.73,si,Contador Auditor,3.41
STU-14297,25.0,9.36,89.63,5.44,77.49,6.26,7.89,Sí,Contador Auditor,3.39
STU-13846,22.0,9.56,84.06,7.0,73.61,6.17,8.55,Sí,Ingeniería Industrial,3.98
STU-10221,20.0,8.42,81.88,4.56,85.29,8.24,7.16,No,Contador Auditor,2.83
STU-12941,24.0,15.54,100.0,6.88,100.0,9.79,3.47,Sí,Contador Auditor,6.17
STU-11935,19.0,16.53,92.52,6.63,100.0,8.07,7.46,No,Ingeniería Civil,5.64
STU-10821,24.0,2.93,63.28,4.89,57.79,6.14,5.3,No,Ingeniería Civil,2.62
STU-10244,34.0,2.84,72.13,5.61,75.68,7.54,3.63,No,Contador Auditor,2.61
STU-11446,25.0,10.56,75.57,5.98,76.93,5.94,10.19,Sí,Ingeniería Informática,4.85
STU-11875,23.0,5.99,64.78,4.94,,6.77,5.01,Sí,Administración,3.6
STU-10834,21.0,9.79,79.64,5.28,83.02,8.26,,Sí,Contador Auditor,3.49
STU-14856,26.0,3.89,66.8,4.36,61.99,7.28,4.34,No,Administración,1.63
STU-11592,18.0,,79.54,,76.58,7.68,6.91,Sí,Administración,4.29
STU-13379,30.0,24.79,100.0,6.15,100.0,7.69,1.04,No,Ingeniería Informática,5.96
STU-12756,21.0,,100.0,5.64,99.03,6.93,8.91,Sí,Contador Auditor,5.05
STU-13634,25.0,6.38,91.78,4.92,80.08,7.16,13.41,Sí,Ingeniería Informática,4.52
STU-10054,23.0,1.9,80.75,4.44,84.18,6.76,4.01,No,Administración,3.87
STU-14040,25.0,10.22,,6.42,58.95,8.46,8.85,Sí,Ingeniería Informática,3.63
STU-13307,20.0,10.21,85.33,5.71,100.0,6.79,7.14,No,Administración,4.0
STU-12397,25.0,13.25,98.47,6.4,,7.42,12.15,No,Ingeniería Informática,4.62
STU-10851,24.0,17.81,83.05,6.29,100.0,6.13,1.23,Sí,Ingeniería Civil,5.33
STU-14889,26.0,27.04,100.0,7.0,100.0,6.17,1.1,No ,Ingeniería Civil,5.82
STU-13479,29.0,,98.11,5.51,100.0,6.59,7.22,Sí,Ingeniería Industrial,4.4
STU-10201,26.0,13.4,87.29,6.63,100.0,4.88,3.73,No,Ingeniería Informática,5.46
STU-10155,27.0,10.81,79.27,4.92,87.43,7.83,15.92,Sí,Ingeniería Informática,3.94
STU-11902,24.0,1.9,77.92,4.45,44.36,6.64,7.56,No,Ingeniería Informática,3.04
STU-14216,25.0,6.24,88.42,5.08,98.92,7.65,4.92,No,Contador Auditor,3.0
STU-14326,25.0,13.46,82.17,6.2,100.0,8.04,4.81,No,Ingeniería Civil,4.52
STU-14553,20.0,,72.54,5.42,,7.04,6.11,No,Ingeniería Informática,3.06
STU-13001,26.0,15.06,100.0,6.51,93.63,5.94,5.89,No,Ingeniería Informática,4.73
STU-13645,25.0,11.91,75.37,5.61,,7.06,7.31,No,Ingeniería Informática,3.39
STU-11856,25.0,15.08,100.0,6.32,93.11,7.99,2.91,No,Ingeniería Informática,5.26
STU-10957,21.0,8.71,69.65,6.47,83.65,9.54,2.18,Sí,Ingeniería Industrial,4.61
STU-13536,30.0,19.68,,7.0,100.0,6.74,3.5,No,Contador Auditor,5.86
STU-11349,24.0,15.38,82.89,5.54,85.08,6.41,13.2,Sí,Ingeniería Informática,4.12
STU-13499,22.0,8.8,77.0,5.94,82.3,5.3,3.38,No,Administración,3.25
STU-11556,21.0,18.0,89.84,6.71,85.83,6.04,5.56,No,Ingeniería Civil,4.81
STU-14846,26.0,11.84,81.33,5.52,75.29,4.3,39.223494718670466,No,Ingeniería Industrial,4.28
STU-10977,19.0,16.01,77.27,5.66,89.39,6.37,2.42,Sí,Ingeniería Industrial,4.12
STU-10406,27.0,21.12,100.0,6.13,100.0,5.99,,No,Ingeniería Civil,5.13
STU-10253,24.0,17.95,91.49,6.71,95.73,6.2,12.06,No,Contador Auditor,4.23
STU-14201,28.0,15.84,74.65,5.14,68.98,6.49,3.82,No,Contador Auditor,4.01
STU-13951,24.0,8.89,62.78,6.45,52.62,5.93,8.41,Sí,Ingeniería Civil,2.83
STU-12082,25.0,17.9,86.54,,,6.08,4.76,Sí,Ingeniería Industrial,4.15
STU-14719,18.0,,73.45,5.25,89.51,5.08,7.07,Sí,Administración,4.41
STU-13085,23.0,5.26,82.84,5.03,84.89,8.34,1.6,No,Ingeniería Industrial,2.82
STU-10933,21.0,7.68,93.27,6.28,79.54,5.58,1.52,No,Contador Auditor,4.25
STU-10487,23.0,16.1,87.54,6.41,100.0,7.43,4.97,No,Ingeniería Civil,4.8
STU-14928,18.0,10.07,92.55,5.12,98.3,7.95,4.03,No,Ingeniería Informática,5.29
STU-12906,27.0,8.46,64.61,4.8,65.14,7.26,2.95,Sí,Ingeniería Informática,3.25
STU-10388,24.0,8.12,93.13,5.35,100.0,5.04,3.1,Sí,Ingeniería Informática,4.2
STU-12324,28.0,5.27,90.87,6.26,,8.44,5.79,Sí,Ingeniería Industrial,4.1
STU-10648,25.0,13.26,87.28,7.0,96.64,9.02,5.56,No,Ingeniería Industrial,4.98
STU-13259,27.0,10.08,94.63,5.53,57.1,7.27,4.78,No,Ingeniería Industrial,3.31
STU-14330,24.0,14.83,100.0,6.07,85.26,7.89,5.19,No,Contador Auditor,4.7
STU-12681,29.0,10.9,79.84,5.97,94.2,6.46,8.4,No,Administración,4.85
STU-10557,22.0,10.05,88.61,5.34,80.12,9.39,6.02,No,Ingeniería Civil,4.33
STU-11975,23.0,5.42,100.0,4.66,,7.9,7.76,No,Ingeniería Industrial,3.61
STU-14274,25.0,6.02,,4.62,100.0,6.92,4.66,No,Ingeniería Informática,3.19
STU-12350,19.0,7.82,94.88,6.23,,5.31,7.03,No,Administración,3.98
STU-11964,24.0,13.83,89.67,5.27,100.0,8.66,5.98,No,Ingeniería Informática,4.53
STU-11617,24.0,13.92,79.38,,100.0,7.24,4.4,No,Ingeniería Civil,4.35
STU-14088,19.0,16.97,95.48,6.04,100.0,5.16,3.1,No,Ingeniería Industrial,5.37
STU-10841,21.0,14.27,85.8,7.0,94.07,6.2,,Sí,Ingeniería Civil,4.5
STU-10509,20.0,9.81,96.43,4.93,93.79,7.04,9.2,No,Administración,4.82
STU-11876,22.0,12.73,87.71,6.35,95.72,5.14,7.64,Sí,Ingeniería Industrial,4.21
STU-12143,21.0,10.41,79.13,5.21,62.68,6.75,6.68,No,Contador Auditor,3.1
STU-12120,28.0,12.67,86.83,5.41,84.91,6.54,5.68,Sí,Ingeniería Industrial,3.98
STU-14909,23.0,14.32,87.97,5.9,96.57,6.78,5.67,Sí,Ingeniería Industrial,4.62
STU-13063,21.0,10.76,84.42,5.08,80.21,7.1,7.45,No,Ingeniería Industrial,3.58
STU-13938,22.0,12.39,100.0,6.5,87.45,7.15,4.94,No,Ingeniería Informática,5.0
STU-14160,21.0,8.63,70.97,4.11,78.28,5.42,9.48,No,Contador Auditor,2.53
STU-10314,30.0,17.42,97.71,5.69,93.88,8.17,11.32,Sí,Ingeniería Informática,5.3
STU-14997,19.0,17.21,93.64,5.84,100.0,7.02,9.45,No,Ingeniería Industrial,5.33
STU-13723,21.0,16.15,80.28,7.0,93.79,7.75,8.58,Sí,Ingeniería Civil,5.35
STU-10858,18.0,8.06,67.96,5.17,77.27,6.79,6.9,No,Ingeniería Informática,3.5
STU-14322,24.0,17.2,98.31,6.33,100.0,7.19,6.44,Sí,Ingeniería Informática,4.94
STU-10682,26.0,2.85,84.39,5.99,82.19,7.2,3.23,No,Ingeniería Informática,2.89
STU-10318,18.0,9.0,75.05,5.71,86.25,5.73,1.01,No,Ingeniería Informática,4.02
STU-12616,24.0,12.4,97.19,5.54,99.19,7.8,4.15,No,Ingeniería Civil,5.21
STU-11488,24.0,9.46,75.66,5.09,72.2,5.93,9.62,No,Ingeniería Industrial,3.09
STU-14590,25.0,4.55,73.41,,100.0,6.29,6.16,Sí,Contador Auditor,2.81
STU-13622,24.0,5.33,66.18,4.81,47.07,,6.74,No,Contador Auditor,2.28
STU-12579,26.0,13.12,82.29,5.75,84.77,8.4,7.29,Sí,Ingeniería Informática,4.54
STU-10066,23.0,11.97,,5.67,87.61,7.58,0.83,No,Ingeniería Informática,4.12
STU-13358,24.0,8.26,78.25,5.38,84.13,6.02,11.76,Sí,Ingeniería Industrial,3.21
STU-10285,18.0,3.49,72.88,4.3,72.37,3.92,6.85,No,Ingeniería Civil,2.25
STU-14181,25.0,5.36,64.65,5.34,68.89,6.88,1.86,No,Ingeniería Informática,2.58
STU-12777,20.0,12.41,88.09,5.56,91.13,6.23,6.98,Sí,Ingeniería Industrial,3.74
STU-11861,18.0,6.81,77.51,7.0,51.68,8.3,3.36,No,Ingeniería Civil,4.23
STU-12972,22.0,2.8,61.63,5.32,64.72,5.78,59.822486320115175,Sí,Ingeniería Informática,3.01
STU-14391,25.0,11.7,70.48,5.27,79.18,6.06,8.62,Sí,Ingeniería Civil,3.06
STU-11381,31.0,16.76,87.25,5.77,91.39,6.37,3.29,Sí,Administración,5.38
STU-14671,18.0,14.6,76.02,4.75,79.85,4.77,11.91,Sí,Ingeniería Industrial,4.74
STU-13522,25.0,15.55,100.0,5.9,100.0,7.6,8.87,No,Contador Auditor,5.32
STU-14441,25.0,5.36,72.16,5.67,60.15,7.58,6.14,,Contador Auditor,2.79
STU-12782,26.0,11.02,76.88,6.53,99.97,7.11,5.02,Sí,Ingeniería Industrial,4.48
STU-12629,27.0,23.45,91.0,5.46,,6.53,5.74,,Ingeniería Civil,4.6
STU-12090,20.0,15.98,92.41,5.95,100.0,7.11,3.72,Sí,Ingeniería Informática,3.66
STU-13489,30.0,18.13,100.0,6.34,100.0,6.11,6.8,No,Ingeniería Civil,5.14
STU-12531,18.0,11.37,87.04,5.92,79.07,,9.29,No,Ingeniería Civil,3.82
STU-14468,18.0,9.19,78.4,4.95,73.61,6.87,6.67,Sí,Ingeniería Industrial,2.91
STU-14429,20.0,18.16,98.4,6.0,96.0,7.18,4.17,Sí,Administración,4.99
STU-10273,25.0,11.53,91.17,6.18,83.88,5.04,6.42,No,Ingeniería Civil,4.18
STU-10130,26.0,14.38,75.21,5.45,100.0,6.88,4.72,No,Ingeniería Industrial,3.29
STU-12428,24.0,23.81,100.0,5.25,100.0,6.99,8.22,Sí,Ingeniería Industrial,5.28
STU-13067,32.0,12.76,81.81,5.63,84.66,7.85,3.94,Sí,Ingeniería Industrial,4.53
STU-12988,26.0,7.32,75.37,5.4,91.77,5.98,4.06,No,Contador Auditor,3.69
STU-12305,21.0,6.68,73.28,5.17,80.21,6.76,2.33,Sí,Ingeniería Informática,3.31
STU-12245,27.0,11.48,66.45,4.38,100.0,8.06,8.44,Sí,Ingeniería Civil,3.33
STU-12653,18.0,8.23,66.34,4.71,69.59,5.43,9.56,Sí,,3.08
STU-14472,29.0,14.49,,6.39,74.41,7.22,3.78,No,Ingeniería Industrial,4.64
STU-10194,18.0,20.57,87.18,6.88,100.0,8.09,5.31,Sí,Ingeniería Informática,5.35
STU-13047,25.0,,79.46,7.0,88.59,6.95,2.98,No,Contador Auditor,4.26
STU-10786,70.0,8.27,86.67,6.71,80.02,6.7,6.94,No,Contador Auditor,4.62
STU-14327,20.0,22.77,88.05,5.37,100.0,6.14,3.98,No,Ingeniería Industrial,4.46
STU-10990,25.0,14.73,91.18,6.92,82.92,8.71,5.35,No,Ingeniería Informática,4.66
STU-12896,21.0,7.72,88.54,6.49,87.36,6.02,1.68,No,Contador Auditor,4.22
STU-10864,21.0,16.29,100.0,7.0,99.41,8.96,2.1,Sí,Ingeniería Industrial,6.07
STU-10138,26.0,6.44,75.81,5.05,77.25,5.97,7.47,No,Administración,3.1
STU-13299,20.0,8.11,89.15,5.83,70.43,8.91,7.37,No,Contador Auditor,4.54
STU-14926,18.0,8.35,75.0,6.12,71.41,6.31,69.47908374470477,No,Ingeniería Informática,3.93
STU-10424,23.0,9.1,84.73,7.0,90.29,5.89,5.28,Sí,Contador Auditor,4.77
STU-13191,34.0,12.19,78.06,7.0,84.45,6.13,8.35,Sí,Ingeniería Industrial,5.26
STU-10967,27.0,18.5,98.07,7.0,100.0,4.91,10.16,No,Ingeniería Industrial,5.25
STU-12396,25.0,21.24,95.27,6.78,100.0,6.22,4.23,No,Ingeniería Civil,5.96
STU-14414,18.0,,86.63,5.78,83.45,8.03,2.66,No,Contador Auditor,4.62
STU-11697,28.0,19.03,100.0,6.22,100.0,5.97,9.39,Sí,Contador Auditor,5.77
STU-12101,22.0,13.34,71.18,4.99,91.73,8.99,2.5,No,Administración,4.36
STU-14715,26.0,10.01,88.03,5.57,81.07,7.6,4.6,Sí,Administración,4.86
STU-12974,33.0,7.09,82.14,6.0,70.54,8.19,9.52,No,Ingeniería Civil,3.65
STU-12549,26.0,9.63,71.32,4.91,68.18,6.32,10.04,No,Ingeniería Informática,2.59
STU-10701,31.0,6.75,80.51,5.22,76.1,6.01,5.03,No,Administración,3.45
STU-11881,22.0,16.79,-9.683179198925934,6.27,100.0,6.06,4.97,No,Ingeniería Informática,4.99
STU-11490,22.0,14.68,76.33,5.11,100.0,7.46,2.8,No,Ingeniería Industrial,3.8
STU-14174,23.0,15.08,90.28,5.92,100.0,6.96,4.76,No,Ingeniería Industrial,4.39
STU-10149,22.0,6.69,74.74,5.19,71.5,5.45,1.56,Sí,Administración,2.9
STU-11421,33.0,11.43,,5.23,84.73,6.64,18.0,No,,3.96
STU-13107,27.0,9.85,65.85,4.5,,8.65,6.1,Sí,Contador Auditor,2.5
STU-10202,21.0,9.27,75.83,5.63,75.88,7.32,5.51,No,Administración,4.56
STU-13535,18.0,15.01,,6.15,96.61,6.93,1.22,,Contador Auditor,4.58
STU-11597,23.0,1.0,59.06,5.63,59.92,6.92,4.44,Sí,Ingeniería Informática,2.04
STU-10414,24.0,14.26,84.16,,97.38,4.76,12.87,No,Ingeniería Informática,4.44
STU-11740,28.0,8.51,100.0,5.39,45.39,7.47,6.61,Sí,Ingeniería Civil,3.77
STU-14709,25.0,14.32,91.14,6.52,95.69,6.9,2.54,No,Contador Auditor,4.74
STU-14847,18.0,3.5,,5.11,60.21,7.02,10.9,No,Ingeniería Civil,1.79
STU-14116,25.0,16.77,93.02,6.31,86.84,8.84,,No,Ingeniería Informática,4.7
STU-11721,27.0,14.56,89.1,6.92,95.02,7.23,1.86,No,Ingeniería Informática,5.12
STU-12623,26.0,15.44,94.24,6.64,96.5,5.86,,Sí,Ingeniería Informática,5.45
STU-11094,18.0,16.21,86.94,4.85,100.0,7.55,6.74,No,Ingeniería Civil,4.25
STU-14938,20.0,16.63,96.56,5.94,85.65,7.45,8.7,No,Ingeniería Industrial,5.12
STU-10047,26.0,10.06,96.86,5.34,71.88,6.03,4.97,No,Ingeniería Industrial,4.12
STU-14353,25.0,1.0,59.35,3.95,43.52,6.13,7.74,No,Administración,1.6
STU-11939,22.0,1.29,60.57,4.08,44.8,5.28,6.34,No,Administración,1.58
STU-12967,22.0,15.09,87.01,5.93,92.71,6.65,2.78,No,Ingeniería Industrial,4.92
STU-12797,20.0,8.92,,3.9,62.3,4.68,2.4,No,Ingeniería Industrial,2.93
STU-13579,25.0,10.14,74.01,6.76,67.78,7.46,6.78,No,Ingeniería Informática,4.69
STU-14877,26.0,10.25,100.0,5.61,100.0,8.78,2.05,No,Contador Auditor,5.15
STU-11387,18.0,22.46,100.0,7.0,100.0,5.41,7.03,Sí,Ingeniería Informática,6.61
STU-12220,20.0,10.94,83.11,5.66,90.38,6.2,4.47,Sí,Ingeniería Informática,4.11
STU-13189,22.0,13.08,84.83,,100.0,7.33,3.94,Sí,Ingeniería Civil,5.09
STU-11314,23.0,15.07,81.56,5.05,87.12,8.44,11.58,No,Ingeniería Industrial,4.45
STU-14570,24.0,,79.55,5.38,100.0,6.85,2.43,No,Administración,5.01
STU-13674,21.0,8.1,72.07,4.05,60.09,6.75,6.58,No,Ingeniería Industrial,2.56
STU-11304,23.0,19.55,100.0,6.8,100.0,7.44,11.48,,Contador Auditor,5.75
STU-12798,26.0,8.64,100.0,4.84,100.0,6.37,8.71,No,Ingeniería Industrial,4.53
STU-11838,22.0,7.51,80.26,5.21,57.3,8.48,11.94,Sí,Ingeniería Informática,3.55
STU-10345,,1.49,76.7,4.0,54.53,9.84,5.61,No,Ingeniería Industrial,2.92
STU-10044,33.0,9.99,85.99,4.83,,6.83,4.71,No,Ingeniería Civil,2.89
STU-12294,21.0,1.45,77.27,6.04,62.34,5.92,1.46,Sí,Administración,3.49
STU-12154,22.0,13.2,100.0,5.36,71.97,7.25,5.26,No,Ingeniería Informática,4.34
STU-11703,21.0,14.98,100.0,6.23,100.0,7.3,2.45,Sí,Ingeniería Informática,5.37
STU-13724,18.0,18.05,81.1,4.99,100.0,7.37,4.05,No,Administración,4.34
STU-11016,25.0,7.92,75.37,5.16,67.17,6.68,6.34,No,Administración,3.53
STU-10909,19.0,13.04,83.05,5.55,100.0,6.94,8.57,No,Contador Auditor,4.27
STU-13516,27.0,13.19,75.27,6.56,100.0,6.35,3.95,No,Ingeniería Industrial,4.47
STU-11045,31.0,16.48,91.28,6.18,100.0,5.15,3.64,No,Ingeniería Informática,5.67
STU-11405,27.0,3.14,73.63,5.28,50.41,3.83,6.19,Sí,Ingeniería Informática,2.38
STU-10234,18.0,10.42,79.91,5.75,66.59,6.67,10.84,Sí,Ingeniería Industrial,4.03
STU-10225,20.0,,85.61,6.13,100.0,5.49,5.53,Sí,Administración,5.47
STU-13145,,9.65,85.05,4.9,95.7,8.88,2.57,No,Administración,4.86
STU-14229,23.0,8.56,87.17,6.24,87.41,7.13,6.78,No,Ingeniería Industrial,8.007299994402032
STU-11534,22.0,3.23,68.9,3.03,69.44,8.32,8.86,No,Ingeniería Informática,1.95
STU-12451,24.0,1.2,83.2,5.15,54.14,7.77,9.81,No,Contador Auditor,3.49
STU-14897,23.0,6.1,71.5,4.99,66.28,5.89,4.91,No,Ingeniería Industrial,2.2
STU-10968,27.0,17.88,79.95,6.11,100.0,6.74,4.37,No,Administración,5.21
STU-11013,23.0,13.0,100.0,5.05,95.77,6.92,10.23,No,Ingeniería Industrial,4.38
STU-11095,25.0,5.55,64.56,5.77,66.07,8.17,,No,Ingeniería Industrial,3.13
STU-12114,25.0,10.4,82.95,5.36,83.01,10.39,1.33,No,Ingeniería Informática,4.07
STU-13566,25.0,11.78,88.91,6.3,65.31,8.01,48.9355369222008,No,Contador Auditor,5.1
STU-11067,18.0,4.32,60.85,4.42,69.24,8.11,1.22,No,Contador Auditor,2.22
STU-10547,20.0,6.59,84.28,6.37,71.22,8.84,3.21,No,Ingeniería Informática,3.94
STU-14663,27.0,11.85,85.65,4.65,90.85,,6.67,No,Contador Auditor,3.92
STU-12745,23.0,4.13,,4.78,72.99,7.14,9.47,No,Ingeniería Civil,2.9
STU-14763,18.0,13.79,100.0,5.36,,6.55,3.52,No,Ingeniería Informática,5.76
STU-11189,24.0,15.7,95.71,7.0,87.23,6.68,11.05,No,Ingeniería Civil,5.45
STU-14251,30.0,16.74,87.87,6.06,89.24,6.27,9.39,Sí,Ingeniería Informática,4.65
STU-11739,,9.31,81.18,5.48,67.63,7.3,6.38,No,Ingeniería Informática,3.13
STU-12758,18.0,14.03,87.18,5.61,93.38,8.37,4.89,No,Administración,4.92
STU-12918,30.0,18.5,84.29,6.0,100.0,8.95,2.58,Sí,Administración,5.04
STU-10410,23.0,8.36,81.48,4.12,77.19,8.25,4.78,No,Ingeniería Industrial,2.95
STU-14879,21.0,13.56,68.52,6.82,88.55,6.23,7.2,No,Ingeniería Informática,4.81
STU-10912,23.0,5.23,80.15,4.75,72.14,5.51,9.6,No,Ingeniería Industrial,2.84
STU-13331,28.0,11.2,,5.87,100.0,9.01,11.82,Sí,Ingeniería Industrial,4.95
STU-11038,18.0,7.06,99.37,5.9,81.45,6.0,2.74,No,Ingeniería Industrial,4.04
STU-14121,33.0,23.67,97.63,7.0,100.0,3.19,3.03,No,Ingeniería Civil,4.76
STU-12594,25.0,8.71,78.28,5.74,81.32,4.58,7.43,Sí,Ingeniería Industrial,4.19
STU-12469,26.0,10.16,89.47,6.09,88.06,7.16,4.48,Sí,Ingeniería Industrial,4.48
STU-14304,22.0,13.16,83.85,5.36,100.0,7.27,1.94,No,Administración,5.27
STU-13224,25.0,19.81,75.98,6.0,100.0,8.97,4.39,No,Ingeniería Civil,4.75
STU-14166,26.0,16.57,82.92,5.5,97.04,7.68,3.01,Sí,Ingeniería Civil,5.26
STU-14369,18.0,22.26,100.0,6.46,100.0,8.52,2.99,No,Contador Auditor,5.8
STU-10623,26.0,17.13,81.27,6.14,97.86,7.1,1.65,No,Ingeniería Industrial,4.65
STU-12430,19.0,11.33,84.59,5.75,89.07,6.29,10.17,No,Ingeniería Industrial,4.14
STU-14053,18.0,14.82,87.04,5.64,100.0,6.03,4.53,No,Contador Auditor,5.08
STU-14745,26.0,15.26,87.55,6.5,92.13,6.37,5.6,Sí,Ingeniería Civil,5.34
STU-13186,70.0,5.06,79.32,4.54,63.46,7.24,2.71,No,Ingeniería Informática,2.95
STU-13029,22.0,18.57,98.03,6.92,100.0,8.32,4.51,No,Administración,6.0
STU-10357,18.0,12.09,96.37,6.17,81.39,6.31,16.78,Sí,Contador Auditor,4.63
STU-14068,34.0,16.36,85.63,4.93,100.0,7.58,2.18,No,Ingeniería Informática,4.59
STU-13529,24.0,6.4,65.95,4.6,68.16,7.63,3.56,No,Administración,3.47
STU-13385,26.0,7.58,73.98,4.33,72.28,5.32,7.8,No,Ingeniería Industrial,1.74
STU-10095,22.0,10.62,56.34,5.6,70.73,7.96,4.03,,Ingeniería Civil,3.43
STU-11359,21.0,17.26,100.0,6.52,100.0,7.1,5.79,No,Ingeniería Industrial,5.64
STU-13902,23.0,12.25,53.9,4.75,100.0,7.77,2.66,No,Ingeniería Industrial,3.56
STU-14524,18.0,7.09,68.74,3.46,85.15,6.11,5.66,Sí,Ingeniería Civil,2.37
STU-13180,24.0,15.07,88.49,5.33,88.27,7.14,4.24,,Ingeniería Industrial,4.05
STU-11793,22.0,9.07,85.39,4.79,88.6,8.34,7.93,No,Ingeniería Informática,2.4
STU-10293,19.0,9.03,72.84,5.04,86.08,6.64,3.49,No,Ingeniería Informática,3.54
STU-12560,24.0,24.31,93.17,6.35,100.0,8.11,3.29,No,Ingeniería Industrial,5.93
STU-13947,23.0,12.26,88.85,5.52,73.26,7.48,3.91,No,Contador Auditor,4.01
STU-11469,30.0,13.69,92.79,7.0,97.95,8.72,5.63,No,Ingeniería Informática,5.61
STU-14293,29.0,10.82,83.16,4.02,100.0,8.02,2.91,No,Administración,3.32
STU-12577,29.0,18.43,86.02,5.5,86.5,5.22,2.9,No,Ingeniería Informática,3.84
STU-11830,22.0,12.63,79.33,5.21,,8.04,6.05,No,Contador Auditor,4.57
STU-12417,21.0,15.47,73.94,4.8,100.0,9.67,7.86,No,Ingeniería Informática,4.33
STU-12319,23.0,8.22,76.29,5.28,96.51,7.82,3.93,No,Ingeniería Informática,3.47
STU-10160,22.0,12.33,98.94,,100.0,7.62,9.4,Sí,Ingeniería Informática,5.68
STU-14214,25.0,12.59,89.49,5.93,82.5,7.56,9.27,No,Ingeniería Industrial,4.0
STU-11978,22.0,15.1,86.8,4.74,80.05,6.71,9.34,Sí,Ingeniería Industrial,4.1
STU-13461,30.0,14.89,95.88,5.9,100.0,8.01,5.2,No,Contador Auditor,5.65
STU-14572,,3.87,81.77,5.79,75.15,6.59,,No,Administración,3.98
STU-11361,18.0,13.91,91.85,6.86,97.62,5.66,2.45,No,Ingeniería Civil,5.26
STU-11202,23.0,7.97,79.88,5.92,61.48,7.21,7.48,No,Ingeniería Civil,3.38
STU-10401,25.0,6.74,77.19,5.86,85.38,5.81,7.55,Sí,Ingeniería Informática,4.15
STU-11090,24.0,9.07,69.85,6.29,77.57,7.74,6.29,Sí,Ingeniería Informática,4.43
STU-10297,18.0,19.87,100.0,6.44,100.0,6.78,6.58,Sí,Administración,5.63
STU-12148,18.0,11.03,,6.1,97.09,,,No,Contador Auditor,4.05
STU-12211,19.0,10.55,82.04,5.55,57.57,6.19,4.2,No,Ingeniería Informática,3.38
STU-12662,23.0,18.19,74.41,5.59,100.0,8.92,4.15,Sí,Ingeniería Industrial,4.74
STU-14324,18.0,5.58,97.25,5.91,68.24,6.05,5.77,No,Ingeniería Informática,3.83
STU-11350,22.0,4.07,78.7,4.18,46.57,7.18,6.21,No,Contador Auditor,2.13
STU-12209,27.0,13.04,73.1,6.76,97.0,7.92,5.0,Sí,Contador Auditor,4.28
STU-13824,20.0,1.87,81.58,4.29,56.67,8.67,5.44,No,Ingeniería Informática,2.08
STU-10386,21.0,8.5,76.98,5.21,81.13,5.41,13.97,No,Contador Auditor,3.29
STU-14092,31.0,9.02,75.07,5.06,66.59,6.46,,No,Ingeniería Informática,3.15
STU-14257,21.0,50.23951999007628,91.13,5.75,100.0,5.06,5.08,Sí,Ingeniería Civil,4.43
STU-10741,30.0,18.95,86.13,5.59,100.0,6.68,6.38,No,Ingeniería Industrial,4.9
STU-12102,21.0,,74.47,5.2,94.76,7.91,3.84,No,Administración,4.41
STU-14024,28.0,12.21,86.12,5.76,93.74,8.68,8.7,No,Ingeniería Civil,4.48
STU-13519,25.0,13.6,81.81,5.86,100.0,8.1,6.27,No,Ingeniería Industrial,5.16
STU-14894,25.0,5.07,64.61,5.94,50.85,6.07,1.28,Sí,Ingeniería Industrial,1.93
STU-13663,28.0,17.02,98.57,7.0,96.84,6.95,3.71,No,Ingeniería Informática,5.43
STU-13387,22.0,20.69,92.23,6.31,98.22,6.37,2.6,Sí,Ingeniería Informática,5.8
STU-11092,28.0,11.62,83.63,5.16,95.28,8.42,2.62,No,Contador Auditor,3.84
STU-14619,25.0,7.92,64.35,5.19,64.68,7.23,6.91,No,Contador Auditor,2.51
STU-10340,19.0,25.36,100.0,,100.0,6.58,3.3,No,Administración,5.84
STU-10807,20.0,8.33,72.72,5.76,92.53,7.22,3.04,Sí,Ingeniería Civil,4.1
STU-12107,26.0,13.14,89.16,5.96,84.02,7.25,17.8,No,Ingeniería Civil,3.98
STU-13445,26.0,9.51,,5.28,62.7,7.64,2.54,No,Ingeniería Industrial,3.24
STU-11443,18.0,14.94,100.0,6.48,92.65,,11.93,No,Administración,5.86
STU-12374,32.0,9.48,85.36,5.3,100.0,7.15,4.17,No,Ingeniería Informática,3.47
STU-12997,22.0,13.58,97.98,6.11,100.0,7.8,6.74,Sí,Ingeniería Civil,4.9
STU-12960,25.0,14.37,82.05,5.51,100.0,8.07,7.68,Sí,Ingeniería Civil,4.34
STU-14520,27.0,14.93,86.48,5.38,85.65,7.94,5.53,No,Ingeniería Informática,3.38
STU-14052,30.0,12.55,85.24,5.92,86.12,7.65,2.06,No,Ingeniería Informática,3.7
STU-14352,23.0,9.6,73.03,6.03,77.44,8.78,8.94,Sí,Ingeniería Civil,4.32
STU-12874,27.0,16.33,97.18,7.0,100.0,7.97,13.17,Sí,Ingeniería Civil,5.77
STU-12455,20.0,9.62,91.99,4.72,100.0,7.76,9.86,No,Ingeniería Informática,3.39
STU-11543,22.0,14.77,86.38,5.59,98.3,,,Sí,Ingeniería Industrial,4.5
STU-12800,29.0,14.21,85.74,6.37,94.35,6.81,6.63,No,Ingeniería Informática,4.89
STU-13125,20.0,9.14,80.74,4.97,82.08,6.38,3.15,No,Contador Auditor,3.7
STU-10310,22.0,12.99,89.72,5.82,91.72,8.33,6.16,No,Administración,3.96
STU-11238,18.0,13.42,85.95,6.44,,6.53,3.72,No,Ingeniería Informática,5.17
STU-12000,25.0,12.67,82.33,6.94,88.98,7.25,5.8,Sí,Ingeniería Civil,4.96
STU-13560,24.0,13.75,90.26,5.5,100.0,7.45,9.22,Sí,Contador Auditor,3.88
STU-10098,21.0,7.79,76.22,4.63,70.92,10.14,5.35,No,Ingeniería Informática,3.63
STU-11594,28.0,5.84,83.73,7.0,73.69,6.44,3.93,No,Ingeniería Informática,4.06
STU-12523,29.0,3.36,64.34,4.7,80.87,6.58,11.35,Sí,Ingeniería Industrial,2.88
STU-11722,27.0,15.62,93.63,,93.77,7.94,6.4,No,Administración,5.03
STU-12035,27.0,14.94,82.65,5.97,81.57,4.71,4.35,No,Ingeniería Civil,4.39
STU-10816,23.0,11.56,86.89,6.76,88.34,,1.41,No,Ingeniería Informática,4.13
STU-14541,22.0,6.81,70.51,4.82,,7.08,1.16,No,Contador Auditor,2.48
STU-12436,23.0,4.27,,5.54,82.09,7.18,3.73,No,Ingeniería Industrial,2.88
STU-13028,20.0,8.82,74.68,4.92,87.86,7.63,2.45,No,Administración,2.83
STU-13584,18.0,18.76,95.67,7.0,100.0,6.68,2.74,Sí,Ingeniería Civil,5.76
STU-10775,20.0,12.78,88.59,6.33,89.45,9.51,3.81,No,Contador Auditor,4.33
STU-14862,27.0,16.7,100.0,,100.0,6.54,3.87,No,Ingeniería Civil,4.47
STU-10776,25.0,17.4,84.44,6.39,86.9,5.34,14.08,No,Ingeniería Informática,4.87
STU-14784,30.0,11.45,92.23,6.49,100.0,5.9,11.05,No,Ingeniería Industrial,4.98
STU-10601,31.0,18.79,73.55,5.75,99.25,5.44,7.34,No,Ingeniería Informática,4.1
STU-12711,25.0,10.01,83.25,5.4,82.34,,3.19,No,Administración,3.54
STU-13406,22.0,15.88,,6.56,100.0,8.19,1.48,Sí,Ingeniería Civil,5.33
STU-11110,31.0,17.8,93.57,6.32,91.76,7.19,4.53,No,Ingeniería Industrial,5.05
STU-10546,27.0,16.75,,5.05,72.45,,3.62,No,Ingeniería Informática,3.27
STU-14755,20.0,11.82,87.95,5.51,97.45,8.44,7.41,Sí,Contador Auditor,3.61
STU-12787,18.0,7.88,75.27,5.34,82.04,6.52,,Sí,Administración,3.85
STU-13472,26.0,12.68,81.0,5.31,84.61,5.21,8.52,No,Ingeniería Informática,2.82
STU-10526,22.0,20.42,84.81,6.17,100.0,6.92,2.76,Sí,Administración,4.76
STU-14666,23.0,1.27,56.07,4.9,56.8,7.45,6.18,No,Ingeniería Civil,1.98
STU-13253,28.0,11.17,90.83,5.52,84.0,9.89,9.95,No,Ingeniería Civil,4.02
STU-14731,23.0,14.79,96.28,6.3,95.34,8.31,4.16,No,Ingeniería Informática,4.33
STU-14783,19.0,7.37,98.2,5.05,69.02,7.57,5.94,No,Ingeniería Industrial,3.42
STU-13648,23.0,9.26,86.95,6.09,80.26,8.92,2.84,Sí,Administración,5.62
STU-10205,26.0,16.48,93.27,5.39,87.12,4.99,2.52,No,Administración,5.1
STU-10121,25.0,6.4,90.58,5.12,69.79,6.9,4.9,No,Ingeniería Informática,3.7
STU-11518,20.0,8.23,88.58,5.51,92.6,5.36,2.06,No,Administración,3.71
STU-11500,18.0,9.85,79.55,4.95,83.39,8.27,3.68,No,Ingeniería Informática,3.48
STU-10541,23.0,2.75,84.48,4.81,41.17,7.82,6.09,No,Ingeniería Civil,2.72
STU-14242,24.0,6.29,68.26,4.89,69.98,7.09,7.96,No,Administración,3.05
STU-14200,20.0,21.02,96.41,6.82,100.0,6.45,4.71,No,Ingeniería Informática,5.53
STU-14603,23.0,18.09,96.81,6.57,100.0,6.6,5.91,Sí,Ingeniería Industrial,5.83
STU-14025,23.0,12.26,68.56,,,6.06,8.34,No,Contador Auditor,4.1
STU-14221,21.0,9.01,83.84,6.53,98.99,7.96,6.98,No,Ingeniería Informática,4.71
STU-10684,29.0,12.74,74.59,6.11,79.23,8.07,6.59,Sí,Ingeniería Civil,4.22
STU-13576,18.0,13.05,89.73,6.95,99.87,8.7,3.83,No,Ingeniería Informática,4.94
STU-10636,34.0,7.85,74.34,3.72,84.25,6.35,,No,Contador Auditor,2.42
STU-12672,27.0,13.93,100.0,6.88,96.94,6.86,4.41,Sí,Ingeniería Civil,5.36
STU-12905,24.0,13.21,102.2313101282253,5.16,81.41,7.03,7.66,No,Administración,3.43
STU-12307,29.0,9.77,94.28,6.24,100.0,7.85,15.58,No,Ingeniería Civil,4.61
STU-14436,25.0,5.3,78.54,5.28,69.95,7.97,4.42,No,Ingeniería Industrial,4.17
STU-13450,23.0,11.49,78.79,5.23,100.0,9.0,3.79,,Ingeniería Industrial,3.03
STU-13091,28.0,14.31,97.03,,87.86,6.86,4.56,No,Ingeniería Civil,5.01
STU-14737,21.0,6.56,84.44,6.17,78.44,6.7,,Sí,Contador Auditor,3.5
STU-13528,21.0,16.81,91.39,6.82,89.48,7.89,12.94,No,Ingeniería Civil,5.07
STU-10825,31.0,6.95,81.81,4.1,75.35,5.42,3.36,No,Administración,2.81
STU-12887,27.0,4.29,61.58,4.75,60.52,8.09,3.23,No,Ingeniería Industrial,2.66
STU-12597,18.0,11.13,72.51,5.7,,8.55,5.07,Sí,Ingeniería Informática,3.87
STU-10842,30.0,4.14,74.71,3.9,66.09,7.91,3.24,No,Administración,2.73
STU-13553,19.0,7.5,74.64,4.97,,7.79,1.48,No,Ingeniería Informática,2.33
STU-12228,22.0,7.12,71.29,6.1,74.64,7.61,2.05,Sí,Ingeniería Informática,3.59
STU-13530,21.0,19.53,93.38,6.2,100.0,6.27,1.64,No,Administración,5.66
STU-10012,22.0,12.27,70.22,5.33,63.66,7.7,12.93,No,Ingeniería Civil,3.15
STU-11442,28.0,14.2,75.12,5.55,100.0,7.48,6.26,Sí,Contador Auditor,4.47
STU-14451,29.0,4.22,75.76,,60.28,6.42,3.96,No,Ingeniería Industrial,2.05
STU-13161,24.0,13.99,75.78,5.82,100.0,4.33,9.77,Sí,Administración,4.34
STU-12105,30.0,10.76,88.53,6.94,97.6,4.95,6.84,Sí,Ingeniería Informática,4.53
STU-14081,31.0,3.12,90.94,7.0,90.78,6.52,3.95,Sí,Administración,4.68
STU-11448,23.0,8.87,81.77,4.96,59.25,5.26,12.06,No,Administración,3.26
STU-10559,26.0,7.04,82.41,5.48,72.64,8.02,9.94,Sí,Ingeniería Civil,4.54
STU-12255,21.0,11.83,90.08,5.75,,7.53,7.17,No,Ingeniería Informática,4.99
STU-11271,27.0,8.64,77.42,5.16,70.69,6.23,4.97,Sí,Ingeniería Industrial,3.31
STU-14944,27.0,2.32,73.2,5.2,62.88,7.04,8.12,No,Ingeniería Informática,1.81
STU-13395,18.0,18.62,79.11,6.29,78.92,7.05,8.05,Sí,Ingeniería Civil,4.52
STU-10708,23.0,7.41,74.4,6.28,85.0,5.63,3.34,No,Ingeniería Informática,3.94
STU-13695,20.0,14.29,100.0,6.91,100.0,7.36,12.16,Sí,Ingeniería Informática,5.76
STU-13481,24.0,10.93,,5.13,92.01,10.03,8.63,No,Ingeniería Civil,3.96
STU-10301,26.0,1.33,58.84,4.0,63.56,8.66,14.78,,Ingeniería Informática,1.9
STU-13086,24.0,11.08,77.66,5.72,64.75,5.43,4.83,Sí,Ingeniería Civil,4.47
STU-13066,26.0,,96.86,4.65,67.45,8.02,3.85,Sí,Ingeniería Industrial,3.37
STU-11206,18.0,10.18,94.98,5.86,62.34,5.69,3.59,No,Ingeniería Civil,3.87
STU-13420,29.0,10.21,82.27,4.7,70.23,6.86,1.82,No,Contador Auditor,3.69
STU-11417,28.0,5.18,,5.08,80.87,8.31,11.05,No,Ingeniería Industrial,3.37
STU-10629,23.0,,61.67,4.87,42.09,4.95,9.57,No,Ingeniería Informática,2.24
STU-12397,25.0,13.25,98.47,6.4,,7.42,12.15,No,Ingeniería Informática,4.62
STU-12809,21.0,23.74,100.0,6.24,100.0,8.45,12.13,No,Ingeniería Informática,5.75
STU-10646,21.0,10.74,79.1,4.82,67.42,4.39,4.57,,Administración,3.19
STU-10666,32.0,1.94,93.01,5.14,70.45,6.36,5.08,No,Administración,3.41
STU-13940,21.0,20.66,92.5,6.35,97.71,6.62,5.83,Sí,Ingeniería Informática,5.71
STU-11081,26.0,7.99,88.47,7.0,78.89,6.9,6.07,Sí,Ingeniería Civil,4.37
STU-10111,23.0,7.87,78.92,5.51,59.04,7.55,4.57,No,Contador Auditor,3.86
STU-12750,24.0,11.97,72.9,5.77,95.82,4.7,10.86,No,Ingeniería Civil,4.07
STU-14476,22.0,12.89,93.44,6.03,91.91,8.87,7.45,No,Ingeniería Civil,4.47
STU-13194,29.0,9.3,75.38,5.85,100.0,7.95,3.78,Sí,Ingeniería Civil,4.55
STU-12495,20.0,12.22,93.44,4.36,100.0,6.43,,No,Contador Auditor,3.95
STU-11367,33.0,20.25,100.0,5.47,100.0,7.33,8.59,Sí,Ingeniería Industrial,5.08
STU-13825,24.0,11.6,89.62,6.11,90.87,7.58,6.27,Sí,Ingeniería Informática,4.87
STU-11062,22.0,10.35,83.76,6.87,56.52,7.12,10.1,No,Contador Auditor,3.57
STU-14638,24.0,11.47,86.24,5.96,87.16,5.74,4.34,Sí,Ingeniería Civil,4.57
STU-11005,24.0,1.0,63.18,4.81,,7.3,5.95,No,Ingeniería Informática,2.25
STU-14323,25.0,2.28,77.37,4.98,49.41,5.08,5.69,Sí,Ingeniería Civil,3.16
STU-13784,24.0,8.57,85.11,4.95,70.22,,3.75,No,Contador Auditor,3.2
STU-13068,23.0,13.29,86.37,,91.87,6.48,1.67,No,Ingeniería Informática,4.64
STU-11580,18.0,12.98,74.78,5.91,96.07,5.33,,No,Ingeniería Informática,4.66
STU-14062,22.0,14.78,80.68,4.27,100.0,7.43,9.95,No,Ingeniería Informática,4.48
STU-10085,29.0,6.72,,6.42,75.22,7.72,9.95,Sí,Ingeniería Industrial,3.9
STU-10433,25.0,12.98,89.83,5.7,95.1,8.85,5.95,Sí,Contador Auditor,3.91
STU-11260,24.0,13.63,100.0,5.02,92.27,7.2,3.31,No,Ingeniería Industrial,4.59
STU-12816,18.0,10.87,73.74,5.66,87.26,9.37,6.07,No,Ingeniería Informática,4.06
STU-14941,23.0,11.66,73.83,5.72,58.79,6.16,14.24,Sí,Ingeniería Informática,4.12
STU-13524,18.0,14.05,88.02,6.56,93.6,6.81,5.97,No,Contador Auditor,4.26
STU-14489,22.0,24.61,99.84,7.0,,6.5,3.79,No,Ingeniería Informática,6.02
STU-11554,24.0,8.56,84.04,5.05,68.26,6.58,5.02,No,Contador Auditor,2.96
STU-14576,26.0,9.93,81.59,5.98,70.7,5.1,5.26,No,Ingeniería Industrial,4.1
STU-14287,22.0,12.23,82.41,5.67,46.5,7.45,3.39,Sí,Ingeniería Industrial,3.05
STU-13471,25.0,12.71,93.31,6.8,87.95,5.8,5.92,Sí,Administración,5.36
STU-12792,18.0,7.64,77.57,5.63,65.73,7.5,7.64,No,Ingeniería Informática,3.9
STU-10163,20.0,12.34,91.8,6.04,94.61,8.04,11.06,No,Administración,6.1
STU-12363,18.0,10.49,67.05,3.81,89.72,6.46,7.91,No,Administración,3.14
STU-12985,25.0,93.25151405471067,88.31,5.46,100.0,4.86,4.23,No,Ingeniería Industrial,5.15
STU-13024,29.0,1.0,79.09,4.46,67.06,7.34,4.37,No,Ingeniería Informática,3.43
STU-13847,24.0,6.56,,4.78,86.85,6.61,5.09,No,Ingeniería Industrial,2.98
STU-12656,26.0,19.7,97.74,5.7,95.82,7.72,2.68,Sí,Ingeniería Industrial,4.89
STU-10444,18.0,11.58,94.43,5.94,75.63,7.08,3.96,No,Ingeniería Industrial,4.57
STU-10543,23.0,16.32,100.0,7.0,100.0,7.86,,Sí,Ingeniería Informática,5.48
STU-10119,26.0,20.15,94.92,6.61,85.81,8.03,12.63,No,Ingeniería Industrial,4.38
STU-11244,25.0,14.18,72.4,6.01,88.51,4.31,15.18,Sí,Ingeniería Informática,3.88
STU-10376,26.0,14.02,76.62,5.6,80.9,5.5,6.83,No,Ingeniería Informática,3.84
STU-12738,29.0,10.17,89.58,,100.0,6.79,6.34,Sí,Ingeniería Industrial,5.1
STU-14690,24.0,7.81,100.0,5.74,83.95,7.05,6.12,No,Ingeniería Civil,3.4
STU-12743,27.0,19.78,86.64,5.23,100.0,5.14,6.62,No,Ingeniería Industrial,4.83
STU-12132,26.0,,88.09,4.45,71.51,8.0,3.08,No,Ingeniería Informática,3.58
STU-12752,21.0,21.36,100.0,6.28,100.0,7.7,7.0,Sí,Contador Auditor,5.42
STU-12065,20.0,17.56,92.16,6.32,100.0,7.4,4.15,No,Ingeniería Civil,5.1
STU-10305,30.0,5.63,97.15,5.43,69.51,7.9,3.08,No,Ingeniería Industrial,3.84
STU-13207,25.0,11.71,87.67,6.02,91.27,7.99,2.93,Sí,Ingeniería Informática,4.9
STU-11645,22.0,13.74,88.95,6.05,82.0,8.5,4.43,Sí,Contador Auditor,5.48
STU-10210,25.0,13.3,72.85,5.22,88.36,5.78,2.23,Sí,Ingeniería Civil,3.4
STU-13019,22.0,,78.08,6.09,85.43,8.78,3.8,No,Contador Auditor,3.96
STU-13872,22.0,7.4,90.81,5.35,82.35,7.76,7.07,No,Administración,4.48
STU-14291,27.0,1.0,58.28,3.11,,6.24,2.9,No,Ingeniería Civil,1.0
STU-14442,25.0,16.14,100.0,5.71,100.0,6.31,3.71,,Ingeniería Civil,4.97
STU-12542,30.0,11.9,91.7,6.24,76.03,7.82,12.1,No,Ingeniería Informática,4.76
STU-11962,25.0,10.89,96.56,5.68,100.0,9.19,,No,Administración,4.37
STU-14308,21.0,70.20558007529786,79.63,4.87,91.17,8.12,5.99,No,Ingeniería Industrial,3.75
STU-13097,18.0,11.98,82.51,5.61,82.38,7.35,3.41,No,Contador Auditor,3.62
STU-11770,19.0,11.34,93.95,5.23,67.6,7.02,7.16,No,Ingeniería Informática,4.18
STU-10408,20.0,1.0,,4.12,59.27,5.06,7.34,No,Ingeniería Informática,1.48
STU-14460,34.0,13.85,96.58,6.69,100.0,7.88,2.19,No,Administración,6.04
STU-13563,26.0,22.68,100.0,7.0,,6.77,10.37,No,Ingeniería Industrial,5.99
STU-14204,24.0,7.46,79.18,5.55,53.66,5.98,5.77,No,Ingeniería Informática,3.01
STU-13373,26.0,15.28,81.54,5.34,94.51,6.07,8.02,No,Ingeniería Industrial,3.24
STU-14971,28.0,1.0,82.32,5.28,61.61,6.18,2.61,No,Administración,2.52
STU-14947,30.0,16.97,91.27,6.04,99.32,8.78,6.6,No,Ingeniería Civil,5.25
STU-11595,24.0,12.04,87.72,5.17,64.53,7.7,5.78,No,Ingeniería Industrial,3.99
STU-11280,18.0,14.27,80.73,5.88,89.08,8.05,5.03,No,Ingeniería Civil,5.03
STU-10114,33.0,8.08,63.39,5.38,71.65,8.27,1.82,Sí,Ingeniería Industrial,3.4
STU-12044,26.0,19.09,92.97,6.87,86.36,5.78,9.59,No,Ingeniería Informática,5.78
STU-13606,20.0,8.2,91.98,6.71,98.84,,7.78,Sí,Ingeniería Informática,6.12
STU-11064,26.0,17.14,95.87,6.6,100.0,6.72,5.74,No,Ingeniería Civil,6.11
STU-14962,23.0,20.94,93.65,6.8,100.0,8.79,7.36,Sí,Ingeniería Civil,5.13
STU-14189,18.0,20.45,93.39,6.19,100.0,9.06,7.05,Sí,Ingeniería Industrial,5.97
STU-11694,33.0,10.15,86.19,4.92,92.82,6.87,8.3,No,Ingeniería Informática,4.11
STU-14507,18.0,13.52,88.52,5.19,,4.94,9.9,No,Administración,3.6
STU-12199,24.0,15.27,100.0,6.22,89.17,8.27,9.88,No,Administración,5.09
STU-11131,19.0,8.16,80.25,5.0,69.25,6.01,13.11,No,Ingeniería Civil,3.56
STU-10176,28.0,18.03,85.03,6.3,97.74,5.71,10.74,No,Contador Auditor,4.62
STU-11779,18.0,17.93,100.0,6.43,100.0,9.12,11.67,No,Contador Auditor,5.58
STU-13279,26.0,1.51,79.61,5.52,34.33,5.99,7.77,No,Ingeniería Informática,1.76
STU-14000,29.0,16.62,93.85,5.95,100.0,5.31,8.57,No,Administración,4.98
STU-13959,18.0,12.01,85.77,4.27,98.84,6.48,18.0,No,Administración,3.33
STU-11231,27.0,7.72,76.87,4.85,90.74,7.57,3.34,No,Ingeniería Civil,3.59
STU-11904,24.0,4.74,67.98,5.7,,7.06,5.02,No,Ingeniería Industrial,3.31
STU-13400,32.0,3.04,81.81,5.14,47.58,5.78,11.98,No,Ingeniería Civil,2.49
STU-13048,32.0,16.95,94.76,5.63,84.27,5.91,8.54,No,INGENIERÍA INFORMÁTICA,4.23
STU-10562,20.0,11.4,95.5,6.9,84.45,6.69,11.27,No,Ingeniería Informática,4.48
STU-10358,20.0,16.15,87.85,6.54,100.0,5.65,5.35,Sí,Ingeniería Informática,5.15
STU-11878,26.0,19.52,75.95,6.41,85.35,6.34,5.29,Sí,Ingeniería Industrial,4.38
STU-11731,25.0,8.55,73.04,5.8,78.28,8.55,6.4,No,Ingeniería Civil,4.19
STU-14730,24.0,15.51,100.0,7.0,83.66,7.14,7.35,No,Ingeniería Industrial,5.15
STU-10508,28.0,15.93,88.67,5.53,82.5,7.45,9.41,No,Ingeniería Civil,3.7
STU-11593,31.0,11.03,85.31,5.53,100.0,5.86,7.22,No,Ingeniería Industrial,4.36
STU-14994,28.0,4.8,87.4,5.32,53.47,5.72,4.94,No,Ingeniería Industrial,2.99
STU-11782,29.0,10.03,90.14,5.37,86.48,7.8,3.46,Sí,Ingeniería Informática,4.74
STU-10449,24.0,,60.47,5.05,52.68,6.44,6.03,No,Administración,2.28
STU-10620,28.0,12.89,100.0,5.65,98.03,5.66,8.29,No,Ingeniería Civil,4.94
STU-12040,23.0,19.84,82.07,5.72,100.0,5.41,6.33,,Administración,7.628340680206097
STU-12028,27.0,13.9,93.06,5.31,95.55,7.9,8.82,No,Ingeniería Informática,4.78
STU-14970,29.0,14.08,78.48,4.7,86.25,8.5,14.37,No,Contador Auditor,3.31
STU-10518,,3.81,66.65,4.29,57.74,6.97,2.51,Sí,Contador Auditor,1.96
STU-12447,27.0,9.45,73.76,4.66,87.81,7.76,6.05,No,Ingeniería Informática,3.65
STU-12553,32.0,10.4,88.4,6.49,64.84,7.66,6.18,No,Contador Auditor,3.65
STU-10963,27.0,11.9,100.0,6.39,85.92,9.58,6.93,No,Ingeniería Civil,4.63
STU-14678,26.0,7.05,67.4,,63.23,5.8,4.92,si,Ingeniería Civil,3.07
STU-13802,22.0,3.36,58.58,4.54,76.96,9.38,6.2,No,Ingeniería Informática,2.68
STU-12292,18.0,15.55,100.0,6.33,100.0,8.06,7.78,Sí,Contador Auditor,5.28
STU-10258,23.0,11.0,84.38,6.38,,5.23,5.22,No,Ingeniería Industrial,3.52
STU-14190,23.0,18.46,,7.0,100.0,7.78,6.64,No,Ingeniería Industrial,5.63
STU-13378,28.0,14.6,,5.82,86.17,6.15,2.73,No,Contador Auditor,3.87
STU-14898,24.0,7.26,85.38,5.23,58.14,5.64,2.42,No,Ingeniería Industrial,3.12
STU-10068,23.0,9.97,90.59,6.17,81.66,6.11,7.64,No,Contador Auditor,4.41
STU-12289,18.0,,73.67,,51.53,7.65,4.99,No,Ingeniería Informática,3.47
STU-13594,26.0,15.8,64.95,6.08,62.93,5.79,3.22,No,Ingeniería Civil,3.67
STU-10166,25.0,15.86,91.22,6.21,92.15,6.88,6.6,No,Ingeniería Informática,5.4
STU-10978,21.0,16.28,98.56,5.57,100.0,7.17,4.08,No,Ingeniería Civil,4.8
STU-11938,27.0,6.25,-1.5762110140560956,4.97,66.36,6.78,4.42,No,Ingeniería Civil,2.88
STU-13354,28.0,11.72,100.0,5.65,99.81,7.7,3.72,No,Administración,4.32
STU-13848,22.0,13.31,86.66,5.19,100.0,7.34,5.35,No,Ingeniería Informática,3.88
STU-13682,22.0,15.42,96.34,6.26,73.03,7.27,8.27,No,Ingeniería Civil,5.06
STU-13684,18.0,12.95,82.0,5.11,75.68,6.89,7.84,No,Administración,4.78
STU-13073,,15.46,100.0,6.84,,6.4,1.61,No,Administración,4.8
STU-14496,32.0,6.53,97.98,4.93,96.62,7.98,3.31,No,Ingeniería Informática,4.32
STU-12501,20.0,13.99,86.11,5.55,100.0,8.22,8.18,No,Ingeniería Civil,3.97
STU-12572,22.0,10.85,91.22,5.6,93.53,4.47,1.47,No,Administración,4.8
STU-10024,28.0,4.03,70.7,3.84,74.59,7.13,7.29,Sí,Ingeniería Industrial,2.42
STU-14106,28.0,8.3,69.45,5.14,48.81,5.37,2.85,Sí,Ingeniería Informática,2.53
STU-11851,20.0,9.92,88.73,5.38,78.79,7.74,2.49,Sí,Contador Auditor,3.82
STU-14502,25.0,10.28,67.61,,79.51,8.13,3.25,Sí,Ingeniería Informática,4.95
STU-10563,24.0,15.97,94.04,6.75,94.32,6.11,1.78,Sí,Ingeniería Industrial,4.98
STU-13486,24.0,4.8,71.99,4.84,58.81,7.46,8.5,Sí,Ingeniería Informática,2.28
STU-14230,30.0,14.93,82.06,6.12,100.0,6.58,7.32,Sí,Ingeniería Informática,4.74
STU-10398,20.0,10.39,,5.37,85.03,6.73,9.34,No,Ingeniería Industrial,3.94
STU-14618,32.0,8.65,80.61,5.38,80.84,7.81,8.64,No,Ingeniería Civil,4.15
STU-14337,22.0,14.19,90.98,4.77,92.93,8.61,2.73,No,Ingeniería Civil,5.18
STU-13128,23.0,11.29,72.99,6.04,70.31,6.11,10.07,No,Ingeniería Informática,3.19
STU-10754,22.0,10.43,99.86,5.09,99.0,5.76,3.28,No,Ingeniería Civil,4.34
STU-10412,22.0,18.93,93.29,7.0,100.0,7.24,5.82,No,Ingeniería Informática,6.06
STU-12284,21.0,15.23,91.47,5.47,100.0,8.16,6.51,No,Administración,4.38
STU-11513,26.0,2.67,87.16,5.89,81.57,8.45,4.07,No,Contador Auditor,3.58
STU-13474,23.0,15.1,82.58,5.57,94.36,7.29,6.13,No,Contador Auditor,4.56
STU-12645,23.0,23.79,93.3,6.95,100.0,7.73,3.82,No,Ingeniería Civil,5.91
STU-11948,22.0,8.77,63.01,4.67,70.91,8.13,5.28,No,Contador Auditor,2.4
STU-11199,24.0,16.8,97.72,5.51,100.0,6.56,7.4,No,Contador Auditor,4.79
STU-13062,28.0,18.58,100.0,6.2,87.96,9.78,5.21,No,Ingeniería Industrial,5.07
STU-12677,65.0,13.13,97.25,6.26,100.0,5.53,6.68,No,Ingeniería Informática,4.24
STU-11581,19.0,15.44,91.97,5.79,96.4,7.61,7.06,No,Ingeniería Civil,4.28
STU-12444,27.0,7.3,87.06,5.97,74.22,5.7,5.19,No,Administración,3.78
STU-14608,18.0,11.63,79.97,4.91,99.85,7.07,14.74,Sí,Administración,4.44
STU-14400,25.0,13.77,94.39,6.33,97.15,5.86,4.32,No,Ingeniería Industrial,4.41
STU-10749,18.0,20.07,91.4,6.77,92.75,7.37,2.54,No,Ingeniería Civil,5.73
STU-13627,24.0,21.77,84.7,,100.0,5.23,9.77,No,Ingeniería Informática,5.29
STU-12491,24.0,11.39,90.76,6.41,91.07,7.75,6.75,No,Ingeniería Informática,4.27
STU-10904,22.0,18.12,93.95,6.72,100.0,-6.384764956291411,7.12,Sí,Ingeniería Civil,5.72
STU-11006,23.0,11.2,82.84,5.39,75.64,7.74,8.31,Sí,Ingeniería Civil,3.51
STU-10236,26.0,11.93,96.17,6.15,100.0,8.63,6.15,No,Administración,5.01
STU-12870,30.0,15.19,86.82,7.0,96.14,8.31,6.05,No,Ingeniería Civil,4.86
STU-13854,19.0,17.67,85.06,6.25,,6.7,2.75,Sí,Contador Auditor,5.69
STU-11112,20.0,16.74,65.37,5.69,87.72,8.95,4.93,Sí,Ingeniería Industrial,5.02
STU-12881,25.0,8.39,82.43,5.69,69.8,9.21,5.2,No,Ingeniería Industrial,2.95
STU-12446,26.0,97.12498131705581,76.49,5.58,100.0,5.33,4.19,No,Contador Auditor,3.89
STU-14175,28.0,15.28,78.13,4.87,87.38,4.8,7.92,Sí,Ingeniería Informática,4.0
STU-12939,19.0,13.91,82.1,5.67,96.38,9.41,3.15,No,Ingeniería Civil,4.59
STU-10062,18.0,9.5,89.6,,84.81,6.27,10.75,Sí,Ingeniería Informática,5.15
STU-11247,22.0,4.0,75.06,5.36,68.75,6.22,7.1,Sí,Ingeniería Informática,2.69
STU-10112,24.0,13.19,77.82,6.46,66.37,7.59,4.28,Sí,Ingeniería Informática,3.98
STU-12449,26.0,11.65,83.17,5.65,98.78,,2.8,Sí,Ingeniería Informática,4.47
STU-10003,22.0,12.6,83.07,4.88,74.66,5.86,4.65,Sí,Ingeniería Industrial,3.36
STU-12026,25.0,10.32,81.31,4.66,85.39,9.4,3.62,No,Administración,3.8
STU-13074,21.0,13.92,,6.05,96.39,9.18,10.69,Sí,Ingeniería Industrial,5.16
STU-10078,26.0,17.3,93.65,7.0,100.0,8.01,3.62,Sí,Contador Auditor,5.97
STU-10251,24.0,11.98,97.32,6.74,78.25,6.51,3.14,No,Ingeniería Informática,4.52
STU-12977,18.0,14.05,82.24,5.65,100.0,5.74,6.32,Sí,Ingeniería Industrial,4.71
STU-12103,27.0,11.21,80.44,5.2,73.06,6.06,4.71,Sí,Ingeniería Informática,3.95
STU-13822,27.0,12.28,76.43,6.77,100.0,7.75,6.76,Sí,Ingeniería Industrial,4.68
STU-12628,18.0,16.05,90.38,6.33,92.12,7.77,16.09,Sí,Ingeniería Industrial,5.58
STU-11727,26.0,16.75,95.32,6.13,99.72,6.95,5.51,No,Ingeniería Civil,4.63
STU-14787,22.0,9.67,79.92,5.37,73.45,6.98,4.03,No,Ingeniería Civil,3.43
STU-14488,21.0,10.98,100.0,7.0,80.36,5.13,11.57,No,Ingeniería Civil,5.04
STU-13452,20.0,15.24,73.82,,71.25,7.74,8.68,Sí,Contador Auditor,3.62
STU-11171,22.0,6.62,90.94,5.69,,9.17,5.97,Sí,Ingeniería Civil,3.46
STU-14574,30.0,1.0,85.53,6.01,66.71,,69.50079822318206,Sí,Administración,3.63
STU-11059,24.0,6.25,77.52,4.91,54.18,6.19,1.85,Sí,Ingeniería Civil,2.55
STU-14597,30.0,20.52,95.71,5.06,100.0,8.5,7.54,No,Ingeniería Informática,4.69
STU-14547,24.0,7.78,81.48,6.39,48.62,6.72,3.03,Sí,Ingeniería informática ,3.85
STU-12387,22.0,16.21,98.57,,100.0,6.55,4.86,No,Contador Auditor,4.57
STU-13178,18.0,,69.24,5.5,66.95,4.97,6.78,Sí,Contador Auditor,2.22
STU-10817,22.0,14.03,94.9,6.42,97.36,8.3,3.73,Sí,Ingeniería Informática,5.46
STU-10643,22.0,9.78,89.06,5.07,87.41,8.15,7.84,No,Ingeniería Industrial,3.73
STU-11245,18.0,21.77,95.45,7.0,80.87,7.88,5.51,No,,4.99
STU-14922,18.0,15.67,86.79,4.72,100.0,6.85,4.81,No,Ingeniería Informática,3.61
STU-14146,22.0,9.88,77.56,5.84,69.51,7.38,5.77,No,Ingeniería Civil,3.63
STU-12073,18.0,20.72,96.23,6.27,100.0,6.04,2.93,No,Ingeniería Civil,5.02
STU-10520,22.0,11.68,89.56,5.59,100.0,8.65,8.0,No,Ingeniería Industrial,4.81
STU-13105,24.0,21.9,98.96,6.08,100.0,5.06,6.09,No,Ingeniería Industrial,5.1
STU-14087,24.0,21.02,100.0,,100.0,6.32,7.63,No,Contador Auditor,5.21
STU-10329,21.0,17.17,88.46,5.98,98.23,7.5,,No,Ingeniería Civil,4.83
STU-13091,28.0,14.31,97.03,,87.86,6.86,4.56,No,Ingeniería Civil,5.01
STU-12959,30.0,20.86,94.28,6.46,100.0,7.75,7.72,No,Ingeniería Industrial,5.11
STU-10591,27.0,10.41,85.09,4.6,66.51,6.22,4.16,No,Administración,3.5
STU-10536,23.0,8.39,96.55,6.09,81.33,8.61,8.95,No,Ingeniería Civil,4.19
STU-11430,23.0,14.88,84.21,5.05,100.0,8.38,4.04,No,Administración,5.12
STU-13289,18.0,,75.04,4.74,71.84,6.49,9.29,No,Administración,3.13
STU-11533,18.0,14.58,76.47,6.89,,7.29,3.71,Sí,Contador Auditor,4.83
STU-10159,25.0,13.43,87.91,5.42,93.53,6.95,10.68,Sí,Ingeniería Civil,4.53
STU-14565,20.0,12.12,70.78,4.94,66.08,6.66,2.19,No,Ingeniería Industrial,2.89
STU-11842,27.0,19.39,100.0,7.0,100.0,6.47,2.2,No,Ingeniería Civil,5.83
STU-14012,25.0,,91.83,6.82,88.69,6.57,10.55,Sí,Ingeniería Informática,5.38
STU-10928,21.0,13.71,87.92,5.59,95.69,8.42,4.33,No,Ingeniería Informática,4.12
STU-14537,18.0,12.62,88.72,6.58,95.31,7.48,1.65,Sí,Ingeniería Industrial,4.61
STU-14762,31.0,11.45,89.6,6.55,89.42,7.53,2.46,Sí,Ingeniería Informática,4.57
STU-10584,,9.44,76.74,5.89,76.12,5.26,3.27,No,Ingeniería Civil,3.59
STU-11168,26.0,,100.0,6.26,100.0,7.7,3.09,Sí,Administración,6.18
STU-12633,21.0,6.62,66.46,4.27,64.46,6.81,4.58,Sí,Ingeniería Informática,2.53
STU-14030,25.0,12.37,94.61,6.45,70.9,6.83,5.46,No,Administración,4.24
STU-14829,23.0,7.51,74.37,5.52,73.95,6.89,1.9,Sí,Ingeniería Civil,3.76
STU-12651,24.0,10.13,75.97,4.72,80.54,5.78,6.36,No,Ingeniería Industrial,4.54
STU-12833,22.0,10.79,92.55,5.52,,5.92,3.37,Sí,Ingeniería Informática,3.99
STU-14425,23.0,9.22,87.03,5.11,98.29,6.32,3.22,Sí,Administración,3.96
STU-13737,32.0,9.14,93.41,6.65,90.22,7.52,4.58,No,Ingeniería Industrial,4.85
STU-12857,,7.32,72.4,6.58,67.2,7.27,1.74,No,Ingeniería Industrial,4.41
STU-10695,18.0,17.2,95.81,6.57,95.59,8.8,4.8,Sí,Ingeniería Informática,5.83
STU-11912,22.0,21.33,88.73,6.8,100.0,4.62,,Sí,Ingeniería Informática,5.8
STU-11235,23.0,9.39,,5.89,90.79,5.25,10.11,Sí,Ingeniería Civil,4.27
STU-10588,21.0,13.43,87.66,5.77,100.0,5.52,4.54,Sí,Ingeniería Informática,4.84
STU-10573,19.0,17.01,93.52,5.4,100.0,8.34,3.87,Sí,Ingeniería Civil,5.14
STU-11073,,18.36,92.53,5.55,93.59,6.44,5.8,No,Ingeniería Civil,4.88
STU-11315,27.0,6.89,,3.87,77.63,6.4,14.9,Sí,Ingeniería Industrial,2.92
STU-11677,19.0,18.43,100.0,6.07,100.0,5.94,7.56,No,Administración,5.31
STU-11630,25.0,96.41127100567765,81.04,4.71,97.58,6.45,7.04,No,Ingeniería Civil,3.87
STU-12088,18.0,15.6,77.21,4.63,99.85,3.83,11.6,No,Administración,3.66
STU-10535,20.0,12.27,70.14,6.07,89.79,5.91,6.2,Sí,Ingeniería Civil,4.82
STU-10035,20.0,18.02,97.17,6.75,100.0,8.36,2.67,No,Ingeniería Informática,5.45
STU-10417,20.0,,83.38,5.96,100.0,6.12,11.99,No,Ingeniería Informática,4.75
STU-13302,32.0,15.75,85.49,7.0,88.29,7.74,16.07,No,Contador Auditor,4.97
STU-10519,29.0,11.62,86.95,5.63,95.82,6.29,3.73,No,Administración,4.12
STU-14575,28.0,6.16,,4.3,77.5,4.29,2.98,Sí,Contador Auditor,2.07
STU-12013,19.0,23.81,100.0,7.0,,7.68,3.87,Sí,Ingeniería Informática,5.78
STU-10429,18.0,8.7,92.58,5.13,78.73,7.57,1.57,No,Contador Auditor,3.63
STU-10208,22.0,15.06,94.94,5.24,100.0,8.44,1.68,No,Ingeniería Industrial,5.07
STU-12875,24.0,27.63,100.0,7.0,100.0,6.63,11.14,No,Administración,5.95
STU-13502,24.0,19.01,83.88,6.29,100.0,6.21,6.95,Sí,Ingeniería Informática,5.17
STU-12232,,6.34,91.91,6.01,80.78,9.07,3.66,Sí,Ingeniería Industrial,4.15
STU-10031,18.0,14.25,87.0,5.97,100.0,6.28,4.66,No,Contador Auditor,5.0
STU-12337,25.0,10.72,75.82,6.03,56.53,10.1,5.36,Sí,Administración,4.33
STU-13875,21.0,19.4,90.58,6.29,100.0,7.52,5.97,No,Ingeniería Informática,5.55
STU-10652,26.0,11.52,81.49,6.4,64.58,6.22,13.13,No,Ingeniería Civil,3.52
STU-13599,29.0,10.13,66.01,4.59,79.35,8.88,12.28,Sí,Ingeniería Civil,3.17
STU-14126,23.0,14.29,87.81,6.67,87.47,6.7,7.36,No,Ingeniería Industrial,4.89
STU-11155,26.0,11.69,62.95,,68.4,5.4,2.93,No,Ingeniería Informática,2.96
STU-12503,19.0,11.69,87.66,5.6,,7.7,12.99,Sí,Administración,3.34
STU-14765,23.0,2.03,74.9,4.72,62.9,7.26,8.93,Sí,Administración,2.7
STU-13359,25.0,6.09,81.86,5.42,46.29,4.95,5.27,No,Ingeniería Civil,3.01
STU-10860,26.0,4.07,68.01,4.42,53.65,4.71,3.65,No,Ingeniería Industrial,2.23
STU-12655,23.0,18.81,100.0,7.0,96.0,6.96,6.46,No,Ingeniería Civil,5.29
STU-14741,28.0,9.82,93.51,5.22,93.79,8.43,14.79,No,Administración,3.7
STU-11560,24.0,14.75,81.29,6.01,95.9,,14.36,No,Ingeniería Civil,4.79
STU-11449,20.0,17.19,82.6,5.51,,5.62,4.9,No,Ingeniería Informática,4.13
STU-12333,22.0,8.1,85.22,5.96,83.65,8.37,9.13,No,Ingeniería Civil,2.98
STU-14050,24.0,7.06,71.46,5.18,66.47,8.4,8.93,No,Ingeniería Civil,2.14
STU-10523,23.0,8.19,88.51,6.23,74.36,8.7,4.69,Sí,Administración,3.95
STU-13497,24.0,3.76,65.34,5.1,45.78,8.2,9.35,Sí,Ingeniería Civil,2.28
STU-13396,27.0,11.73,,5.83,93.31,5.7,4.17,No,Contador Auditor,4.48
STU-10923,29.0,16.57,84.93,6.41,96.8,8.02,4.19,No,Ingeniería Civil,5.19
STU-10139,18.0,12.55,86.67,5.58,80.78,6.5,10.56,No,Contador Auditor,3.6
STU-10907,35.0,8.55,95.46,5.94,85.2,7.11,9.05,No,Ingeniería Civil,4.03
STU-14885,26.0,14.44,78.16,6.14,98.45,11.0,4.13,Sí,Administración,5.31
STU-11053,29.0,14.48,75.42,5.55,77.31,5.07,3.9,No,Ingeniería Civil,3.72
STU-10337,18.0,11.29,90.64,6.57,100.0,5.71,5.09,Sí,Administración,4.57
STU-14383,18.0,4.98,61.21,4.25,79.14,8.12,8.34,Sí,Ingeniería Informática,2.65
STU-12934,,16.54,93.92,5.81,100.0,7.09,3.22,No,Administración,4.77
STU-11507,29.0,8.67,83.55,5.42,83.25,4.77,0.77,Sí,Contador Auditor,3.15
STU-10668,21.0,10.93,88.15,5.44,98.18,7.38,10.8,No,Ingeniería Informática,4.22
STU-12134,20.0,7.31,82.76,5.09,58.74,7.41,6.44,,Contador Auditor,3.32
STU-14800,22.0,12.08,96.5,5.37,100.0,5.34,3.84,No,Ingeniería Informática,4.81
STU-10400,23.0,6.74,88.91,5.8,97.02,6.16,6.08,No,Administración,5.07
STU-10922,21.0,3.49,69.44,4.11,55.97,7.67,4.73,No,Ingeniería Industrial,2.36
STU-12880,25.0,16.66,80.33,5.72,100.0,7.88,3.07,No,Ingeniería Informática,4.77
STU-12731,24.0,17.03,87.62,6.38,90.17,8.31,2.11,No,Ingeniería Industrial,4.77
STU-11093,25.0,15.61,100.0,4.99,100.0,8.24,10.99,No,Administración,4.35
STU-14495,27.0,12.73,82.72,,85.84,6.51,2.43,No,Ingeniería Informática,3.9
STU-10015,24.0,9.23,86.4,5.71,95.21,5.82,2.36,Sí,Ingeniería Industrial,4.1
STU-11911,23.0,13.33,,5.18,96.04,8.78,13.08,Sí,,4.36
STU-10918,25.0,11.76,96.33,5.6,92.15,5.8,5.91,No,Ingeniería Informática,4.78
STU-12001,24.0,7.44,93.81,4.73,70.11,5.67,17.73,No,Ingeniería Industrial,3.72
STU-10109,32.0,12.18,80.14,5.28,76.35,7.94,2.28,Sí,Administración,4.51
STU-12014,26.0,10.97,100.0,5.59,100.0,6.3,4.38,No,Administración,4.07
STU-14267,27.0,13.39,89.5,5.9,86.6,8.52,6.12,Sí,Contador Auditor,4.43
STU-13834,22.0,12.08,97.64,5.85,80.95,5.58,4.31,No,Administración,4.54
STU-14483,32.0,9.94,86.37,5.16,84.36,,11.67,No,Ingeniería Informática,4.97
STU-12680,24.0,7.59,63.19,5.12,60.71,6.15,5.25,No,Ingeniería Informática,2.29
STU-14106,28.0,8.3,69.45,5.14,48.81,5.37,2.85,Sí,Ingeniería Informática,2.53
STU-14658,29.0,9.05,84.24,6.37,70.96,,7.66,No,Contador Auditor,4.29
STU-13490,26.0,16.37,93.45,5.22,95.12,6.48,1.77,No,Ingeniería Informática,4.11
STU-14406,23.0,6.26,95.13,6.23,91.72,4.27,8.35,No,Ingeniería Industrial,3.88
STU-11781,22.0,,74.19,4.59,67.74,7.55,1.94,No,Ingeniería Industrial,2.62
STU-11887,22.0,9.38,96.54,5.43,82.18,6.44,2.7,No,Administración,4.31
STU-11836,23.0,9.67,84.67,6.13,90.14,8.5,8.27,Sí,Ingeniería Civil,4.11
STU-12666,29.0,11.23,84.18,,76.51,5.81,8.12,Sí,Ingeniería Civil,3.66
STU-11003,19.0,12.34,84.55,5.75,78.77,7.47,2.95,No,Ingeniería Informática,4.07
STU-11648,29.0,7.66,81.16,5.43,91.84,7.7,7.14,No,Ingeniería Informática,3.58
STU-11289,18.0,,80.69,5.88,82.24,,14.62,No,Ingeniería Industrial,4.33
STU-11706,29.0,25.46,100.0,5.47,100.0,6.24,18.0,No,Ingeniería Informática,5.49
STU-10673,19.0,,82.75,5.67,89.4,5.44,2.45,No,Contador Auditor,3.46
STU-10988,22.0,13.12,88.36,5.06,80.13,6.36,5.15,No,Ingeniería Industrial,3.6
STU-12508,22.0,13.23,96.47,5.6,100.0,6.55,3.31,Sí,Ingeniería Informática,4.44
STU-11489,28.0,6.16,76.74,5.82,71.48,9.25,4.91,Sí,Administración,3.81
STU-14028,26.0,1.81,99.31,5.36,74.81,6.05,3.86,No,Ingeniería Civil,2.71
STU-13198,18.0,7.77,70.14,5.59,57.44,4.61,1.97,No,Ingeniería Civil,2.47
STU-11567,25.0,14.12,84.86,4.88,94.77,5.53,3.73,No,Ingeniería Informática,4.65
STU-11355,23.0,11.14,94.64,5.44,84.84,8.88,7.59,Sí,Ingeniería Informática,3.93
STU-12687,26.0,16.63,83.99,6.79,100.0,5.82,3.33,Sí,Ingeniería Industrial,5.24
STU-13281,25.0,11.83,90.74,6.47,80.41,6.43,11.19,No,Ingeniería Civil,3.38
STU-12639,25.0,13.32,94.71,4.88,74.78,8.89,8.2,No,Ingeniería Industrial,3.35
STU-14761,25.0,17.39,84.0,4.96,96.38,,6.36,No,Contador Auditor,3.93
STU-13913,30.0,4.84,77.58,5.33,71.89,7.21,11.52,No,Administración,3.51
STU-11585,18.0,10.59,84.38,6.16,89.63,7.59,5.6,Sí,Ingeniería Civil,3.47
STU-13144,30.0,12.15,73.91,,83.84,6.56,5.49,SÍ ,Ingeniería Industrial,3.45
STU-11551,21.0,14.39,91.0,5.89,,5.68,0.86,No,Ingeniería Informática,4.43
STU-14039,29.0,13.58,85.22,6.23,100.0,7.09,5.9,No,Ingeniería Civil,4.28
STU-14614,27.0,7.36,80.43,6.13,69.56,6.99,7.08,Sí,Ingeniería Civil,4.13
STU-11236,,15.24,86.6,7.0,100.0,6.27,2.75,No,Ingeniería Informática,5.24
STU-13776,27.0,8.75,85.8,5.16,67.81,7.5,7.5,Sí,Contador Auditor,3.07
STU-11198,22.0,16.03,100.0,5.27,,3.89,6.55,No,Ingeniería Civil,4.19
STU-10063,30.0,18.19,91.83,6.43,100.0,7.16,3.04,Sí,Ingeniería Industrial,4.9
STU-12712,33.0,12.39,,6.16,68.51,7.64,4.82,Sí,Ingeniería Industrial,3.96
STU-13077,22.0,14.79,78.73,6.19,94.63,7.65,5.52,No,Contador Auditor,4.37
STU-13255,30.0,5.93,79.91,6.05,63.02,7.1,2.63,Sí,Ingeniería Informática,3.17
STU-12118,28.0,77.77449434091028,70.11,5.17,55.89,6.69,7.83,Sí,Ingeniería Informática,3.13
STU-10259,26.0,16.45,100.0,,100.0,8.58,1.79,No,Administración,5.64
STU-10590,22.0,11.1,97.43,6.09,72.29,,8.43,Sí,Ingeniería Informática,4.13
STU-12507,25.0,16.49,90.07,5.48,100.0,5.95,4.26,No,Administración,4.69
STU-10192,18.0,9.63,73.39,4.77,89.51,6.87,,No,Ingeniería Civil,3.02
STU-11947,23.0,14.57,98.24,6.36,99.16,7.11,4.67,Sí,Ingeniería Industrial,5.89
STU-13376,24.0,6.01,80.04,6.62,70.89,7.31,5.58,No,Contador Auditor,3.62
STU-11767,29.0,13.94,95.46,5.39,100.0,7.68,6.34,No,Ingeniería Informática,4.81
STU-10594,23.0,15.24,97.12,6.07,100.0,6.6,2.03,No,Ingeniería Informática,4.18
STU-10344,29.0,9.71,88.34,5.06,92.09,7.46,3.23,No,Ingeniería Civil,4.16
STU-11008,23.0,4.85,62.15,4.76,79.3,7.73,5.07,Sí,Ingeniería Informática,2.96
STU-14509,22.0,7.69,91.81,5.39,77.51,7.63,10.6,Sí,Ingeniería Informática,4.04
STU-14386,29.0,15.03,100.0,5.62,98.75,7.0,3.13,No,Ingeniería Industrial,4.88
STU-11105,32.0,8.19,86.98,5.31,61.34,7.28,10.82,No,Administración,3.67
STU-13291,27.0,1.86,61.29,4.23,66.18,6.64,6.76,No,Contador Auditor,2.43
STU-10486,27.0,12.48,83.66,5.66,68.96,4.88,7.64,No,Ingeniería Civil,3.68
STU-11669,29.0,10.03,76.34,4.29,89.83,7.89,5.12,No,Contador Auditor,2.03
STU-13381,25.0,10.3,90.39,6.1,73.87,5.77,2.99,Sí,Ingeniería Informática,3.73
STU-11117,24.0,8.55,88.04,,88.96,5.99,6.71,No,Ingeniería Civil,4.34
STU-12659,,17.73,88.21,7.0,100.0,5.08,7.37,Sí,Ingeniería Industrial,5.27
STU-12343,21.0,17.15,93.19,4.95,96.3,4.54,1.95,No,Ingeniería Informática,4.51
STU-14611,24.0,11.16,91.53,5.9,100.0,6.04,6.38,No,Ingeniería Informática,4.61
STU-13193,25.0,11.31,78.24,5.66,100.0,5.24,7.67,No,Ingeniería Informática,4.05
STU-14935,22.0,8.87,74.02,5.63,88.45,7.24,5.21,Sí,Ingeniería Informática,3.01
STU-13217,18.0,13.41,75.97,5.37,96.62,9.31,5.06,No,Administración,3.75
STU-14702,24.0,6.23,77.94,6.31,76.19,7.67,5.63,Sí,Administración,3.8
STU-14625,,2.81,70.69,5.51,79.73,6.9,2.27,No,Ingeniería Civil,2.47
STU-14869,25.0,18.86,81.35,6.19,100.0,5.98,6.27,,Ingeniería Civil,3.85
STU-11746,28.0,11.39,95.21,6.2,84.67,6.36,2.55,No,Ingeniería Informática,4.49
STU-14753,27.0,,,6.97,87.98,,4.65,No,Ingeniería Informática,5.65
STU-13442,20.0,15.67,84.34,6.04,70.35,7.25,3.81,No,Ingeniería Informática,3.22
STU-12877,22.0,7.51,86.46,5.98,58.21,7.16,11.34,No,Ingeniería Civil,3.74
STU-10415,25.0,11.17,93.67,4.75,82.42,4.78,14.62,Sí,Ingeniería Industrial,3.39
STU-12217,18.0,19.15,82.22,7.0,99.83,7.76,4.15,No,Ingeniería Informática,6.5
STU-13696,21.0,7.1,87.53,5.34,75.8,6.38,8.15,No,Ingeniería Industrial,3.65
STU-11480,20.0,6.58,72.2,5.48,61.71,5.13,5.63,Sí,Ingeniería Industrial,3.29
STU-11216,24.0,15.12,98.11,6.02,,7.52,4.08,No,Contador Auditor,5.4
STU-11282,21.0,15.29,84.79,5.22,100.0,6.94,9.46,No,Ingeniería Civil,4.66
STU-14749,23.0,9.92,85.45,6.32,79.33,7.76,4.77,Sí,Ingeniería Civil,4.17
STU-11123,24.0,17.29,83.87,6.74,99.71,7.07,5.67,Sí,Ingeniería Informática,5.84
STU-14605,18.0,14.26,90.31,5.83,86.76,7.08,5.68,No,Administración,3.84
STU-10906,23.0,10.58,86.51,5.19,63.28,7.5,0.64,No,Administración,3.45
STU-14396,,18.19,92.78,5.85,100.0,6.98,5.29,No,Ingeniería Industrial,5.03
STU-11682,18.0,12.67,88.04,6.65,100.0,8.71,8.32,No,Ingeniería Industrial,4.71
STU-14774,30.0,9.31,93.14,5.17,93.57,6.06,,No,Ingeniería Informática,4.21
STU-11826,21.0,12.57,94.72,6.14,87.37,9.05,7.57,Sí,Contador Auditor,5.31
STU-13670,22.0,13.55,85.41,6.4,90.48,8.06,4.41,Sí,Ingeniería Industrial,4.18
STU-14905,22.0,10.94,81.35,5.43,73.83,6.22,9.83,Sí,Contador Auditor,4.14
STU-14981,18.0,8.98,80.73,6.06,,,2.99,No,Ingeniería Informática,4.17
STU-12509,27.0,14.77,76.82,5.28,96.5,7.21,14.12,,Contador Auditor,3.83
STU-13607,20.0,11.14,76.71,6.03,76.9,6.44,5.58,Sí,Contador Auditor,4.01
STU-12126,18.0,2.56,75.93,4.47,72.84,7.26,3.78,No,Ingeniería Informática,1.6
STU-12356,,5.92,83.56,5.51,78.38,7.81,6.1,No,Ingeniería Informática,3.44
STU-11021,20.0,7.45,93.69,5.98,78.29,8.2,8.93,Sí,Contador Auditor,4.65
STU-14212,23.0,8.22,,5.19,85.32,8.06,4.65,No,Ingeniería Civil,3.67
STU-10441,23.0,3.72,64.74,5.48,,6.36,5.88,No,Ingeniería Industrial,2.1
STU-10257,32.0,15.49,100.0,5.66,95.51,7.15,7.26,No,Ingeniería Informática,4.56
STU-14650,19.0,11.71,93.28,5.31,99.5,5.44,2.83,No,Ingeniería Informática,4.1
STU-14991,18.0,6.34,78.93,4.55,68.95,6.26,2.35,No,Ingeniería Informática,2.75
STU-12004,24.0,13.28,82.88,6.06,66.97,7.58,5.12,No,Ingeniería Informática,4.82
STU-12524,19.0,20.57,100.0,7.0,100.0,5.93,1.77,No,Ingeniería Civil,5.5
STU-10875,20.0,20.99,93.84,6.02,100.0,6.88,10.28,No,Ingeniería Informática,5.23
STU-11373,23.0,1.0,79.59,5.35,34.68,6.01,4.37,No,Ingeniería Informática,2.85
STU-13230,23.0,,86.52,5.99,87.09,7.51,6.58,No,,4.02
STU-12299,70.0,16.46,100.0,6.06,99.35,7.87,,No,Administración,5.66
STU-11716,18.0,20.64,100.0,5.74,100.0,7.05,14.23,No,Ingeniería Civil,5.44
STU-14296,27.0,8.65,61.07,5.7,69.85,7.79,41.18063168650022,Sí,Administración,3.05
STU-14002,24.0,12.73,92.83,5.44,100.0,5.06,3.0,No,Ingeniería Informática,4.3
STU-10021,18.0,,77.61,6.38,91.26,7.5,3.94,Sí,Ingeniería Industrial,5.42
STU-11378,19.0,13.93,87.88,6.6,98.14,6.49,3.64,No,Contador Auditor,5.6
STU-11463,23.0,11.18,88.89,5.13,82.9,8.44,5.79,No,Ingeniería Industrial,4.28
STU-10500,22.0,8.53,88.95,5.8,100.0,7.25,2.56,No,Administración,4.28
STU-13447,22.0,19.82,86.83,6.03,100.0,8.07,17.74,No,Contador Auditor,4.7
STU-12986,21.0,11.52,79.81,5.0,87.58,7.23,7.49,No,Ingeniería Civil,3.52
STU-10881,19.0,11.83,79.48,5.68,85.35,6.89,1.94,No,Ingeniería Civil,4.16
STU-13360,32.0,4.5,76.18,5.59,59.97,7.81,5.03,Sí,Ingeniería Informática,3.82
STU-13011,31.0,20.8,87.11,5.92,100.0,7.71,1.44,No,Ingeniería Civil,4.92
STU-11837,27.0,18.88,85.93,5.46,100.0,5.91,,No,,5.47
STU-13564,28.0,9.99,96.42,6.46,61.6,6.15,2.61,No,Ingeniería Informática,4.01
STU-10394,22.0,14.44,93.89,5.3,98.22,7.67,13.15,Sí,Ingeniería Informática,3.92
STU-14584,29.0,12.77,74.01,5.61,85.71,6.24,4.22,No,Ingeniería Informática,3.05
STU-13589,21.0,15.15,81.81,5.39,100.0,8.92,4.9,No,Ingeniería Industrial,4.23
STU-12370,27.0,14.96,,5.34,100.0,9.92,10.65,No,,5.02
STU-13141,28.0,6.94,74.82,6.35,71.39,7.8,6.03,No,Ingeniería Informática,4.03
STU-11149,18.0,11.85,86.22,6.42,95.23,8.18,8.89,No,Contador Auditor,5.11
STU-10369,24.0,7.02,86.11,5.6,64.97,6.29,7.01,No,Ingeniería Informática,3.94
STU-12316,25.0,14.48,81.35,5.56,72.84,6.46,6.77,No,Ingeniería Informática,4.02
STU-13192,23.0,5.25,68.02,4.35,81.35,5.01,2.02,No,Ingeniería Informática,2.71
STU-14256,23.0,9.97,76.26,5.8,85.66,7.08,18.0,Sí,Administración,4.98
STU-10315,22.0,10.99,91.18,5.98,100.0,5.87,7.48,No,Ingeniería Industrial,3.74
STU-10105,26.0,15.21,94.15,6.56,90.31,7.54,5.32,No,Administración,5.14
STU-10794,29.0,18.68,100.0,6.47,98.25,8.44,7.38,No,Ingeniería Informática,5.7
STU-11432,28.0,8.89,76.27,5.94,48.44,8.31,2.18,No,Ingeniería Civil,3.49
STU-10095,22.0,10.62,56.34,5.6,70.73,7.96,4.03,,Ingeniería Civil,3.43
STU-13244,19.0,9.97,79.57,5.17,66.72,6.93,4.64,Sí,Ingeniería Industrial,2.51
STU-13857,27.0,15.74,93.63,5.51,88.36,7.47,5.58,Sí,Ingeniería Informática,4.67
STU-14982,19.0,10.08,82.6,5.81,93.38,6.5,5.82,,Ingeniería Informática,4.54
STU-11575,29.0,12.45,79.43,5.29,74.95,6.3,3.0,Sí,Ingeniería Industrial,4.24
STU-14858,26.0,21.34,86.98,4.94,100.0,5.83,3.05,No,Ingeniería Industrial,4.45
STU-12856,24.0,10.39,86.93,5.09,95.64,6.17,3.6,No,Ingeniería Informática,3.46
STU-12652,23.0,6.89,87.1,5.62,77.64,7.61,4.38,No,Ingeniería Informática,3.5
STU-11710,25.0,11.64,61.75,5.22,88.0,7.59,3.79,No,Contador Auditor,3.46
STU-12375,18.0,4.46,82.22,4.31,71.44,7.76,4.37,No,Ingeniería Informática,2.5
STU-11566,28.0,16.09,100.0,6.3,100.0,7.45,5.64,No,Ingeniería Industrial,4.84
STU-10397,18.0,2.24,79.03,5.39,44.34,8.21,6.77,Sí,Administración,2.7
STU-12268,,17.59,76.04,5.46,93.16,6.07,4.17,SÍ ,Ingeniería Informática,4.54
STU-13022,25.0,2.74,77.64,4.87,63.7,8.11,5.14,No,Ingeniería Informática,3.23
STU-14445,29.0,8.7,90.25,6.27,73.52,6.85,6.25,Sí,,4.44
STU-12068,23.0,13.93,89.02,6.11,91.92,7.65,11.29,No,Ingeniería Informática,4.43
STU-14061,25.0,20.64,100.0,6.56,100.0,5.99,,No,Ingeniería Informática,5.82
STU-13541,18.0,9.53,,5.91,82.75,7.23,7.25,No,Ingeniería Industrial,3.14
STU-11898,27.0,16.15,72.36,5.34,100.0,4.19,11.33,No,Administración,4.6
STU-11265,23.0,16.41,100.0,,100.0,8.27,,No,Ingeniería Informática,5.68
STU-13487,32.0,11.52,,5.09,56.91,6.81,9.74,No,Ingeniería Civil,2.87
STU-12399,24.0,15.86,82.06,7.0,85.95,7.92,2.53,Sí,Ingeniería Industrial,5.39
STU-12532,23.0,14.5,90.86,6.52,98.93,7.99,,No,Ingeniería Informática,5.31
STU-10133,21.0,11.91,82.84,5.33,100.0,6.36,3.9,Sí,Ingeniería Civil,3.7
STU-14721,24.0,14.64,100.0,7.0,99.82,6.79,4.45,Sí,Administración,5.96
STU-13498,27.0,17.94,100.0,5.77,100.0,6.72,6.92,No,Administración,5.54
STU-14954,21.0,14.26,79.33,5.49,100.0,5.97,8.95,No,Administración,4.8
STU-13049,25.0,13.18,81.92,5.91,93.36,5.92,6.55,No,Contador Auditor,4.73
STU-12023,23.0,10.01,,,100.0,4.16,1.06,Sí,Ingeniería Informática,3.32
STU-12331,21.0,9.84,,5.74,100.0,6.47,2.1,No,Ingeniería Industrial,4.41
STU-14887,25.0,18.98,100.0,6.77,100.0,7.62,7.5,No,Ingeniería Civil,5.89
STU-10359,22.0,10.5,75.45,5.26,63.37,7.74,1.59,No,Contador Auditor,3.32
STU-14208,21.0,8.34,70.51,6.68,65.69,5.11,5.89,No,Administración,3.64
STU-14115,28.0,15.36,92.3,5.81,99.58,8.54,8.41,No,Ingeniería Informática,4.67
STU-12722,23.0,22.86,90.72,7.0,100.0,7.64,7.49,No,Contador Auditor,5.2
STU-10326,19.0,,75.95,6.92,96.14,5.86,2.15,Sí,Ingeniería Industrial,4.09
STU-14227,28.0,12.84,95.69,7.0,97.75,7.54,10.1,No,Ingeniería Informática,5.4
STU-10665,18.0,15.76,100.0,5.15,100.0,6.23,3.3,No,Ingeniería Informática,5.03
STU-12478,18.0,16.75,80.44,5.95,100.0,6.66,4.2,No,Contador Auditor,3.91
STU-11424,25.0,15.41,100.0,5.5,87.53,7.11,0.73,Sí,Ingeniería Industrial,4.72
STU-14418,25.0,11.35,100.0,4.31,97.1,7.52,2.78,No,Contador Auditor,3.77
STU-12983,18.0,1.0,87.01,6.28,36.47,7.82,11.43,No,Ingeniería Informática,2.32
STU-11279,24.0,11.67,71.31,6.41,86.15,6.85,9.55,No,Ingeniería Informática,4.62
STU-14696,27.0,10.09,79.61,5.86,83.27,9.17,2.95,No,Ingeniería Informática,4.7
STU-10999,24.0,12.29,95.66,5.91,89.36,7.96,9.07,Sí,Administración,4.85
STU-11075,30.0,18.51,100.0,7.0,93.91,9.43,6.31,,Ingeniería Informática,6.15
STU-12961,23.0,6.46,75.05,4.77,72.51,4.77,6.41,No,Ingeniería Industrial,2.66
STU-12924,29.0,5.59,78.44,5.83,85.37,6.31,5.25,Sí,Ingeniería Civil,3.78
STU-12622,22.0,17.99,85.15,5.61,100.0,6.71,7.19,No,Contador Auditor,4.08
STU-10703,18.0,6.33,74.41,5.5,100.0,6.29,9.85,Sí,Ingeniería Civil,4.13
STU-14312,19.0,9.55,69.92,5.33,57.12,7.49,,,Ingeniería Civil,3.58
STU-14430,,14.78,91.79,6.0,100.0,7.44,4.23,Sí,Ingeniería Civil,5.39
STU-14934,22.0,11.82,91.07,6.37,75.66,5.76,6.34,Sí,Administración,4.09
STU-10377,23.0,9.2,83.18,5.26,82.04,7.45,1.88,No,Ingeniería Civil,3.25
STU-12635,20.0,17.69,85.43,6.1,100.0,8.61,9.71,No,Ingeniería Informática,5.57
STU-13598,25.0,7.52,84.09,4.84,85.78,7.06,6.7,Sí,Administración,4.33
STU-14506,27.0,10.2,80.63,5.84,79.12,5.32,8.08,No,Ingeniería Informática,4.61
STU-13710,26.0,13.31,95.48,5.07,100.0,8.55,3.82,No,Contador Auditor,4.61
STU-14125,20.0,10.62,,5.33,78.13,7.97,10.45,Sí,Contador Auditor,4.55
STU-13869,26.0,8.8,65.83,5.32,62.82,7.1,4.06,No,Contador Auditor,2.07
STU-13568,,20.36,95.79,5.21,100.0,5.69,3.1,No,Administración,5.15
STU-12244,22.0,14.98,93.33,5.93,94.84,6.18,9.13,Sí,Contador Auditor,4.2
STU-14194,18.0,24.36,90.77,5.72,100.0,6.83,6.66,No,Administración,4.22
STU-10007,24.0,14.74,81.03,5.99,,4.44,4.21,Sí,Ingenieria Informatica,4.28
STU-14124,25.0,14.11,98.49,,100.0,7.94,2.73,No,Ingeniería Informática,4.88
STU-10525,18.0,12.77,79.0,5.01,80.33,6.91,2.91,No,Ingeniería Informática,3.59
STU-14567,24.0,15.46,74.47,,89.42,,8.75,No,Ingeniería Industrial,4.33
STU-11720,20.0,8.73,81.23,5.8,76.3,6.67,4.75,No,Ingeniería Civil,3.6
STU-11208,23.0,6.34,69.55,4.82,76.7,5.2,6.38,No,Ingeniería Industrial,3.19
STU-14321,27.0,17.64,99.62,5.57,100.0,6.36,9.57,Sí,Ingeniería Civil,4.94
STU-10453,18.0,9.48,85.89,5.95,95.76,6.57,11.02,No,Ingeniería Informática,4.3
STU-10767,18.0,18.46,88.2,5.22,99.05,4.99,6.37,Sí,Ingeniería Informática,5.25
STU-12125,20.0,14.68,83.81,6.44,100.0,6.08,6.37,Sí,Ingeniería Informática,4.7
STU-12611,27.0,5.46,84.99,5.07,73.67,7.48,5.46,No,Administración,3.18
STU-12248,27.0,2.13,75.84,4.71,59.39,8.03,2.73,No,Administración,3.31
STU-11663,18.0,13.75,85.89,5.31,88.88,7.42,6.22,Sí,Ingeniería Civil,4.72
STU-10537,19.0,15.01,78.3,5.22,98.27,7.28,,No,Ingeniería Informática,4.69
STU-14545,27.0,15.74,80.94,5.98,89.98,5.77,8.29,Sí,Ingeniería Informática,4.16
STU-12796,25.0,20.17,94.14,6.44,100.0,7.49,15.11,No,Ingeniería Informática,5.31
STU-13821,29.0,,97.02,5.38,,7.13,7.21,No,Ingeniería Informática,5.0
STU-14049,27.0,14.73,96.24,6.67,93.46,6.94,10.85,No,Ingeniería Informática,4.83
STU-12349,20.0,16.17,90.4,6.87,96.33,6.44,3.94,No,Contador Auditor,5.07
STU-12096,22.0,11.07,88.69,5.12,89.12,6.44,7.23,No,Ingeniería Industrial,3.44
STU-11894,20.0,22.5,100.0,7.0,100.0,8.1,4.31,,Ingeniería Industrial,6.37
STU-12978,23.0,12.63,87.59,6.01,80.91,7.4,8.21,Sí,Ingeniería Industrial,4.8
STU-11187,21.0,21.89,100.0,6.93,100.0,5.77,4.28,,Ingeniería Industrial,5.54
STU-13804,24.0,12.18,85.0,5.19,82.27,,4.86,No,Ingeniería Industrial,4.02
STU-12179,27.0,14.28,81.22,5.35,92.5,9.03,11.35,No,Ingeniería Civil,4.71
STU-10188,27.0,28.28,95.06,6.77,100.0,7.25,5.32,Sí,Administración,5.55
STU-10004,22.0,14.91,84.3,6.16,66.01,5.58,8.76,Sí,Administración,3.9
STU-10026,28.0,8.23,94.5,5.9,91.28,4.62,6.76,No,Ingeniería Informática,3.79
STU-12368,28.0,4.33,95.76,5.22,68.36,8.31,3.47,No,Contador Auditor,3.61
STU-12092,28.0,15.53,100.0,6.7,100.0,5.35,5.08,Sí,Ingeniería Informática,4.69
STU-11944,23.0,11.07,84.01,6.32,68.98,,5.47,No,Ingeniería Informática,4.03
STU-10306,18.0,12.34,100.0,6.42,,8.76,6.45,No,Ingeniería Civil,5.55
STU-11676,,13.13,66.91,4.84,76.1,6.14,9.2,Sí,Ingeniería Informática,3.16
STU-11420,18.0,16.52,95.23,7.0,79.74,6.6,10.1,Sí,Administración,5.32
STU-12864,23.0,6.52,82.7,5.7,79.54,7.15,1.64,No,Ingeniería Industrial,3.32
STU-14231,23.0,8.31,85.56,5.66,85.98,7.85,8.73,No,Ingeniería Industrial,3.93
STU-11058,22.0,1.79,85.63,4.66,65.2,8.24,2.71,No,Administración,3.38
STU-10157,21.0,11.15,85.0,5.2,95.66,5.91,12.75,No,Ingeniería Industrial,3.8
STU-12948,22.0,,100.0,5.97,100.0,7.51,10.47,No,Ingeniería Informática,4.94
STU-12944,26.0,20.38,96.6,6.77,100.0,7.06,8.43,Sí,Ingeniería Civil,6.23
STU-13488,27.0,18.58,90.88,5.31,100.0,7.36,4.83,No,Ingeniería Industrial,5.04
STU-11375,18.0,10.34,94.07,5.95,87.66,5.93,3.11,No,Ingeniería Civil,4.65
STU-10606,26.0,10.73,92.63,6.81,82.34,5.08,11.83,Sí,Ingeniería Industrial,4.71
STU-11795,31.0,6.54,70.23,6.14,71.2,7.66,5.84,No,Ingeniería Informática,3.26
STU-14864,30.0,7.18,92.78,6.75,79.27,6.62,2.72,No,Administración,3.39
STU-12581,23.0,9.16,73.97,4.7,91.41,8.97,5.64,No,Ingeniería Industrial,3.63
STU-13493,18.0,10.66,91.52,6.14,75.08,5.63,3.58,No,Ingeniería Informática,4.07
STU-11660,24.0,4.9,92.27,4.95,78.33,9.46,11.32,No,Ingeniería Industrial,3.24
STU-13615,18.0,18.4,87.34,6.08,100.0,6.1,5.4,No,Ingeniería Informática,4.48
STU-10224,27.0,23.33,,6.14,100.0,5.7,4.29,No,Ingeniería Informática,5.25
STU-10972,29.0,12.01,87.81,6.33,84.23,9.62,3.78,Sí,Administración,4.73
STU-13889,18.0,15.15,89.22,5.97,99.68,4.77,9.75,No,Administración,4.93
STU-14108,31.0,8.66,82.57,6.29,78.72,7.25,1.11,No,Contador Auditor,3.35
STU-11760,18.0,5.76,93.51,5.73,76.78,7.63,11.79,Sí,Administración,4.26
STU-10525,18.0,12.77,79.0,5.01,80.33,6.91,2.91,No,Ingeniería Informática,3.59
STU-10288,21.0,4.7,98.49,6.97,79.34,5.82,5.01,Sí,Ingeniería Civil,4.75
STU-10427,21.0,9.22,66.28,5.56,64.38,8.17,7.39,Sí,Administración,3.39
STU-11674,27.0,16.4,97.63,5.76,92.85,5.83,1.12,No,Contador Auditor,4.54
STU-14350,24.0,3.65,75.08,5.35,76.92,7.21,2.94,No,,3.0
STU-14740,29.0,11.6,92.31,5.54,88.93,6.07,,No,Ingeniería Informática,4.46
STU-12811,24.0,14.85,100.0,5.77,90.91,5.67,3.67,No,Ingeniería Civil,4.02
STU-13698,20.0,13.98,90.77,7.0,100.0,8.45,2.87,No,Ingeniería Informática,5.29
STU-14606,20.0,5.08,70.59,5.7,91.85,7.56,15.84,No,Ingeniería Informática,3.29
STU-13650,21.0,11.2,,6.07,79.95,8.02,2.87,No,Administración,3.56
STU-14912,23.0,5.88,72.48,6.44,78.6,4.58,9.03,Sí,Ingeniería Informática,3.79
STU-14630,24.0,8.61,82.14,4.04,71.39,6.95,18.0,No,Ingeniería Informática,3.01
STU-13775,20.0,6.8,96.5,5.72,86.6,8.38,7.07,No,Contador Auditor,4.22
STU-12067,28.0,22.16,73.91,6.42,100.0,6.62,4.98,No,Ingeniería Civil,4.2
STU-13700,18.0,9.01,81.36,5.96,84.93,6.38,10.61,No,Contador Auditor,3.65
STU-13431,22.0,18.29,89.06,5.96,100.0,7.83,4.04,No,Ingeniería Industrial,3.95
STU-13798,19.0,,68.7,5.83,68.21,6.23,6.4,No,Ingeniería Industrial,3.18
STU-10174,24.0,18.92,82.67,,98.91,8.0,9.61,No,Administración,4.66
STU-11476,21.0,22.85,96.43,7.0,100.0,6.75,6.49,Sí,Ingeniería Civil,6.03
STU-12323,,10.15,77.5,4.12,100.0,8.13,5.57,No,Ingeniería Civil,3.37
STU-12772,30.0,21.1,94.71,6.36,100.0,5.35,5.22,Sí,Ingeniería Industrial,4.83
STU-14427,18.0,2.36,81.03,5.61,88.69,8.26,5.58,No,Ingeniería Industrial,4.36
STU-14838,26.0,22.46,100.0,7.0,100.0,7.08,2.93,No,Administración,5.86
STU-12432,24.0,9.52,82.4,5.17,85.57,8.06,6.26,No,Contador Auditor,3.82
STU-12916,21.0,8.63,74.79,4.8,76.76,9.18,10.95,No,Administración,3.38
STU-12034,22.0,11.89,78.15,,100.0,6.25,6.45,No,Contador Auditor,4.25
STU-11407,27.0,9.45,70.59,5.54,72.04,8.06,4.22,No,Administración,3.77
STU-12704,27.0,8.91,77.87,5.61,67.11,6.06,6.05,No,Ingeniería Industrial,3.78
STU-13509,28.0,12.16,85.35,6.08,89.76,7.39,4.03,No,Ingeniería Civil,3.9
STU-13421,23.0,16.7,100.0,6.65,99.81,7.5,9.53,No,Administración,5.63
STU-11316,27.0,6.55,,5.0,87.17,7.11,4.48,No,Ingeniería Informática,3.7
STU-13890,,,77.28,4.08,48.05,6.43,3.2,No,Ingeniería Informática,1.15
STU-11877,28.0,17.83,73.45,4.94,100.0,6.78,4.0,No,Ingeniería Informática,4.21
STU-10794,29.0,18.68,100.0,6.47,98.25,8.44,7.38,No,Ingeniería Informática,5.7
STU-14933,26.0,10.47,88.86,5.98,80.8,6.35,15.16,Sí,Ingeniería Informática,5.24
STU-14120,24.0,7.55,87.01,5.68,67.26,7.36,5.89,Sí,Ingeniería Civil,3.31
STU-14946,21.0,6.29,71.47,4.36,77.83,7.74,8.72,No,Administración,3.23
STU-14893,25.0,11.21,74.55,,69.2,7.7,8.44,Sí,Ingeniería Civil,3.77
STU-11590,28.0,11.96,76.22,6.51,100.0,5.12,10.64,No,Administración,4.57
STU-10964,24.0,1.01,75.99,3.84,66.22,6.23,9.79,No,Contador Auditor,2.09
STU-12466,23.0,16.16,84.47,5.58,100.0,6.41,2.55,No,Administración,4.41
STU-12746,25.0,14.05,82.19,5.64,75.93,5.12,8.98,,Ingeniería Informática,3.7
STU-10122,28.0,6.65,68.94,6.11,70.67,7.93,5.69,Sí,Ingeniería Informática,3.51
STU-13018,26.0,11.11,85.32,5.04,83.05,8.12,2.18,No,Ingeniería Informática,4.11
STU-13573,25.0,15.35,92.9,6.75,87.21,4.55,7.85,Sí,Ingeniería Industrial,5.25
STU-11550,25.0,9.12,84.81,6.19,74.36,4.68,1.51,No,Ingeniería Informática,3.83
STU-13220,23.0,15.14,91.29,6.55,84.38,5.88,6.4,Sí,Ingeniería Industrial,5.2
STU-10351,27.0,11.69,61.78,4.86,76.88,6.19,12.89,Sí,Administración,3.64
STU-14228,30.0,20.67,96.19,5.6,100.0,7.91,4.45,No,Ingeniería Informática,5.36
STU-13439,21.0,12.19,81.7,5.81,,6.49,6.06,Sí,Ingeniería Civil,3.65
STU-10291,35.0,12.08,91.17,6.19,73.96,9.46,7.96,No,Ingeniería Civil,4.37
STU-14075,20.0,11.03,91.16,,76.98,9.54,5.88,Sí,Contador Auditor,5.05
STU-13814,23.0,18.85,96.38,6.39,100.0,8.01,2.87,,Ingeniería Civil,5.4
STU-12250,21.0,17.64,94.29,5.83,100.0,7.4,1.43,No,Administración,5.78
STU-12322,27.0,14.67,80.06,5.21,86.09,7.98,3.7,No,Ingeniería Industrial,3.68
STU-10274,22.0,12.27,67.98,5.55,94.34,,2.74,No,Ingeniería Informática,3.61
STU-12889,24.0,13.77,90.71,5.36,100.0,6.02,3.47,No,Contador Auditor,4.26
STU-11217,20.0,16.89,90.78,6.15,83.22,5.67,5.53,No,Administración,5.01
STU-10838,18.0,13.2,76.99,5.9,75.17,5.72,4.19,No,Ingeniería Informática,4.31
STU-10231,18.0,13.68,100.0,6.27,100.0,6.29,6.11,No,Administración,4.64
STU-11451,27.0,11.66,82.42,6.15,78.78,6.63,7.17,No,Ingeniería Informática,5.51
STU-13773,18.0,12.75,84.97,6.86,85.08,5.84,7.94,Sí,Ingeniería Industrial,4.69
STU-14830,18.0,19.6,,6.45,100.0,6.79,4.71,No,Ingeniería Informática,4.88
STU-13967,23.0,11.7,82.93,6.76,68.61,6.54,1.45,No,Ingeniería Industrial,4.48
STU-14995,18.0,5.38,68.79,4.95,76.03,5.26,,Sí,Contador Auditor,2.84
STU-10067,28.0,24.21,100.0,7.0,,7.14,8.66,Sí,Ingeniería Civil,5.54
STU-10052,24.0,9.95,88.87,4.89,100.0,6.15,7.86,No,Ingeniería Informática,3.9
STU-14233,19.0,8.87,69.86,4.15,78.69,3.97,5.53,No,Ingeniería Industrial,2.79
STU-14161,28.0,5.24,95.15,5.12,77.86,7.6,12.27,Sí,Ingeniería Informática,3.51
STU-14449,18.0,,100.0,6.37,100.0,7.01,6.28,No,Ingeniería Industrial,4.75
STU-13941,25.0,,93.68,5.34,95.68,,5.65,No,Ingeniería Industrial,4.59
STU-13609,22.0,17.36,100.0,5.28,100.0,7.52,10.21,No,Administración,5.46
STU-13632,18.0,6.87,68.55,6.76,72.2,6.17,9.59,No,Ingeniería Industrial,3.2
STU-12165,24.0,12.67,98.24,6.53,76.03,7.13,5.48,Sí,Ingeniería Informática,4.67
STU-13221,18.0,9.2,,5.54,90.43,5.73,3.99,No,Ingeniería Informática,3.6
STU-13852,18.0,11.9,78.14,5.67,82.64,6.81,8.98,Sí,Administración,3.81
STU-14689,23.0,15.85,97.5,6.16,100.0,6.79,6.25,No,Ingeniería Civil,5.33
STU-13305,26.0,1.0,77.14,4.62,77.9,5.35,0.99,No,Ingeniería Informática,2.87
STU-10009,18.0,1.0,55.79,5.16,44.26,6.75,13.31,No,Administración,2.47
STU-12966,26.0,14.89,100.0,5.58,100.0,7.96,3.8,No,Ingeniería Civil,5.09
STU-13991,23.0,18.32,76.11,6.15,100.0,7.48,2.5,Sí,Ingeniería Informática,4.55
STU-12494,23.0,4.43,75.44,5.66,53.31,7.42,1.86,No,Ingeniería Informática,2.87
STU-11759,25.0,4.08,67.39,2.95,50.5,8.84,7.33,No,Administración,1.46
STU-10360,21.0,19.42,92.83,6.21,100.0,6.25,1.96,Sí,Administración,4.78
STU-11565,21.0,21.13,78.71,6.13,100.0,7.04,2.95,NO,Ingeniería Industrial,5.17
STU-13763,23.0,15.51,96.14,6.34,100.0,5.03,10.12,No,Ingeniería Informática,5.03
STU-14937,27.0,10.7,85.41,6.2,80.36,6.24,10.36,No,Ingeniería Civil,4.37
STU-13006,27.0,18.92,92.75,6.48,100.0,6.26,10.32,Sí,Ingeniería Informática,5.6
STU-11569,26.0,22.81,84.95,5.81,100.0,7.78,10.97,No,Ingeniería Civil,4.35
STU-14629,18.0,12.31,85.92,5.91,78.81,8.8,4.28,Sí,Contador Auditor,4.08
STU-10865,27.0,11.17,84.13,5.77,,8.29,3.65,Sí,Ingeniería Informática,5.24
STU-11920,21.0,9.67,82.86,5.35,74.92,9.63,15.23,No,Ingeniería Civil,3.63
STU-14957,25.0,20.4,86.1,,100.0,5.98,4.36,Sí,Ingeniería Informática,4.66
STU-11096,19.0,20.08,85.9,5.28,100.0,6.4,6.01,No,Ingeniería Civil,4.55
STU-12907,27.0,14.13,83.76,6.42,79.35,6.08,7.13,No,Ingeniería Civil,4.81
STU-14760,28.0,8.77,78.37,6.06,87.56,8.02,5.94,No,Administración,4.11
STU-14594,18.0,11.66,,6.17,74.68,9.07,4.78,Sí,Ingeniería Informática,5.26
STU-12757,33.0,15.46,83.25,5.49,100.0,7.82,3.3,Sí,Administración,4.28
STU-10722,26.0,7.17,76.7,5.36,70.64,5.46,1.76,No,Administración,3.77
STU-12464,24.0,9.17,68.21,5.71,75.7,5.91,5.05,No,Ingeniería Industrial,3.51
STU-14140,23.0,17.67,77.66,5.71,89.12,4.3,,Sí,Ingeniería Informática,3.86
STU-12059,26.0,10.1,,5.7,80.53,6.8,8.25,No,Ingeniería Informática,3.88
STU-11351,28.0,13.89,94.45,6.8,87.62,5.62,4.91,No,Ingeniería Civil,5.29
STU-13570,26.0,,100.0,5.78,86.81,6.5,6.13,No,Ingeniería Informática,3.43
STU-12554,18.0,5.55,74.37,4.56,54.27,5.28,5.71,No,Ingeniería Informática,2.37
STU-12568,21.0,7.22,85.99,5.14,84.03,7.41,6.65,No,Contador Auditor,2.96
STU-13075,25.0,10.04,87.93,5.21,78.3,10.04,14.77,Sí,Ingeniería Industrial,4.77
STU-11086,19.0,5.63,83.3,4.67,68.29,6.0,9.04,No,Ingeniería Informática,2.72
STU-12161,25.0,11.65,85.98,5.01,83.38,6.62,6.86,No,Ingeniería Industrial,3.46
STU-13286,21.0,16.11,78.46,6.72,77.46,6.2,2.45,No,Ingeniería Informática,3.83
STU-12258,26.0,21.88,84.95,5.56,100.0,7.4,2.24,Sí,Ingeniería Informática,5.0
STU-10170,24.0,11.81,87.95,6.06,80.24,10.61,5.54,No,Ingeniería Informática,4.16
STU-13635,26.0,14.17,69.56,6.32,100.0,,8.62,Sí,Ingeniería Informática,5.88
STU-10404,20.0,9.76,88.39,5.19,63.09,6.0,12.75,Sí,Ingeniería Informática,3.58
STU-10524,27.0,12.61,94.34,5.23,79.45,5.74,3.47,No,Ingeniería Industrial,3.94
STU-13799,27.0,10.47,71.75,3.96,,8.75,5.62,Sí,Ingeniería Informática,2.19
STU-14443,24.0,18.27,89.54,5.72,100.0,9.0,7.04,No,Ingeniería Informática,4.9
STU-10866,25.0,13.31,100.0,6.72,76.67,6.98,7.75,No,Ingeniería Industrial,4.67
STU-10772,25.0,9.75,100.0,,100.0,4.9,7.63,Sí,Ingeniería Industrial,4.9
STU-12482,28.0,13.15,78.19,5.82,68.2,9.51,5.09,Sí,Ingeniería Civil,4.67
STU-12770,23.0,9.72,95.29,5.96,76.94,6.68,11.25,No,Contador Auditor,4.27
STU-14219,27.0,11.27,100.0,6.43,93.77,6.82,5.91,Sí,Ingeniería Industrial,5.58
STU-11671,26.0,19.13,100.0,6.64,100.0,6.03,4.36,No,Ingeniería Informática,5.37
STU-14101,24.0,11.31,79.1,5.25,86.97,7.22,1.74,No,Contador Auditor,3.0
STU-13809,31.0,15.39,73.12,5.92,78.46,8.83,5.94,No,Ingeniería Industrial,4.04
STU-11886,28.0,9.68,78.76,6.13,76.33,7.96,17.84,Sí,Administración,3.88
STU-12391,18.0,8.84,82.5,5.34,67.29,5.84,6.93,Sí,Ingeniería Informática,4.38
STU-13206,28.0,14.46,75.52,6.05,80.76,7.25,2.97,Sí,Administración,4.9
STU-10447,21.0,17.06,100.0,5.39,100.0,6.69,12.2,No,Ingeniería Informática,5.36
STU-11538,25.0,10.71,88.96,5.18,85.44,5.44,3.31,No,Ingeniería Informática,3.75
STU-13402,23.0,14.47,,,86.75,5.42,5.76,No,Ingeniería Informática,3.72
STU-13754,23.0,25.43,100.0,6.95,100.0,5.4,6.12,No,Ingeniería Informática,5.33
STU-10200,23.0,18.91,89.23,6.28,100.0,6.78,5.03,Sí,Administración,4.88
STU-12845,22.0,2.87,64.76,4.31,66.01,6.36,5.26,Sí,Ingeniería Industrial,2.08
STU-10342,25.0,9.36,79.95,5.35,91.46,5.87,5.64,No,Ingeniería Industrial,3.65
STU-10669,28.0,10.68,68.68,6.6,88.06,6.63,4.25,Sí,Ingeniería Informática,4.82
STU-14844,18.0,10.26,70.75,4.83,79.94,4.96,2.09,No,Ingeniería Industrial,3.18
STU-11637,21.0,10.72,90.96,5.08,78.92,7.84,3.45,Sí,Administración,3.58
STU-13758,31.0,7.62,81.29,4.92,66.53,5.3,3.45,No,Contador Auditor,2.45
STU-12992,27.0,19.2,100.0,6.34,80.37,5.15,6.96,No,Ingeniería Industrial,5.28
STU-11558,20.0,13.07,78.87,5.34,100.0,7.68,6.91,No,Ingeniería Industrial,4.06
STU-10022,23.0,11.42,98.21,5.94,94.18,7.76,3.96,No,Ingeniería Informática,4.87
STU-10976,19.0,9.78,75.93,5.85,,7.93,10.28,No,Administración,3.07
STU-13866,23.0,10.96,92.24,5.7,79.93,7.23,9.49,No,Contador Auditor,3.8
STU-11824,18.0,14.9,92.06,6.48,96.21,5.48,5.4,No,Ingeniería Informática,4.75
STU-14974,26.0,7.4,75.2,4.93,72.98,7.76,4.39,Sí,Administración,3.39
STU-13511,22.0,4.83,80.15,5.43,74.88,6.19,,Sí,Ingeniería Civil,3.24
STU-11586,18.0,14.34,75.22,5.56,96.13,4.02,3.79,No,Ingeniería Industrial,4.23
STU-13680,23.0,2.42,93.64,4.71,53.5,6.63,9.51,No,Ingeniería Informática,3.46
STU-12269,29.0,11.85,85.07,5.68,76.72,,4.69,No,Contador Auditor,3.01
STU-10230,18.0,21.9,87.78,5.45,100.0,6.06,9.91,No,Ingeniería Informática,4.08
STU-12591,25.0,10.48,82.3,6.55,91.77,6.67,3.97,Sí,Ingeniería Civil,5.0
STU-11981,18.0,18.81,94.84,6.35,100.0,8.13,2.62,No,Ingeniería Civil,5.38
STU-13009,31.0,4.06,70.85,4.05,60.3,7.87,12.42,No,Ingeniería Informática,1.92
STU-11191,27.0,11.22,,5.45,95.67,,8.39,No,Administración,4.72
STU-10639,24.0,1.0,83.92,5.37,68.72,8.65,8.65,Sí,Ingeniería Informática,2.89
STU-10517,28.0,12.98,76.98,4.92,81.39,6.59,3.61,No,Contador Auditor,3.19
STU-10612,25.0,3.92,76.59,6.21,73.93,7.73,4.8,Sí,Ingeniería Civil,2.62
STU-11057,18.0,7.69,81.42,5.37,80.43,5.35,1.83,No,Administración,2.99
STU-14712,19.0,11.46,54.16,4.92,67.36,6.59,5.29,No,Contador Auditor,2.23
STU-11831,22.0,16.95,93.1,7.0,96.1,5.6,1.77,No,Administración,4.84
STU-12793,23.0,1.8,77.07,5.64,69.07,6.5,4.34,No,,3.42
STU-14022,18.0,8.44,81.5,6.64,72.46,7.62,14.72,No,Administración,3.77
STU-10298,18.0,14.58,75.66,6.76,77.0,5.08,5.03,No,Ingeniería Informática,4.51
STU-13989,18.0,11.66,88.44,5.27,91.33,7.32,5.4,No,Administración,3.64
STU-12318,29.0,21.0,96.6,7.0,100.0,5.85,4.21,No,Ingeniería Informática,6.06
STU-10512,24.0,5.67,63.04,5.77,57.3,9.02,5.45,Sí,Contador Auditor,2.66
STU-10458,22.0,12.63,71.59,5.19,85.26,6.65,4.4,Sí,Ingeniería Informática,4.03
STU-12931,22.0,,87.86,6.13,,4.68,4.1,No,Contador Auditor,5.28
STU-13746,18.0,18.67,96.67,6.53,100.0,8.51,4.54,Sí,Administración,5.32
STU-10688,22.0,9.01,88.56,6.48,67.81,6.97,8.62,Sí,Ingeniería Informática,4.0
STU-13877,21.0,,99.57,6.74,100.0,5.0,3.14,No,Ingeniería Informática,5.67
STU-12408,21.0,9.46,72.0,4.56,100.0,6.83,6.26,No,Administración,3.2
STU-11341,22.0,18.78,86.05,5.66,100.0,,2.76,Sí,Ingeniería Civil,5.75
STU-11287,,11.04,86.18,6.54,58.06,5.44,7.41,Sí,Ingeniería Industrial,4.18
STU-12246,25.0,17.94,99.29,6.49,100.0,6.2,8.29,No,Administración,5.5
STU-10895,21.0,12.89,96.2,6.12,75.18,5.8,2.13,Sí,Ingeniería Industrial,5.04
STU-14505,25.0,16.88,,6.85,79.77,6.85,0.5,Sí,Ingeniería Informática,4.98
STU-10715,20.0,9.06,89.32,5.79,86.05,8.2,17.46,Sí,Ingeniería Civil,3.95
STU-10617,18.0,8.62,75.68,4.45,60.01,5.68,3.18,No,Administración,3.0
STU-10289,20.0,11.77,70.18,,68.72,7.18,8.14,Sí,Administración,3.77
STU-14868,31.0,9.78,80.13,5.09,92.53,6.17,6.99,No,Administración,4.08
STU-11811,30.0,15.73,88.3,5.88,100.0,7.38,5.91,No,Contador Auditor,4.02
STU-14302,22.0,15.68,97.79,6.45,100.0,9.58,6.89,No,Ingeniería Civil,4.85
STU-10464,19.0,,78.95,4.3,53.38,6.66,2.98,No,Ingeniería Informática,2.37
STU-10278,18.0,12.9,87.17,6.75,97.76,5.2,14.34,Sí,Contador Auditor,4.94
STU-13690,20.0,3.77,95.34,5.06,81.84,5.89,1.38,Sí,Ingeniería Informática,3.77
STU-14064,29.0,12.8,78.42,6.12,99.38,5.44,11.72,No,Ingeniería Civil,4.66
STU-14128,21.0,9.3,71.58,4.61,46.66,6.21,2.21,No,Administración,2.58
STU-11910,23.0,18.97,100.0,5.9,100.0,6.84,,No,Ingeniería Informática,5.72
STU-13355,23.0,8.18,78.92,5.95,,6.08,8.01,Sí,Ingeniería Civil,2.88
STU-11474,26.0,10.92,,6.17,100.0,6.23,3.9,Sí,Ingeniería Civil,4.77
STU-11852,18.0,11.23,71.89,4.88,67.8,8.76,5.93,Sí,Administración,4.52
STU-13812,19.0,7.75,100.0,5.06,81.99,6.49,2.89,Sí,Ingeniería Industrial,4.5
STU-11847,25.0,19.84,100.0,6.22,100.0,7.02,11.72,Sí,Contador Auditor,5.06
STU-11397,27.0,26.01,100.0,7.0,100.0,4.89,4.36,No,Contador Auditor,6.08
STU-12747,18.0,9.53,71.85,5.19,73.94,7.94,2.17,No,Ingeniería Informática,2.65
STU-12003,26.0,7.2,84.85,5.44,62.63,9.32,3.46,No,Ingeniería Informática,3.11
STU-13906,23.0,6.39,82.99,4.56,83.2,,3.81,No,Administración,2.56
STU-13394,26.0,9.44,89.6,5.41,74.16,7.25,3.27,Sí,Contador Auditor,3.96
STU-11305,27.0,6.46,71.08,4.49,49.36,5.6,6.38,No,Ingeniería Industrial,2.47
STU-13713,25.0,5.33,67.46,4.43,73.39,6.0,7.66,No,Ingeniería Civil,2.58
STU-14819,21.0,1.0,75.64,5.68,44.74,4.81,1.55,No,Ingeniería Informática,1.74
STU-13271,26.0,13.84,93.73,6.18,100.0,5.35,3.26,Sí,Contador Auditor,4.67
STU-10677,22.0,16.98,92.05,5.47,97.04,6.39,6.29,Sí,Ingeniería Civil,5.28
STU-12115,22.0,20.26,92.96,6.21,100.0,5.36,5.53,No,Contador Auditor,5.64
STU-13411,26.0,13.57,89.79,6.28,84.85,8.5,8.16,Sí,Ingeniería Civil,4.61
STU-10516,18.0,2.04,66.1,5.13,73.95,7.5,2.57,No,Ingeniería Industrial,3.24
STU-11743,27.0,17.15,84.74,6.15,100.0,8.82,1.97,Sí,Ingeniería Civil,5.16
STU-14519,27.0,6.78,73.82,,55.33,10.71,7.62,No,Ingeniería Civil,2.46
STU-12084,25.0,12.22,83.77,5.43,74.86,6.26,2.75,No,Ingeniería Industrial,2.6
STU-13004,19.0,6.03,93.39,5.87,68.98,6.46,7.3,No,Contador Auditor,3.89
STU-14404,,4.18,66.75,4.59,81.46,4.77,2.11,No,Ingeniería Informática,2.25
STU-11194,28.0,14.46,97.45,5.07,93.4,,,No,Ingeniería Informática,4.23
STU-10171,21.0,18.64,100.0,6.31,100.0,6.58,2.08,No,Ingeniería Informática,5.04
STU-12949,65.0,2.72,89.61,4.86,,6.36,4.23,Sí,Ingeniería Civil,3.32
STU-12244,22.0,14.98,93.33,5.93,94.84,6.18,9.13,Sí,Contador Auditor,4.2
STU-11680,22.0,8.12,82.69,4.38,71.26,9.94,6.42,No,Ingeniería Civil,3.65
STU-14220,22.0,1.0,70.54,4.05,44.72,7.34,12.68,No,Ingeniería Informática,2.51
STU-12024,19.0,8.69,80.93,4.59,71.31,8.94,6.58,No,Ingeniería Industrial,2.81
STU-12315,26.0,8.29,77.51,3.55,,4.98,2.17,No,Ingeniería Industrial,2.41
STU-11730,26.0,17.35,87.96,6.19,100.0,7.34,5.25,No,Ingeniería Civil,5.05
STU-14853,25.0,2.9,,5.8,68.31,8.4,14.72,Sí,Ingeniería Industrial,3.55
STU-10442,24.0,17.07,82.53,6.94,100.0,6.12,3.45,No,Ingeniería Industrial,5.22
STU-13082,18.0,15.01,77.64,5.57,86.65,6.38,6.27,No,Administración,4.17
STU-13893,21.0,10.2,85.74,5.54,87.32,6.96,9.98,No,Ingeniería Industrial,4.78
STU-12706,18.0,6.49,68.55,5.67,75.75,7.15,8.05,No,Ingeniería Industrial,2.96
STU-11561,30.0,5.76,56.25,5.4,57.96,7.34,6.17,Sí,Contador Auditor,2.24
STU-13675,27.0,9.07,73.35,6.22,65.87,5.13,3.62,Sí,Ingeniería Industrial,3.02
STU-13630,22.0,12.78,89.08,5.68,82.7,7.58,3.39,No,Ingeniería Civil,4.59
STU-11444,25.0,6.01,74.86,4.99,43.51,6.92,5.97,No,Ingeniería Informática,2.1
STU-14341,18.0,5.7,83.54,4.92,87.5,8.15,3.0,Sí,Ingeniería Informática,3.69
STU-12429,21.0,17.21,83.73,5.52,100.0,7.32,6.24,Sí,Ingeniería Industrial,5.21
STU-10936,23.0,13.95,100.0,6.51,97.64,6.29,4.12,Sí,Ingeniería Industrial,4.84
STU-11031,25.0,,75.25,5.25,,6.99,4.81,No,Ingeniería Industrial,3.02
STU-13051,25.0,30.83,98.59,6.84,100.0,6.36,6.38,No,Ingeniería Informática,5.11
STU-11798,31.0,14.52,80.73,6.07,90.46,8.05,4.09,No,Ingeniería Civil,4.2
STU-13880,23.0,14.31,74.7,,77.23,7.71,13.22,Sí,Ingeniería Industrial,3.77
STU-11525,25.0,6.04,97.26,4.92,86.54,5.76,11.9,Sí,Administración,3.96
STU-13964,22.0,12.37,93.28,6.5,77.94,7.67,5.52,No,Administración,4.78
STU-14827,28.0,3.28,77.27,5.73,51.91,4.56,5.05,Sí,Ingeniería Civil,2.98
STU-10613,21.0,20.22,94.63,5.62,100.0,6.36,5.24,No,Ingeniería Industrial,4.47
STU-11559,21.0,15.65,73.92,4.6,100.0,7.93,4.48,Sí,Ingeniería Industrial,3.93
STU-14281,28.0,20.55,100.0,5.3,96.99,6.79,4.8,,Ingeniería Civil,5.61
STU-10452,31.0,3.21,78.65,5.47,74.4,6.43,2.69,No,Ingeniería Informática,3.44
STU-11934,18.0,15.23,87.24,5.43,100.0,7.08,4.17,No,Ingeniería Informática,4.67
STU-13363,21.0,18.33,93.09,6.4,100.0,7.67,8.1,No,Ingeniería Industrial,5.07
STU-12715,18.0,10.6,74.12,5.56,80.47,6.74,3.34,No,Ingeniería Informática,3.84
STU-13484,25.0,6.31,98.6,5.19,81.98,6.73,3.27,No,Ingeniería Civil,3.83
STU-13668,19.0,17.29,77.59,5.8,100.0,9.47,5.22,No,Ingeniería Industrial,5.16
STU-12146,24.0,9.91,,4.97,62.58,7.18,6.75,No,Ingeniería Industrial,2.79
STU-13415,25.0,2.93,70.7,,60.13,5.78,3.62,No,Ingeniería Industrial,2.01
STU-10603,25.0,13.64,83.43,5.83,79.85,5.97,5.15,No,Ingeniería Informática,4.23
STU-10766,31.0,6.26,82.59,5.48,80.82,6.13,2.8,Sí,Administración,3.39
STU-10380,25.0,10.65,71.56,6.03,72.53,6.31,5.99,Sí,Ingeniería Industrial,3.29
STU-13958,23.0,11.35,98.95,6.81,100.0,8.67,13.88,No,Ingeniería Industrial,4.91
STU-13778,19.0,18.17,90.13,6.23,92.05,7.93,6.29,No,Ingeniería Industrial,5.28
STU-13980,23.0,11.25,89.67,6.81,93.98,6.3,3.94,No,Ingeniería Industrial,5.15
STU-14857,25.0,11.85,74.21,5.78,90.19,8.19,4.21,No,Ingeniería Civil,3.96
STU-11737,,9.62,85.34,5.48,87.57,7.32,6.54,No,Ingeniería Informática,3.44
STU-12675,25.0,17.83,97.42,5.91,100.0,9.01,2.8,No,Administración,6.09
STU-14338,25.0,20.21,100.0,5.92,100.0,6.54,4.33,No,Contador Auditor,4.41
STU-11777,29.0,16.45,95.27,6.23,100.0,7.52,1.68,Sí,Ingeniería Informática,5.34
STU-13619,21.0,,84.96,6.0,100.0,6.39,3.24,No,Contador Auditor,4.66
STU-12314,19.0,17.36,92.99,5.41,,5.41,4.77,Sí,Ingeniería Industrial,4.58
STU-13242,30.0,8.96,93.15,5.08,63.17,6.8,5.85,Sí,Ingeniería Civil,3.55
STU-10920,21.0,5.7,80.45,4.85,65.37,7.26,8.76,No,Administración,3.21
STU-10878,20.0,12.62,92.78,6.02,100.0,4.79,18.0,Sí,Administración,5.45
STU-10748,28.0,7.77,70.9,5.96,65.76,5.96,10.51,Sí,Ingeniería Industrial,3.57
STU-12841,19.0,17.31,83.28,6.05,100.0,5.31,6.23,Sí,Administración,4.22
STU-14275,25.0,77.22435959555388,74.43,5.46,93.19,4.37,10.24,Sí,Ingeniería Informática,3.28
STU-12823,18.0,12.13,94.43,5.21,88.0,7.19,12.62,No,Ingeniería Civil,4.55
STU-11646,22.0,12.03,95.1,6.07,98.81,7.34,5.35,No,Administración,5.34
STU-12167,22.0,,,4.89,73.03,8.2,3.25,No,Ingeniería Industrial,3.24
STU-11940,27.0,18.87,100.0,5.32,96.0,6.87,5.9,Sí,Ingeniería Informática,5.29
STU-12720,20.0,9.71,89.22,,100.0,6.69,2.06,No,Ingeniería Informática,4.78
STU-14225,23.0,2.7,89.55,4.66,63.6,8.12,6.19,No,Ingeniería Industrial,3.16
STU-13909,26.0,15.5,80.51,5.91,92.09,8.28,5.84,No,Ingeniería Informática,4.01
STU-12559,24.0,8.16,85.43,6.22,65.09,9.42,5.17,No,Ingeniería Industrial,4.2
STU-14717,20.0,12.62,100.0,6.14,92.05,9.08,8.14,No,Ingeniería Civil,4.63
STU-13119,29.0,8.63,73.78,5.63,97.39,7.66,11.99,No,Ingeniería Civil,3.3
STU-10650,24.0,12.55,94.38,5.89,100.0,4.09,3.41,No,Ingeniería Informática,4.31
STU-12383,22.0,15.07,87.17,5.94,100.0,7.18,9.88,Sí,INGENIERÍA INFORMÁTICA,4.53
STU-10801,20.0,8.43,68.63,5.44,86.92,8.38,51.876607525064784,Sí,Contador Auditor,3.56
STU-11832,19.0,6.28,87.38,5.15,70.18,7.62,5.63,No,Ingeniería Civil,3.26
STU-10929,25.0,8.45,86.07,5.67,95.1,8.84,2.83,No,Ingeniería Informática,3.41
STU-10070,21.0,16.35,81.62,6.0,95.8,6.7,1.74,Sí,Contador Auditor,4.44
STU-11100,,14.33,93.11,6.8,80.46,8.32,10.28,Sí,Contador Auditor,5.36
STU-11505,20.0,15.21,92.32,5.02,98.71,8.93,4.89,No,Ingeniería Industrial,4.8
STU-11732,22.0,13.33,100.0,6.38,100.0,8.43,7.81,Sí,Ingeniería Informática,6.02
STU-10731,20.0,12.63,93.49,6.95,100.0,8.11,2.13,Sí,Contador Auditor,5.16
STU-10917,22.0,10.96,73.66,5.89,88.12,6.12,5.69,Sí,Administración,4.83
STU-12835,22.0,19.5,99.87,5.86,100.0,8.11,5.84,Sí,Administración,4.48
STU-11626,22.0,7.8,64.89,,100.0,7.58,1.57,Sí,Ingeniería Informática,3.75
STU-12080,29.0,75.81359221402074,91.36,6.75,76.62,7.2,7.72,No,Ingeniería Industrial,4.41
STU-10013,31.0,16.05,95.41,7.0,100.0,8.97,5.38,No,Ingeniería Civil,5.39
STU-14634,24.0,4.11,89.07,5.95,70.34,6.61,2.64,No,Ingeniería Industrial,3.41
STU-10900,27.0,11.3,83.79,4.35,97.44,6.47,4.16,No,Administración,3.0
STU-10104,20.0,15.53,92.88,6.37,100.0,8.98,3.19,Sí,Ingeniería Civil,5.01
STU-11656,27.0,6.8,100.0,5.87,72.91,6.19,3.33,No,Ingeniería Informática,4.4
STU-12617,18.0,18.54,86.15,6.46,100.0,7.97,3.88,No,Administración,5.46
STU-10581,21.0,16.77,98.31,6.33,100.0,9.09,,No,Ingeniería Informática,5.41
STU-13925,27.0,14.57,99.85,7.0,99.65,8.36,13.72,No,Contador Auditor,5.22
STU-13982,20.0,,77.95,4.92,,4.87,4.81,No,Ingeniería Industrial,3.39
STU-13515,18.0,13.64,89.86,6.45,100.0,5.82,10.64,No,Ingeniería Industrial,4.92
STU-11056,26.0,18.53,83.69,5.27,100.0,6.13,4.31,Sí,Ingeniería Informática,4.63
STU-14073,,20.23,86.46,6.56,100.0,11.0,4.37,No,Administración,5.74
STU-12170,21.0,9.38,83.87,5.76,76.93,6.87,8.88,No,Ingeniería Industrial,3.32
STU-12400,18.0,8.24,83.91,4.97,81.9,8.56,12.71,No,Administración,3.4
STU-12135,24.0,13.65,90.1,6.27,82.31,6.39,15.24,No,Ingeniería Civil,4.79
STU-14811,26.0,49.36535555650509,,5.76,100.0,7.42,13.09,No,Ingeniería Industrial,5.2
STU-13625,18.0,18.17,98.94,6.04,100.0,7.32,5.21,No,Ingeniería Civil,5.31
STU-13227,28.0,2.5,83.79,5.0,57.82,5.38,6.76,Sí,Ingeniería Informática,3.28
STU-11116,,13.13,93.69,5.3,98.51,5.84,16.16,No,Contador Auditor,5.03
STU-12389,20.0,9.04,93.44,5.25,82.41,8.21,7.56,No,Ingeniería Informática,3.73
STU-12654,30.0,4.46,74.92,5.45,59.19,7.48,4.65,No,Ingeniería Civil,3.17
STU-10368,25.0,13.71,89.2,5.8,98.64,8.06,11.75,No,Ingeniería Industrial,3.67
STU-10226,27.0,12.57,77.32,5.27,89.14,6.49,1.78,No,Contador Auditor,4.06
STU-10897,20.0,,72.07,3.88,72.09,7.98,3.91,,Administración,3.18
STU-13862,26.0,10.7,85.67,5.74,86.06,8.04,11.62,Sí,Administración,3.7
STU-13565,30.0,8.35,87.69,6.54,69.44,7.91,7.29,Sí,Contador Auditor,3.48
STU-10843,26.0,9.58,78.96,5.97,84.52,8.35,3.4,No,Ingeniería Informática,4.7
STU-14184,26.0,18.37,100.0,6.98,100.0,,9.16,No,Ingeniería Informática,5.11
STU-12072,26.0,13.28,94.1,5.32,97.62,6.0,3.55,Sí,,4.76
STU-10312,29.0,7.17,77.65,6.92,70.71,5.15,2.85,Sí,Ingeniería Informática,4.45
STU-13470,25.0,9.54,71.49,5.47,87.4,6.9,4.64,Sí,Ingeniería Informática,3.49
STU-11700,28.0,18.61,79.64,6.42,87.67,6.46,4.41,No,Ingeniería Industrial,4.68
STU-11383,22.0,18.51,94.53,5.75,90.15,5.98,7.87,No,Ingeniería Informática,4.82
STU-11699,20.0,8.19,83.63,6.02,92.7,4.75,6.27,Sí,Ingeniería Informática,5.18
STU-12701,27.0,4.93,58.07,3.7,73.06,6.54,4.2,No,Ingeniería Civil,2.23
STU-13874,24.0,15.42,78.77,6.66,72.92,5.5,,Sí,Ingeniería Informática,4.39
STU-10076,21.0,9.38,70.39,6.76,63.31,7.6,3.88,si,Ingeniería Informática,3.83
STU-11384,22.0,12.58,77.03,5.18,100.0,6.65,2.07,No,Ingeniería Civil,3.79
STU-14063,20.0,23.35,100.0,5.95,100.0,8.0,4.99,No,Contador Auditor,5.73
STU-11657,31.0,9.01,76.06,5.68,84.49,6.9,5.15,Sí,Contador Auditor,3.61
STU-10625,20.0,23.4,91.77,7.0,100.0,5.93,11.73,No,Ingeniería Civil,5.71
STU-14876,24.0,24.42,96.96,5.83,100.0,7.93,4.77,No,Ingeniería Industrial,5.75
STU-10759,24.0,12.68,95.77,7.0,,6.82,9.17,Sí,Ingeniería Civil,5.96
STU-10880,22.0,12.55,89.72,5.84,82.31,7.06,4.62,No,Ingeniería Civil,3.51
STU-10785,26.0,5.77,82.29,5.25,54.27,7.32,4.29,No,Administración,2.96
STU-12476,21.0,27.28,100.0,,100.0,7.86,7.78,No,Administración,6.0
STU-12202,22.0,,86.41,5.29,60.83,7.7,7.02,No,Contador Auditor,3.23
STU-12264,20.0,6.85,96.83,5.85,73.1,7.04,12.86,No,Ingeniería Informática,4.09
STU-13873,20.0,13.98,68.85,6.1,81.02,5.56,7.51,No,Ingeniería Industrial,3.76
STU-10890,24.0,2.75,67.0,5.52,70.86,8.27,1.9,No,Administración,3.07
STU-10844,26.0,14.4,97.03,5.56,88.22,6.29,14.02,No,Ingeniería Industrial,3.87
STU-10718,25.0,,76.67,6.64,87.62,8.18,7.91,No,Administración,5.14
STU-11467,25.0,19.91,94.69,7.0,97.32,7.35,,Sí,Ingeniería Informática,5.02
STU-14446,18.0,8.44,97.39,4.79,62.29,6.54,3.19,No,Ingeniería Informática,3.02
STU-13462,27.0,20.77,96.24,5.85,100.0,6.65,1.39,No,Ingeniería Industrial,5.35
STU-12149,19.0,8.92,78.71,5.54,71.97,5.79,8.19,Sí,Ingeniería Informática,3.95
STU-14246,22.0,10.12,89.81,5.35,87.52,4.92,4.34,No,Ingeniería Civil,3.59
STU-13621,25.0,,57.57,4.58,86.24,7.74,3.43,Sí,Ingeniería Informática,3.74
STU-12007,26.0,16.34,90.45,6.09,90.58,7.34,5.71,No,Ingeniería Civil,4.18
STU-10489,29.0,14.14,79.45,6.37,100.0,9.23,2.75,No,Ingeniería Civil,5.2
STU-14392,23.0,13.85,82.42,5.81,66.68,9.19,10.25,No,Ingeniería Industrial,5.04
STU-11313,18.0,17.21,87.74,5.87,100.0,5.88,5.4,No,Administración,5.34
STU-13717,19.0,13.24,82.46,5.51,96.46,8.43,2.41,No,Ingeniería Informática,5.07
STU-11803,22.0,18.43,100.0,7.0,,,9.36,Sí,Contador Auditor,5.28
STU-12415,25.0,1.61,63.19,4.87,65.27,8.45,4.06,No,Ingeniería Civil,2.71
STU-10328,25.0,10.99,72.67,,72.78,7.93,1.94,No,Ingeniería Civil,2.24
STU-14359,19.0,10.16,76.96,5.19,84.08,6.08,9.31,No,Ingeniería Industrial,2.73
STU-14855,32.0,14.33,78.28,5.88,86.96,6.67,11.15,No,Contador Auditor,4.66
STU-14670,33.0,18.65,100.0,6.98,100.0,4.62,6.31,Sí,Ingeniería Informática,5.4
STU-14699,20.0,8.47,78.21,5.64,59.66,6.04,3.9,Sí,Ingeniería Industrial,3.49
STU-12236,31.0,9.38,97.65,7.0,79.42,6.52,3.28,Sí,Ingeniería Industrial,5.36
STU-12404,18.0,14.74,82.7,5.81,83.44,6.79,8.5,Sí,Ingeniería Informática,4.97
STU-11409,20.0,4.91,76.41,3.86,68.13,7.07,12.45,No,Ingeniería Informática,2.91
STU-14138,25.0,9.51,86.16,5.94,82.17,5.84,8.0,No,Ingeniería Informática,3.35
STU-10887,20.0,17.34,100.0,6.72,96.16,6.67,2.14,Sí,Administración,5.76
STU-14272,19.0,11.53,75.82,4.94,86.37,7.61,3.3,No,Ingeniería Informática,4.54
STU-11604,23.0,4.23,56.42,4.63,58.08,9.54,8.14,No,Ingeniería Industrial,2.35
STU-11818,26.0,11.69,95.07,6.82,94.39,5.44,8.37,Sí,Ingeniería Industrial,4.48
STU-10795,35.0,12.92,82.08,5.75,80.53,5.67,2.92,Sí,Administración,4.84
STU-14654,,8.33,97.21,5.2,80.96,7.09,15.28,No,Ingeniería Industrial,3.64
STU-10814,22.0,15.38,100.0,5.48,100.0,6.67,6.38,No,Ingeniería Informática,4.92
STU-14118,22.0,9.06,89.29,5.17,91.22,7.19,10.55,No,Contador Auditor,3.39
STU-10735,28.0,5.27,74.2,5.53,60.13,7.3,3.81,Sí,Ingeniería Civil,1.68
STU-12075,25.0,9.03,81.73,6.38,86.51,6.87,4.36,Sí,Ingeniería Industrial,3.93
STU-14439,24.0,9.41,98.31,6.03,93.62,8.15,5.27,No,Contador Auditor,4.52
STU-11624,22.0,3.94,79.47,5.06,85.28,8.21,7.93,No,Ingeniería Industrial,2.75
STU-11621,27.0,20.58,88.73,5.06,90.46,6.72,18.0,No,Ingeniería Informática,5.12
STU-11111,18.0,12.15,96.23,5.26,85.91,6.9,8.12,No,Ingeniería Informática,4.06
STU-11951,21.0,16.39,100.0,7.0,100.0,8.04,,Sí,Ingeniería Civil,6.22
STU-13655,18.0,11.32,86.03,6.48,78.16,5.98,34.36920495325256,Sí,Ingeniería Informática,4.63
STU-13262,27.0,26.37,100.0,6.57,100.0,7.98,2.18,No,Contador Auditor,5.91
STU-10830,25.0,15.82,92.55,6.11,98.32,8.73,1.6,No,Ingeniería Industrial,4.97
STU-11109,27.0,16.2,94.77,6.3,90.89,6.26,1.99,No,Ingeniería Industrial,5.44
STU-13759,24.0,9.86,72.51,5.98,74.02,7.66,3.64,No,Administración,3.81
STU-10987,21.0,8.85,81.0,4.97,69.08,9.52,6.98,Sí,Ingeniería Informática,4.06
STU-14264,25.0,6.49,115.9569285029427,4.78,78.63,7.44,7.35,No,Ingeniería Informática,3.08
STU-14129,21.0,9.92,83.22,6.36,100.0,7.84,9.24,No,Ingeniería Informática,4.11
STU-11402,18.0,17.04,77.28,6.65,78.66,4.36,1.37,Sí,Ingeniería Industrial,4.23
STU-10245,20.0,10.59,75.46,6.17,60.31,7.47,8.54,No,Ingeniería Informática,3.65
STU-11508,25.0,11.69,100.0,5.41,70.34,6.56,4.18,,,4.13
STU-13416,29.0,12.22,86.81,4.51,99.8,6.75,12.04,No,Ingeniería Civil,3.81
STU-14332,25.0,21.5,100.0,6.59,95.26,6.36,11.29,No,Ingeniería Informática,6.0
STU-10128,24.0,24.91,100.0,7.0,100.0,7.31,7.08,Sí,Ingeniería Informática,6.68
STU-14474,23.0,14.51,85.7,5.8,76.49,8.81,9.19,No,Ingeniería Industrial,4.86
STU-10461,32.0,11.83,94.52,6.0,100.0,9.33,10.46,No,Administración,5.9
STU-11957,25.0,8.46,67.22,5.87,78.52,7.6,12.58,Sí,Ingeniería Informática,3.53
STU-14422,21.0,9.23,84.01,5.48,88.59,6.12,7.91,No,Contador Auditor,3.68
STU-10529,24.0,7.12,72.48,5.35,77.01,5.88,2.1,Sí,Ingeniería Civil,3.79
STU-12546,25.0,5.96,69.02,6.21,76.81,5.91,0.93,Sí,Ingeniería Industrial,4.11
STU-12360,21.0,9.15,80.89,4.83,60.89,6.95,4.97,No,Ingeniería Industrial,3.04
STU-12926,28.0,,90.43,5.74,91.66,8.52,16.27,No,Administración,4.36
STU-10991,22.0,7.96,97.52,6.7,100.0,7.88,10.73,Sí,Ingeniería Informática,4.84
STU-11514,29.0,7.2,77.96,,,8.29,5.77,No,Ingeniería Informática,3.47
STU-13328,20.0,14.99,80.7,,100.0,5.55,6.67,No,Ingeniería Civil,4.58
STU-13905,26.0,14.5,92.51,5.51,100.0,5.4,8.94,Sí,Contador Auditor,4.58
STU-13550,28.0,12.92,97.52,5.97,90.41,8.04,10.08,No,Administración,4.86
STU-14813,24.0,15.59,90.35,5.62,77.75,4.29,4.35,Sí,Administración,3.49
STU-14154,24.0,7.57,88.55,5.42,74.92,6.17,9.16,No,Ingeniería Informática,3.21
STU-11807,22.0,19.64,90.62,5.92,87.71,6.66,,No,Ingeniería Informática,4.74
STU-10997,18.0,16.38,100.0,6.34,100.0,6.64,11.69,Sí,Ingeniería Industrial,4.52
STU-13357,27.0,9.02,72.13,5.22,73.52,7.45,1.93,No,Ingeniería Informática,3.67
STU-14099,25.0,13.3,100.0,5.34,83.96,6.65,5.53,Sí,Ingeniería Informática,4.69
STU-11666,29.0,12.19,94.17,4.96,88.93,9.13,1.37,No,Ingeniería Civil,3.94
STU-10262,21.0,9.91,,6.59,55.85,5.65,4.72,Sí,Administración,3.52
STU-12692,19.0,6.93,95.77,5.21,99.71,7.9,7.5,No,Ingeniería Informática,4.58
STU-10033,21.0,20.75,86.94,6.78,89.43,6.58,6.62,Sí,Ingeniería Informática,5.73
STU-13677,24.0,9.7,61.35,6.5,82.24,8.52,5.24,No,Administración,4.57
STU-14320,23.0,10.67,72.09,5.18,,7.31,4.38,No,Administración,3.56
STU-13917,20.0,9.44,93.85,6.05,73.03,6.9,5.18,No,Contador Auditor,4.0
STU-13771,23.0,11.03,82.06,6.01,90.9,6.18,5.55,No,Ingeniería Industrial,3.99
STU-14680,18.0,10.8,78.07,4.47,87.19,8.39,2.5,No,Administración,3.24
STU-14543,,16.85,93.82,5.73,100.0,7.46,4.61,Sí,Ingeniería Industrial,5.18
STU-11438,25.0,16.4,95.91,6.94,100.0,6.32,3.23,Sí,Ingeniería Informática,5.51
STU-10265,21.0,6.35,72.52,5.59,45.69,6.6,8.4,Sí,Ingeniería Industrial,3.93
STU-11295,28.0,8.56,95.72,5.72,81.91,7.46,5.27,,Ingeniería Informática,4.27
STU-10944,27.0,14.44,69.61,5.09,100.0,6.03,10.0,No,Ingeniería Informática,4.14
STU-14562,25.0,7.53,67.19,5.32,63.06,6.25,1.01,No,Ingeniería Industrial,3.47
STU-11233,24.0,7.9,75.46,6.36,84.62,5.81,10.35,Sí,Ingeniería Informática,4.69
STU-14939,18.0,11.43,77.83,5.74,88.57,7.37,8.69,No,Ingeniería Civil,4.35
STU-11662,24.0,15.05,91.85,4.15,93.38,8.87,2.32,No,Administración,3.72
STU-14910,26.0,7.26,93.94,5.51,84.2,8.13,61.30998297584794,Sí,Administración,4.86
STU-10161,24.0,5.28,80.33,4.83,74.4,5.48,3.59,No,Ingeniería Informática,2.78
STU-11080,27.0,13.06,71.26,,92.96,6.88,10.12,No,Ingeniería Informática,4.21
STU-11074,19.0,12.62,98.44,6.61,86.58,9.56,2.17,No,ADMINISTRACIÓN ,4.75
STU-12243,18.0,13.69,95.67,7.0,97.32,6.25,3.25,Sí,Ingeniería Civil,4.25
STU-12588,22.0,6.37,62.29,5.7,65.95,8.84,10.78,No,Ingeniería Civil,2.63
STU-10892,24.0,18.26,95.81,5.43,100.0,7.24,4.08,No,Ingeniería Informática,4.99
STU-11175,26.0,14.12,91.72,5.92,82.65,7.19,6.29,Sí,Ingeniería Civil,3.69
STU-12854,30.0,15.89,100.0,5.71,78.98,8.36,4.96,No,Ingeniería Industrial,5.13
STU-13567,19.0,14.28,84.86,5.54,100.0,7.13,4.84,Sí,Ingeniería Informática,4.83
STU-14431,22.0,15.94,85.58,4.89,100.0,6.32,8.74,No,Ingeniería Informática,4.05
STU-13274,23.0,11.52,89.53,5.26,81.24,8.52,3.14,Sí,Administración,4.39
STU-12069,20.0,4.72,55.33,5.7,37.25,5.53,3.21,Sí,Ingeniería Informática,2.26
STU-14358,26.0,7.58,91.73,5.55,76.07,5.79,14.3,No,Administración,2.87
STU-12033,25.0,8.17,67.31,5.9,65.32,5.32,1.72,No,,3.25
STU-14464,28.0,12.36,80.1,5.43,83.44,5.75,6.09,No,Ingeniería Informática,4.0
STU-13027,22.0,11.61,56.82,5.91,79.81,6.43,1.33,No,Ingeniería Informática,2.77
STU-11002,19.0,14.3,91.35,5.76,89.19,6.94,4.16,Sí,Administración,5.74
STU-12765,37.0,15.74,91.39,6.19,100.0,7.84,5.74,Sí,Ingeniería Industrial,5.65
STU-14936,26.0,13.05,70.76,5.67,85.89,7.59,3.67,Sí,Ingeniería Industrial,3.64
STU-11305,27.0,6.46,71.08,4.49,49.36,5.6,6.38,No,Ingeniería Industrial,2.47
STU-11226,18.0,12.79,78.47,5.28,,7.0,5.86,No,Contador Auditor,3.51
STU-12691,19.0,11.07,81.14,5.51,76.93,5.56,6.79,Sí,Ingeniería Informática,3.06
STU-14037,18.0,9.55,72.92,6.55,,6.42,15.22,No,Contador Auditor,3.52
STU-10040,30.0,18.5,91.13,5.48,100.0,7.71,2.7,No,Administración,4.58
STU-12965,20.0,,100.0,7.0,91.07,5.64,10.36,No,Ingeniería Informática,4.99
STU-11382,27.0,10.1,73.55,4.69,72.95,5.38,7.35,No,Ingeniería Informática,2.5
STU-11602,21.0,19.06,,6.05,100.0,6.9,5.37,No,Administración,4.74
STU-12855,26.0,19.58,66.61,5.54,100.0,5.59,4.55,No,Ingeniería Civil,3.86
STU-12714,21.0,18.72,100.0,7.0,100.0,7.94,13.67,No,Ingeniería Industrial,6.31
STU-10338,23.0,,100.0,6.49,100.0,8.66,8.24,si,Ingeniería Informática,5.87
STU-10120,18.0,5.45,86.96,5.25,63.95,6.63,4.42,Sí,Ingeniería Industrial,3.41
STU-11337,29.0,1.0,84.36,5.38,76.31,5.9,4.56,Sí,Contador Auditor,3.42
STU-14892,18.0,16.99,88.1,7.0,84.65,4.87,8.97,No,Contador Auditor,4.44
STU-12500,20.0,10.27,90.06,5.47,57.97,6.83,5.47,Sí,Ingeniería Industrial,3.35
STU-14378,30.0,19.53,100.0,6.06,100.0,7.58,7.68,Sí,Ingeniería Civil,5.15
STU-13268,30.0,19.96,100.0,7.0,100.0,7.58,3.7,No,Ingeniería Civil,6.02
STU-13333,32.0,,84.53,6.56,,6.47,8.72,No,Contador Auditor,4.95
STU-12713,33.0,6.21,84.22,4.88,77.66,7.33,3.47,No,Ingeniería Industrial,2.98
STU-10307,24.0,22.93,100.0,6.99,100.0,8.18,7.09,No,,5.36
STU-13185,30.0,12.43,74.97,5.83,83.06,5.0,5.01,Sí,Ingeniería Industrial,3.15
STU-12276,31.0,17.64,100.0,6.57,100.0,9.01,10.49,Sí,Ingeniería Industrial,6.17
STU-10492,23.0,16.16,94.21,5.55,84.57,5.84,7.19,No,Ingeniería Informática,5.01
STU-14999,20.0,,72.67,5.21,61.09,8.29,6.11,No,Contador Auditor,3.41
STU-12693,23.0,17.21,87.55,5.22,100.0,8.0,9.19,No,Ingeniería Informática,5.17
STU-12036,18.0,11.84,97.22,7.0,79.15,7.27,3.06,Sí,Ingeniería Informática,5.19
STU-13503,26.0,3.54,90.28,6.05,62.91,7.17,1.16,No,Ingeniería Informática,3.49
STU-13352,22.0,11.41,91.42,6.41,77.02,8.13,4.42,No,Administración,4.85
STU-10663,21.0,12.96,83.48,5.99,77.36,5.58,6.74,No,Contador Auditor,3.39
STU-11749,31.0,3.19,59.94,4.29,57.95,7.81,3.36,No,Ingeniería Industrial,2.09
STU-14966,,18.62,91.68,6.47,100.0,8.53,5.58,Sí,Ingeniería Industrial,6.25
STU-10118,21.0,12.55,61.95,5.94,77.76,8.66,5.13,Sí,Administración,4.54
STU-14459,22.0,14.13,97.01,6.06,93.31,5.79,4.0,No,Ingeniería Civil,3.47
STU-10654,31.0,,96.24,5.61,83.84,6.81,4.66,No,Ingeniería Informática,4.66
STU-11249,20.0,10.21,100.0,6.22,100.0,4.88,,No,Ingeniería Informática,4.79
STU-14070,26.0,3.62,65.88,4.86,66.28,6.04,1.33,No,Ingeniería Informática,2.17
STU-11980,26.0,18.11,95.02,6.86,,7.46,7.13,No,Ingeniería Informática,5.27
STU-13225,19.0,23.55,90.8,7.0,100.0,9.57,4.0,No,Administración,-0.28762051501838215
STU-12190,23.0,17.48,88.07,6.47,94.82,5.59,2.72,No,Contador Auditor,5.64
STU-11154,18.0,14.37,88.26,6.47,85.92,5.54,3.04,No,Ingeniería Industrial,4.23
STU-13349,28.0,9.28,78.29,4.26,83.96,6.9,3.28,No,Ingeniería Industrial,3.01
STU-13994,18.0,7.82,86.03,,58.83,7.64,4.78,Sí,Ingeniería Informática,3.71
STU-12162,,9.23,99.84,6.09,83.12,6.2,5.3,No,Contador Auditor,3.37
STU-10578,21.0,20.35,98.94,7.0,100.0,7.32,10.48,No,Ingeniería Informática,6.0
STU-10385,30.0,12.12,94.03,5.05,100.0,6.62,5.31,No,Ingeniería Industrial,3.38
STU-12561,27.0,11.7,85.15,5.7,81.95,6.85,3.58,SÍ ,Contador Auditor,3.02
STU-10148,26.0,13.02,96.3,5.96,100.0,9.2,5.24,No,Ingeniería Informática,5.08
STU-10981,24.0,14.59,81.54,5.81,93.96,4.85,4.38,Sí,Ingeniería Informática,4.36
STU-10495,26.0,4.61,67.01,,75.27,9.34,8.83,Sí,Ingeniería Informática,3.06
STU-13707,18.0,21.4,100.0,6.29,100.0,7.41,7.79,No,Ingeniería Informática,5.44
STU-11987,26.0,,100.0,5.04,97.85,7.43,8.38,Sí,Ingeniería Civil,5.21
STU-13199,30.0,16.03,79.48,6.27,100.0,6.37,6.86,Sí,Ingeniería Civil,4.47
STU-11917,26.0,11.71,82.16,5.07,86.28,6.02,5.8,No,Ingeniería Informática,3.82
STU-13211,21.0,11.76,93.01,5.1,75.85,8.85,1.94,No,Administración,3.78
STU-13432,23.0,14.07,83.95,6.35,85.65,8.66,13.47,Sí,Ingeniería Civil,4.18
STU-14932,31.0,17.11,84.48,6.82,,,6.18,No,Administración,5.35
STU-13817,19.0,22.68,100.0,6.0,100.0,6.49,6.99,No,Ingeniería Industrial,5.86
STU-11647,27.0,9.44,63.19,5.22,71.83,5.0,3.25,No,Contador Auditor,2.89
STU-11685,25.0,15.2,75.6,5.63,85.96,8.12,9.33,Sí,Administración,4.3
STU-14738,24.0,8.16,56.76,5.23,66.49,7.91,8.86,Sí,Ingeniería Industrial,2.68
STU-10898,20.0,10.86,73.07,4.91,72.72,4.02,6.58,Sí,Administración,3.44
STU-11311,23.0,10.57,69.49,5.54,75.8,,2.37,Sí,Ingeniería Civil,3.71
STU-14522,28.0,14.28,83.33,5.76,74.45,5.64,10.18,Sí,Administración,4.04
STU-14577,20.0,14.71,100.0,5.99,100.0,7.53,4.69,Sí,Ingeniería Civil,4.62
STU-14136,19.0,,-10.366409574154549,5.65,75.54,4.91,6.05,,Ingeniería Industrial,2.88
STU-12724,24.0,14.17,76.46,,92.53,6.65,8.37,Sí,Administración,4.44
STU-14318,35.0,15.86,84.31,6.07,87.77,6.17,7.8,No,Ingeniería Informática,4.28
STU-11579,29.0,19.59,90.71,5.97,100.0,8.73,1.84,No,Ingeniería Civil,5.12
STU-12406,18.0,13.41,100.0,6.18,97.73,5.46,3.41,No,Ingeniería Informática,5.08
STU-10152,26.0,11.95,98.35,5.18,74.5,6.92,4.46,No,Ingeniería Civil,3.7
STU-14501,27.0,15.02,68.77,5.95,70.13,8.44,6.31,No,Ingeniería Civil,3.34
STU-14902,22.0,11.4,94.6,7.0,89.72,6.14,6.47,No,Ingeniería Civil,4.91
STU-11555,21.0,6.0,92.18,5.23,59.65,6.55,3.99,No,Ingeniería Civil,3.29
STU-13894,18.0,17.87,91.93,6.25,93.56,7.55,2.32,No,Ingeniería Industrial,5.23
STU-10325,20.0,8.98,74.99,6.22,83.68,9.89,1.9,Sí,Ingeniería Industrial,4.91
STU-11999,20.0,19.36,87.61,5.38,100.0,7.79,6.16,No,Contador Auditor,4.69
STU-11672,23.0,56.63726668633781,100.0,5.31,73.69,4.77,4.75,Sí,Ingeniería Civil,4.58
STU-14919,24.0,13.07,92.33,6.37,93.95,5.68,1.99,No,Ingeniería Informática,4.76
STU-10521,23.0,23.14,99.11,7.0,100.0,6.08,4.33,No,Ingeniería Industrial,6.67
STU-13782,24.0,9.52,74.35,5.32,82.57,6.68,6.24,Sí,Ingeniería Civil,3.57
STU-14046,21.0,10.92,100.0,5.73,79.73,7.82,3.54,Sí,Ingeniería Industrial,3.94
STU-10877,26.0,80.189296965952,92.57,5.95,75.34,6.31,3.68,No,Contador Auditor,2.95
STU-14360,21.0,18.41,,5.84,100.0,7.79,1.91,No,Ingeniería Informática,5.67
STU-12054,27.0,15.18,88.43,5.74,100.0,8.32,3.85,Sí,Ingeniería Industrial,4.88
STU-10072,24.0,15.18,100.0,6.61,100.0,6.23,11.32,No,Ingeniería Industrial,4.66
STU-13434,23.0,13.29,87.85,6.5,100.0,7.89,11.51,No,Ingeniería Informática,5.08
STU-10514,18.0,13.45,87.42,5.59,100.0,9.5,5.49,No,Ingeniería Civil,5.14
STU-10183,24.0,11.45,81.02,5.27,96.45,6.03,4.2,No,Ingeniería Industrial,4.0
STU-12261,26.0,10.83,80.72,5.83,81.76,8.13,4.59,Sí,Ingeniería Informática,3.85
STU-11285,22.0,15.28,92.96,6.01,91.51,9.48,2.19,No,Ingeniería Informática,5.27
STU-12850,18.0,5.24,81.6,5.86,91.64,5.42,7.31,No,Ingeniería Informática,4.49
STU-11690,19.0,8.13,78.18,5.51,100.0,7.51,,No,Ingeniería Civil,3.82
STU-14205,29.0,11.56,,5.55,93.45,6.0,12.37,No,,3.29
STU-12458,24.0,11.63,81.53,6.44,100.0,9.49,13.29,Sí,Ingeniería Informática,4.83
STU-12541,30.0,8.57,73.96,5.77,74.15,,3.09,Sí,Ingeniería Industrial,3.35
STU-10479,18.0,13.18,87.27,6.09,91.18,5.81,11.09,No,Ingeniería Civil,4.26
STU-10317,21.0,11.12,90.51,6.19,74.65,10.87,4.11,Sí,Ingeniería Industrial,4.91
STU-13323,21.0,10.28,65.34,5.78,80.07,4.61,3.75,No,Ingeniería Civil,2.83
STU-10867,26.0,6.78,,4.7,73.5,6.66,4.29,No,Ingeniería Industrial,1.67
STU-12029,25.0,15.37,95.47,6.68,100.0,5.83,4.35,Sí,Ingeniería Civil,5.04
STU-14475,,20.59,100.0,5.22,100.0,6.7,3.31,No,Ingeniería Industrial,4.45
STU-10383,20.0,19.32,99.89,6.43,100.0,4.69,4.48,No,Ingeniería Informática,5.33
STU-13616,18.0,9.96,86.61,6.02,94.14,9.76,12.27,No,Ingeniería Informática,4.96
STU-14041,23.0,17.0,100.0,6.34,99.17,6.37,5.65,No,Ingeniería Industrial,5.01
STU-11638,31.0,13.77,96.22,6.9,93.95,8.68,2.57,Sí,Ingeniería Civil,5.46
STU-14241,29.0,15.03,92.76,5.93,99.15,5.17,4.07,No,Ingeniería Civil,4.54
STU-12638,23.0,6.52,68.64,5.1,43.72,6.18,3.74,No,Ingeniería Industrial,2.7
STU-10177,27.0,11.21,95.69,5.84,54.12,9.22,5.25,No,Ingeniería Civil,3.8
STU-11348,19.0,4.95,100.0,4.97,81.84,7.04,13.75,No,Ingeniería Industrial,5.24
STU-10008,21.0,10.82,77.16,3.82,72.96,7.57,7.15,No,Ingeniería Informática,2.65
STU-12904,25.0,5.01,65.48,5.54,70.23,8.92,6.59,No,Administración,3.26
STU-13143,20.0,11.59,79.35,6.15,81.4,4.93,37.190874148507795,No,Ingeniería Industrial,2.37
STU-10577,24.0,12.5,83.95,6.97,,5.96,4.11,Sí,Ingeniería Industrial,4.88
STU-12951,27.0,19.61,100.0,7.0,100.0,7.45,7.13,No,Administración,6.06
STU-13308,24.0,,88.33,6.15,99.0,9.18,18.0,No,Ingeniería Civil,5.38
STU-11460,25.0,8.27,78.31,5.41,97.78,8.08,4.14,No,Ingeniería Informática,3.93
STU-11855,30.0,8.74,85.33,5.89,100.0,7.81,7.57,Sí,Ingeniería Industrial,3.76
STU-12664,23.0,9.56,78.0,4.79,66.26,5.18,13.93,No,Administración,4.31
STU-11465,19.0,17.73,,6.06,88.17,8.17,6.75,Sí,Ingeniería Civil,4.6
STU-14467,23.0,15.72,80.18,5.28,93.32,7.59,4.15,No,Administración,4.74
STU-13215,21.0,17.69,100.0,6.07,97.34,9.33,12.65,Sí,Ingeniería Industrial,5.66
STU-11125,18.0,7.23,72.02,5.22,85.44,8.17,5.57,Sí,Administración,3.75
STU-14377,18.0,12.06,90.96,6.2,100.0,6.34,4.05,No,Contador Auditor,4.28
STU-13970,18.0,12.27,74.97,5.64,90.57,7.52,4.38,Sí,Ingeniería Industrial,4.27
STU-12117,25.0,1.3,71.82,5.35,58.19,6.44,15.39,Sí,,3.38
STU-11416,26.0,16.91,72.4,7.0,59.06,5.22,8.86,Sí,Administración,4.35
STU-13089,28.0,8.35,,6.49,70.95,6.26,10.17,No,Ingeniería Informática,3.39
STU-13583,18.0,11.12,84.37,6.35,100.0,7.0,6.0,Sí,Ingeniería Informática,5.55
STU-13157,19.0,18.19,91.22,5.82,83.95,8.86,5.54,No,Ingeniería Civil,4.56
STU-13771,23.0,11.03,82.06,6.01,90.9,6.18,5.55,No,Ingeniería Industrial,3.99
STU-12886,18.0,10.65,,4.78,92.1,8.02,12.17,No,Administración,3.39
STU-11854,18.0,25.35,100.0,7.0,100.0,7.16,2.94,Sí,Contador Auditor,6.07
STU-13061,18.0,12.83,93.39,6.47,98.42,6.14,7.96,Sí,Ingeniería Informática,5.15
STU-14276,26.0,8.36,78.16,6.74,71.42,5.78,3.6,Sí,Contador Auditor,3.85
STU-13734,24.0,11.24,86.81,5.97,100.0,9.06,6.17,Sí,Ingeniería Informática,5.13
STU-12074,23.0,9.02,90.05,4.68,82.55,6.51,12.43,Sí,Administración,3.71
STU-11135,21.0,3.68,69.89,4.78,60.72,7.72,5.23,Sí,Ingeniería Civil,2.87
STU-12919,23.0,11.21,70.04,5.24,66.53,7.5,3.3,No,Ingeniería Civil,3.2
STU-12940,27.0,7.65,91.55,4.7,77.61,7.07,,Sí,Ingeniería Civil,3.9
STU-12733,18.0,10.45,73.16,5.05,70.09,8.54,18.0,No,Administración,3.21
STU-14363,20.0,27.74,100.0,6.02,100.0,7.26,8.33,No,Ingeniería Industrial,5.87
STU-13748,26.0,11.09,85.68,4.82,83.0,7.22,3.18,No,Ingeniería Civil,3.52
STU-13310,22.0,8.9,81.92,5.25,87.86,4.77,9.16,No,Ingeniería Industrial,3.51
STU-14373,25.0,10.09,80.15,4.94,93.33,8.44,5.84,No,Ingeniería Civil,3.2
STU-11568,26.0,11.39,71.27,6.07,83.08,6.58,3.16,Sí,Ingeniería Civil,4.24
STU-14903,24.0,7.77,90.56,5.74,51.19,7.9,7.96,No,Ingeniería Civil,3.97
STU-14270,22.0,25.16,100.0,7.0,100.0,4.95,4.5,No,Ingeniería Industrial,6.02
STU-13596,,22.37,96.98,6.08,100.0,8.05,4.75,No,Ingeniería Informática,5.29
STU-12239,23.0,11.08,77.87,5.88,85.39,8.26,2.85,No,Ingeniería Industrial,3.8
STU-14435,25.0,8.57,81.28,4.36,,9.06,6.88,No,Administración,3.59
STU-14907,18.0,10.72,95.96,6.23,,7.79,6.12,No,Ingeniería Civil,4.25
STU-14417,19.0,14.38,89.12,5.66,97.48,7.55,6.52,Sí,Ingeniería Industrial,4.83
STU-10396,24.0,2.6,86.66,5.07,58.23,5.21,3.2,Sí,Ingeniería Industrial,2.74
STU-12100,31.0,9.02,,6.74,84.14,6.54,6.86,No,Ingeniería Civil,3.93
STU-10979,23.0,17.86,84.33,6.21,100.0,5.7,5.63,Sí,Ingeniería Informática,5.17
STU-14555,19.0,14.26,89.69,5.81,63.47,,10.75,No,Administración,4.03
STU-13787,20.0,14.25,86.54,6.04,82.82,6.71,3.55,No,Ingeniería Industrial,4.31
STU-11419,19.0,9.22,72.89,5.05,67.38,7.94,6.31,No,Ingeniería Informática,3.54
STU-12969,27.0,17.04,97.61,5.98,84.99,8.72,7.51,No,Ingeniería Civil,4.13
STU-14818,28.0,15.45,82.79,5.22,84.26,8.4,,Sí,Ingeniería Industrial,4.63
STU-12968,26.0,9.78,91.95,4.74,81.08,7.33,6.38,Sí,Administración,4.55
STU-11433,25.0,10.5,83.56,5.72,60.43,7.72,2.88,No,Administración,3.04
STU-14236,18.0,9.34,80.51,5.64,80.43,7.29,,No,Ingeniería Informática,4.22
STU-11692,20.0,9.38,100.0,6.39,82.3,6.08,5.41,No,Ingeniería Industrial,4.22
STU-14601,20.0,11.15,88.31,5.36,82.38,7.6,12.38,Sí,Contador Auditor,4.5
STU-14054,30.0,15.75,100.0,7.0,100.0,9.04,3.75,No,Ingeniería Civil,5.97
STU-11788,18.0,11.23,93.43,6.25,84.53,5.71,5.85,No,Contador Auditor,3.94
STU-10743,24.0,10.64,96.42,5.43,100.0,6.82,5.62,No,Ingeniería Industrial,4.93
STU-12825,28.0,11.66,88.04,5.53,81.76,,1.51,No,Contador Auditor,4.5
STU-10363,24.0,11.11,86.69,3.84,100.0,7.3,16.49,No,Contador Auditor,3.82
STU-10334,27.0,20.76,99.6,6.89,100.0,7.08,9.37,Sí,Ingeniería Informática,6.56
STU-11301,23.0,,100.0,7.0,100.0,7.55,2.8,Sí,Ingeniería Civil,5.74
STU-14393,22.0,4.27,78.92,5.38,,6.02,3.92,,Contador Auditor,2.3
STU-12078,18.0,17.44,96.85,6.31,97.52,6.91,11.02,No,Contador Auditor,5.04
STU-14394,29.0,8.2,65.94,5.17,79.27,9.35,6.58,No,Ingeniería Industrial,2.99
STU-13860,27.0,13.37,68.8,5.47,100.0,7.77,,Sí,Ingeniería Civil,4.28
STU-10965,,4.37,74.43,4.99,48.14,6.38,9.03,No,Ingeniería Informática,2.49
STU-10980,22.0,12.67,90.42,6.62,73.02,7.85,5.99,Sí,Ingeniería Civil,4.41
STU-11137,30.0,1.0,69.37,4.8,57.35,7.29,4.88,No,Ingeniería Civil,1.92
STU-14632,20.0,6.84,69.51,4.8,57.64,9.13,10.63,Sí,Administración,2.5
STU-13025,19.0,8.88,88.8,6.36,76.09,5.24,5.32,No,Administracion,4.51
STU-10025,28.0,15.58,82.84,6.46,95.68,7.75,5.45,Sí,Ingeniería Informática,5.54
STU-14975,23.0,9.49,67.23,6.05,94.22,4.85,12.95,No,Ingeniería Civil,4.13
STU-12626,18.0,12.01,80.3,6.13,92.38,7.49,8.41,No,Ingeniería Civil,3.95
STU-10137,23.0,6.73,,5.81,66.5,5.67,12.01,Sí,Ingeniería Industrial,3.0
STU-10511,25.0,4.66,85.0,4.53,77.48,,7.16,No,Ingeniería Informática,3.91
STU-10702,25.0,7.87,78.46,5.23,70.94,6.21,18.0,No,Ingeniería Civil,3.71
STU-12859,25.0,8.47,68.44,6.19,61.75,6.13,8.13,No,Ingeniería Civil,3.16
STU-13208,26.0,5.77,84.68,6.76,76.71,8.54,,No,Contador Auditor,4.07
STU-13504,,9.77,94.03,5.23,100.0,6.88,5.38,No,Ingeniería Informática,4.26
STU-10124,32.0,2.43,78.54,4.83,72.23,8.05,7.27,Sí,Ingeniería Informática,3.29
STU-12283,22.0,11.65,100.0,4.89,88.92,5.18,8.78,Sí,Ingeniería Informática,4.29
STU-10607,21.0,12.73,77.24,6.26,61.12,5.71,5.66,No,Ingeniería Informática,4.22
STU-11614,24.0,10.46,84.95,6.04,78.6,4.64,10.3,Sí,Contador Auditor,3.44
STU-14006,21.0,14.48,100.0,6.35,83.13,6.59,7.15,Sí,Ingeniería Informática,4.13
STU-12665,27.0,19.71,98.31,6.96,93.21,8.91,8.46,Sí,Contador Auditor,6.04
STU-12049,24.0,9.05,99.72,6.33,83.81,8.33,4.16,No,Contador Auditor,4.82
STU-11796,20.0,16.47,95.06,6.35,,5.93,7.95,No,Administración,5.57
STU-11408,26.0,13.57,79.04,,86.76,5.86,3.58,Sí,Ingeniería Informática,4.07
STU-11616,21.0,11.96,100.0,5.71,92.01,6.46,11.78,No,Administración,4.11
STU-10037,19.0,1.0,76.27,4.87,48.94,6.56,,No,Ingeniería Industrial,2.59
STU-10204,24.0,16.15,74.41,4.75,94.84,8.06,1.61,No,Administración,3.57
STU-14850,18.0,4.1,68.86,4.44,67.72,5.81,2.33,No,Ingeniería Civil,1.98
STU-12143,21.0,10.41,79.13,5.21,62.68,6.75,6.68,No,Contador Auditor,3.1
STU-10127,21.0,5.86,73.76,5.9,62.12,8.19,10.14,No,Ingeniería Informática,4.26
STU-13467,28.0,9.66,79.22,5.32,87.76,7.6,4.5,No,Ingeniería Civil,3.5
STU-14390,29.0,17.67,81.43,5.76,100.0,5.48,15.24,No,Ingeniería Industrial,4.81
STU-12454,22.0,13.58,99.1,6.12,78.14,7.27,,No,Ingeniería Informática,4.71
STU-13168,18.0,13.63,84.72,4.82,79.78,8.25,5.61,No,Ingeniería Industrial,4.02
STU-11308,28.0,8.01,81.63,6.26,65.1,7.17,10.36,Sí,Ingeniería Informática,3.21
STU-11220,18.0,17.07,97.45,6.08,100.0,5.87,2.02,Sí,Ingeniería Civil,5.0
STU-12609,23.0,9.17,69.76,3.92,87.99,6.89,4.51,No,Ingeniería Informática,3.36
STU-11275,19.0,14.32,74.36,4.82,96.55,8.46,2.64,No,Ingeniería Civil,3.41
STU-10087,25.0,13.82,94.7,7.0,87.32,7.5,2.21,Sí,Administración,5.59
STU-11909,23.0,9.56,85.82,6.94,65.75,6.89,2.99,Sí,Ingeniería Civil,4.42
STU-12646,29.0,10.96,97.03,4.76,99.29,5.41,1.52,No,Ingeniería Civil,3.94
STU-11227,23.0,8.99,87.21,5.34,72.34,5.53,3.04,No,Ingeniería Civil,3.65
STU-11744,23.0,13.74,82.46,6.04,100.0,7.43,14.73,Sí,Ingeniería Informática,4.99
STU-13966,27.0,13.5,100.0,6.01,95.1,8.73,18.0,No,Ingeniería Informática,6.06
STU-14821,22.0,5.01,85.99,4.54,73.53,9.65,9.4,No,Ingeniería Informática,3.54
STU-10622,23.0,17.34,100.0,6.66,100.0,8.12,6.71,No,Administración,5.66
STU-11884,21.0,13.04,80.93,6.09,86.96,7.39,2.65,No,Ingeniería Civil,3.95
STU-12630,21.0,17.89,83.91,5.08,100.0,5.8,6.56,Sí,Ingeniería Informática,5.3
STU-13752,24.0,11.25,77.98,5.24,68.26,7.08,8.88,No,Ingeniería Informática,3.45
STU-11975,23.0,5.42,100.0,4.66,,7.9,7.76,No,Ingeniería Industrial,3.61
STU-14263,30.0,5.29,,4.79,71.75,7.37,3.52,No,Ingeniería Industrial,2.81
STU-10857,31.0,8.47,85.44,5.23,81.98,8.07,3.53,No,Ingeniería Informática,3.17
STU-13978,28.0,,99.84,6.15,78.32,8.25,2.31,Sí,Ingeniería Civil,5.07
STU-13861,23.0,15.48,80.79,6.36,74.89,7.62,6.03,No,Ingeniería Industrial,3.61
STU-11459,24.0,9.88,84.09,5.5,98.16,4.92,6.97,No,Contador Auditor,3.04
STU-12159,21.0,1.0,73.69,4.83,69.37,6.31,8.09,Sí,Ingeniería Civil,2.43
STU-11099,23.0,6.11,69.56,5.74,57.87,7.91,7.5,No,Ingeniería Civil,2.57
STU-14130,19.0,10.05,91.7,6.66,83.27,9.73,6.03,Sí,Ingeniería Informática,4.55
STU-10706,23.0,8.48,76.75,6.04,42.24,6.42,2.59,Sí,Ingeniería Industrial,3.7
STU-14578,27.0,5.79,82.54,4.82,88.56,8.83,7.25,No,Administración,2.87
STU-14743,,,73.83,5.58,49.67,6.99,9.77,No,Ingeniería Industrial,2.77
STU-10539,19.0,8.75,87.4,6.14,68.58,7.15,7.07,No,Ingeniería Informática,4.05
STU-12497,28.0,10.12,68.59,5.49,64.8,5.9,11.44,No,Ingeniería Industrial,3.4
STU-13172,25.0,18.42,96.37,6.13,100.0,6.81,13.81,Sí,Ingeniería Industrial,5.76
STU-10162,19.0,14.04,87.55,6.22,95.34,7.28,4.85,No,Ingeniería Civil,5.11
STU-13644,23.0,,82.7,5.98,95.42,8.18,5.24,Sí,Ingeniería Industrial,4.04
STU-12632,23.0,7.03,78.29,5.57,78.44,8.0,2.66,No,Ingeniería Civil,3.69
STU-10647,22.0,2.28,64.15,5.01,48.54,7.53,7.04,No,Ingeniería Industrial,2.88
STU-10966,20.0,9.1,82.22,5.06,89.91,6.65,4.45,No,Ingeniería Informática,3.44
STU-14172,22.0,12.44,92.12,5.16,,7.15,4.04,No,Ingeniería Informática,4.06
STU-12157,23.0,7.73,78.84,7.0,,7.73,15.42,No,Ingeniería Informática,4.73
STU-13468,28.0,8.02,86.42,5.87,81.29,8.41,9.97,No,Contador Auditor,4.09
STU-14863,22.0,,95.3,5.41,88.89,7.15,3.32,No ,Ingeniería Informática,3.89
STU-12537,24.0,15.07,99.88,6.94,100.0,5.86,3.83,Sí,Ingeniería Informática,5.83
STU-11576,19.0,8.31,,6.67,91.98,7.72,7.98,No,Contador Auditor,4.48
STU-13267,25.0,9.01,71.2,6.74,88.61,4.94,13.15,Sí,Administración,4.72
STU-14215,26.0,11.0,93.65,5.97,100.0,5.07,10.84,No,Ingeniería Informática,3.93
STU-13017,29.0,8.99,60.98,5.79,61.84,8.3,3.77,No,Contador Auditor,3.25
STU-13667,28.0,19.01,91.42,5.55,100.0,7.6,6.63,No,Ingeniería Industrial,4.52
STU-11207,21.0,9.67,69.58,5.98,86.85,6.23,0.87,Sí,Ingeniería Civil,3.09
STU-12634,23.0,14.92,,4.58,87.05,8.88,6.43,No,Ingeniería Informática,3.08
STU-13026,25.0,13.6,79.88,6.19,100.0,5.9,3.05,No,Administración,3.94
STU-12898,32.0,10.6,81.77,5.69,65.75,7.01,5.41,Sí,Administración,3.4
STU-12434,18.0,9.4,74.17,5.76,90.3,5.02,6.1,No,Contador Auditor,3.53
STU-10336,18.0,10.74,,5.55,66.27,6.97,2.26,No,Contador Auditor,3.54
STU-12920,28.0,1.0,70.34,3.89,50.88,6.61,5.71,No,,1.29
STU-12019,30.0,15.48,90.66,6.72,99.79,8.33,2.67,No,Contador Auditor,4.94
STU-14237,18.0,11.52,90.75,5.89,93.17,5.95,8.68,Sí,Ingeniería Industrial,4.75
STU-10926,29.0,17.6,100.0,5.6,100.0,6.63,5.55,No,Ingeniería Informática,4.37
STU-10683,26.0,13.85,87.23,6.18,90.66,7.38,5.7,No,Ingeniería Informática,4.99
STU-12373,23.0,5.53,94.81,6.19,88.23,6.93,4.96,Sí,Contador Auditor,4.42
STU-12766,19.0,16.28,70.45,4.33,92.44,6.3,11.5,No,Ingeniería Civil,2.82
STU-11636,29.0,11.71,77.58,4.31,96.39,6.49,6.05,No,Administración,3.56
STU-13136,18.0,7.86,93.13,5.17,92.4,5.49,12.27,No,Contador Auditor,4.33
STU-10178,22.0,10.99,83.63,6.39,83.25,8.2,5.93,No,Ingeniería Civil,5.07
STU-14482,26.0,21.12,86.91,6.23,100.0,5.32,7.31,No,Ingeniería Civil,4.33
STU-11589,18.0,,100.0,5.38,87.96,4.75,1.98,No,Ingeniería Industrial,4.47
STU-11871,18.0,12.27,100.0,6.62,91.63,6.83,4.41,Sí,Ingeniería Civil,5.25
STU-10428,29.0,3.77,70.44,4.39,69.83,8.01,7.49,No,Ingeniería Informática,2.04
STU-11857,22.0,19.84,107.15418089640805,6.11,100.0,7.9,6.36,No,Administración,5.06
STU-12110,29.0,9.99,73.93,4.87,67.85,6.15,4.07,No,Ingeniería Informática,2.54
STU-10567,21.0,4.92,69.34,5.36,65.68,4.84,6.34,Sí,Contador Auditor,2.88
STU-14648,30.0,17.85,78.78,6.28,88.38,10.84,4.08,No,Administración,4.9
STU-13038,18.0,13.56,90.15,6.21,90.38,7.59,4.6,No,Ingeniería Industrial,4.5
STU-12188,22.0,20.09,88.85,,94.13,6.5,1.81,Sí,Ingeniería Informática,5.13
STU-10871,28.0,9.87,69.41,5.52,65.78,6.51,2.64,No,Ingeniería Informática,3.55
STU-11353,27.0,20.06,96.68,6.63,100.0,6.3,6.19,No,Administración,5.33
STU-10632,18.0,13.35,77.73,3.88,75.38,5.04,2.24,No,Ingeniería Industrial,3.12
STU-13960,22.0,12.31,81.75,5.72,100.0,8.65,6.61,No,Ingeniería Industrial,5.57
STU-10634,34.0,9.51,88.57,,84.43,7.64,8.09,Sí,Contador Auditor,3.66
STU-12502,18.0,14.57,91.32,5.44,85.15,,9.13,No,Ingeniería Civil,4.34
STU-10812,21.0,6.46,67.66,4.62,61.15,9.2,2.31,No,Administración,3.44
STU-13952,22.0,5.55,82.87,5.25,71.4,6.92,7.67,No,Ingeniería Informática,3.81
STU-11065,25.0,13.27,91.51,4.96,100.0,6.91,3.77,No,Administración,3.96
STU-10115,26.0,14.51,89.83,5.63,76.92,8.42,12.88,No,Ingeniería Informática,4.3
STU-14817,24.0,12.03,72.79,4.07,,6.13,1.69,No,Administración,3.51
STU-13620,18.0,8.52,88.69,5.65,74.39,7.81,5.45,No,Ingeniería Industrial,4.14
STU-10659,23.0,13.94,82.99,6.4,,5.28,,No,Ingeniería Industrial,4.0
STU-10030,25.0,12.59,87.15,5.77,92.29,6.05,6.75,No,Ingeniería Informática,4.47
STU-10311,21.0,9.05,96.37,5.22,80.67,4.19,7.54,No,Ingeniería Informática,4.56
STU-10422,23.0,13.16,84.23,6.15,86.33,6.08,,No,Ingeniería Civil,3.74
STU-12852,23.0,15.17,118.7581824417502,5.84,100.0,7.74,8.36,No,Ingeniería Informática,4.95
STU-11399,32.0,13.03,85.53,7.0,83.66,7.43,1.35,Sí,Ingeniería Informática,5.35
STU-13182,21.0,18.43,77.64,6.14,85.44,7.1,2.39,,Ingeniería Informática,4.73
STU-14649,28.0,11.88,67.74,5.78,74.14,7.8,4.22,Sí,Ingeniería Industrial,3.58
STU-13885,20.0,9.32,70.85,6.24,100.0,6.95,,No,Ingeniería Informática,4.44
STU-10870,30.0,13.24,,5.0,78.88,7.64,5.91,No,Contador Auditor,3.97
STU-14840,31.0,12.59,84.31,5.7,86.2,4.71,8.69,No,Ingeniería Industrial,4.12
STU-11651,21.0,6.61,77.27,4.59,80.86,6.58,12.86,No,Administración,3.32
STU-14790,24.0,8.48,,6.56,71.18,6.15,6.65,Sí,Contador Auditor,4.54
STU-10267,19.0,9.64,85.52,5.52,100.0,5.75,7.52,Sí,Administración,4.55
STU-12304,18.0,13.1,91.97,6.77,87.47,6.15,8.55,No,Ingeniería Industrial,3.92
STU-12066,32.0,15.62,100.0,6.04,95.48,6.55,5.78,Sí,Contador Auditor,5.03
STU-11631,26.0,16.15,100.0,6.5,100.0,5.42,11.63,No,Ingeniería Informática,5.72
STU-10036,24.0,2.29,77.83,5.26,51.23,9.09,8.86,No,Contador Auditor,2.25
STU-12018,19.0,13.91,90.72,5.98,100.0,7.61,,No,Ingeniería Informática,4.72
STU-12203,,17.2,95.49,5.47,100.0,7.19,0.74,No,Ingeniería Industrial,5.97
STU-13348,22.0,13.32,100.0,7.0,98.91,6.22,5.83,No,Ingeniería Informática,4.82
STU-11028,80.0,22.18,100.0,5.91,100.0,7.94,4.05,No,Ingeniería Civil,5.3
STU-12503,19.0,11.69,87.66,5.6,,7.7,12.99,Sí,Administración,3.34
STU-14319,24.0,1.0,66.52,4.26,28.19,5.42,10.69,No,Administración,1.0
STU-10919,19.0,5.46,70.15,5.26,54.5,6.86,5.89,No,Ingeniería Industrial,3.11
STU-12046,18.0,15.87,90.19,5.63,86.76,6.01,4.03,,Contador Auditor,4.14
STU-10454,21.0,13.77,83.32,6.24,100.0,6.93,8.66,,Ingeniería Industrial,4.37
STU-12198,29.0,9.46,88.42,4.54,74.33,4.67,8.48,Sí,Ingeniería Informática,3.49
STU-10587,26.0,87.19596942250608,79.59,4.9,59.19,8.67,2.26,No,Ingeniería Informática,1.71
STU-12804,20.0,19.29,87.45,6.05,100.0,6.7,1.48,No,Ingeniería Industrial,4.73
STU-12848,25.0,17.78,92.11,7.0,97.67,8.01,5.43,No,Ingeniería Industrial,5.43
STU-14535,24.0,10.36,97.91,5.25,75.51,6.36,3.7,No,Ingeniería Civil,3.99
STU-10693,27.0,1.64,73.33,5.66,,6.46,3.1,No,Ingeniería Informática,3.48
STU-10561,,2.96,82.43,3.65,,7.07,5.22,No,Ingeniería Informática,2.33
STU-14691,26.0,9.65,65.15,6.94,90.17,8.84,5.44,No,Contador Auditor,5.12
STU-12522,32.0,20.92,87.0,5.57,100.0,8.36,0.98,No,Ingeniería Industrial,5.0
STU-10716,22.0,4.61,86.91,5.32,72.25,8.93,4.8,No,Ingeniería Informática,3.03
STU-11991,26.0,8.83,72.73,4.37,70.86,8.28,1.96,No,Ingeniería Civil,3.42
STU-11089,31.0,16.61,92.33,5.97,100.0,5.42,2.52,No,Ingeniería Civil,4.69
STU-11302,29.0,1.89,65.67,5.32,38.1,6.3,4.14,No,Ingeniería Industrial,1.96
STU-11136,22.0,17.78,77.66,5.79,89.52,8.57,5.64,Sí,Ingeniería Industrial,5.03
STU-14664,,2.15,83.87,6.13,74.95,6.6,5.33,No,Ingeniería Industrial,3.77
STU-13718,22.0,10.5,95.19,5.15,100.0,6.79,5.17,Sí,Ingeniería Informática,4.09
STU-14512,21.0,20.32,99.63,5.1,100.0,7.15,8.02,No,Ingeniería Industrial,3.84
STU-12369,28.0,13.05,86.01,4.82,83.87,7.99,5.55,Sí,Ingeniería Civil,4.1
STU-14701,20.0,,76.01,5.2,92.31,6.65,7.13,No,Ingeniería Civil,3.57
STU-12163,20.0,10.54,88.87,5.81,89.96,6.04,13.11,Sí,Administración,4.87
STU-10895,21.0,12.89,96.2,6.12,75.18,5.8,2.13,Sí,Ingeniería Industrial,5.04
STU-12226,28.0,13.29,77.17,6.15,99.24,7.67,7.21,No,Ingeniería Civil,4.52
STU-10902,26.0,12.84,89.07,5.77,73.16,6.22,9.18,No,Contador Auditor,4.43
STU-14142,19.0,3.44,93.14,4.24,62.49,7.23,6.43,No,Administración,2.3
STU-12184,20.0,14.23,91.3,6.56,98.9,7.78,4.06,Sí,Ingeniería Industrial,5.03
STU-12982,21.0,18.68,78.9,5.98,100.0,7.3,2.58,No,Administración,5.63
STU-12947,22.0,20.19,100.0,6.74,100.0,6.15,,No,Ingeniería Industrial,6.09
STU-12650,28.0,9.9,97.0,6.34,100.0,6.68,2.91,No,Administración,5.31
STU-10579,23.0,10.49,91.24,5.2,85.58,5.54,10.03,No,Ingeniería Informática,4.04
STU-10207,25.0,15.12,84.59,5.32,100.0,7.25,2.19,No,Ingeniería Civil,4.98
STU-12732,30.0,16.19,85.09,5.05,72.42,9.06,6.38,No,Contador Auditor,3.41
STU-14170,29.0,5.12,79.94,5.97,72.82,9.36,4.2,No,Ingeniería Informática,4.32
STU-11530,34.0,12.01,88.04,5.51,56.22,6.93,4.26,No,Ingeniería Informática,3.96
STU-13984,19.0,12.31,,5.79,83.01,8.11,5.51,No,Administración,4.23
STU-12614,18.0,16.0,87.58,6.57,100.0,6.08,8.14,Sí,Ingeniería Civil,5.32
STU-11284,21.0,13.35,97.05,6.27,94.25,4.48,18.0,No,Administración,4.35
STU-10481,28.0,3.76,69.7,4.92,57.88,6.31,7.85,Sí,Ingeniería Industrial,2.57
STU-10985,35.0,9.07,65.32,7.0,67.59,5.15,10.72,Sí,Ingeniería Informática,3.39
STU-14077,21.0,8.8,84.39,4.77,82.06,7.36,2.26,Sí,Ingeniería Informática,3.41
STU-13108,25.0,7.96,88.49,6.21,63.98,9.16,8.91,No,Ingeniería Informática,3.49
STU-10599,29.0,8.47,81.66,5.13,69.87,5.09,7.56,Sí,Administración,3.63
STU-13774,29.0,17.28,80.77,7.0,84.69,7.39,3.61,No,Ingeniería Informática,4.8
STU-11668,30.0,14.65,92.74,7.0,87.76,7.73,11.18,Sí,Ingeniería Informática,5.01
STU-11427,31.0,14.56,77.95,,98.95,6.57,3.17,No,Ingeniería Informática,4.32
STU-12883,18.0,9.86,79.59,5.01,74.73,8.45,5.31,No,Administración,3.92
STU-13687,18.0,14.64,,4.98,97.26,6.04,4.38,No,Ingeniería Civil,3.54
STU-12456,19.0,19.17,77.45,5.28,90.39,7.72,3.22,Sí,Contador Auditor,4.63
STU-12915,24.0,12.67,72.42,6.26,90.36,7.74,9.17,No,Administración,4.5
STU-13126,20.0,6.63,83.01,6.13,86.19,6.55,3.9,Sí,Ingeniería Civil,4.78
STU-11963,22.0,7.9,84.89,6.13,96.06,7.88,10.58,Sí,Contador Auditor,4.74
STU-14568,24.0,20.56,81.79,5.2,100.0,10.49,6.94,Sí,Contador Auditor,4.29
STU-11986,23.0,9.81,71.99,4.73,79.92,3.15,4.04,No,Ingeniería Informática,2.61
STU-14018,30.0,16.79,94.96,6.37,100.0,5.23,4.19,No,Ingeniería Informática,5.63
STU-10364,23.0,11.83,86.06,5.36,85.26,6.78,7.18,No,Ingeniería Civil,4.42
STU-12571,23.0,9.09,87.3,6.08,100.0,7.4,3.29,No,Ingeniería Industrial,5.45
STU-11129,26.0,11.29,80.22,5.86,75.08,7.77,9.41,No,Administración,3.62
STU-14945,21.0,17.87,87.42,6.61,96.05,6.44,4.53,Sí,Ingeniería Industrial,4.55
STU-10281,22.0,9.01,74.76,4.75,83.02,6.87,2.6,No,Ingeniería Industrial,2.58
STU-10609,25.0,11.98,90.77,6.29,,7.1,7.04,Sí,Contador Auditor,4.6
STU-12031,27.0,7.64,74.8,5.62,78.4,7.69,4.25,Sí,Ingeniería Informática,3.72
STU-14976,23.0,20.2,98.06,6.28,97.2,7.78,11.41,Sí,Contador Auditor,5.34
STU-14849,19.0,14.13,100.0,6.21,89.08,7.7,4.0,No,Ingeniería Industrial,5.29
STU-13935,27.0,23.14,83.99,5.94,100.0,7.4,10.06,No,Contador Auditor,5.1
STU-14656,24.0,9.93,91.88,5.96,90.32,5.76,6.23,No,Ingeniería Informática,3.97
STU-11115,25.0,8.96,83.52,4.14,71.36,7.06,1.3,No,Ingeniería Civil,2.79
STU-10102,25.0,14.46,78.88,6.19,98.03,8.73,6.04,Sí,Ingeniería Industrial,5.22
STU-14355,26.0,17.53,90.61,6.33,100.0,5.03,9.38,No,Ingeniería Informática,5.35
STU-12150,21.0,14.03,82.88,6.48,82.08,6.74,2.15,No,Ingeniería Industrial,4.26
STU-14644,22.0,16.12,91.98,5.87,100.0,6.65,3.84,No,Ingeniería Informática,4.63
STU-11982,24.0,16.0,88.17,6.11,100.0,6.01,4.98,No,Ingeniería Industrial,4.38
STU-10935,26.0,13.74,95.96,5.34,70.87,7.05,3.38,Sí,Ingeniería Informática,4.26
STU-14807,22.0,9.47,80.41,5.48,68.59,6.98,3.87,Sí,Administración,5.03
STU-11114,20.0,16.37,71.77,5.16,90.44,8.34,6.29,No,Ingeniería Informática,3.48
STU-12893,20.0,8.41,84.54,5.63,89.1,7.96,2.5,Sí,Ingeniería Industrial,3.77
STU-13397,24.0,1.53,88.79,4.76,50.77,4.81,3.92,Sí,Contador Auditor,2.73
STU-13742,21.0,13.78,98.48,6.35,99.23,7.99,5.18,Sí,Ingeniería Informática,5.05
STU-10840,28.0,6.71,69.27,4.84,60.6,6.53,4.52,No,Administración,3.29
STU-10367,21.0,3.52,75.9,4.98,71.41,7.12,0.84,No,Ingeniería Informática,2.98
STU-14651,18.0,18.75,87.41,4.95,86.8,7.57,6.26,Sí,Ingeniería Civil,5.08
STU-10229,27.0,19.15,87.02,5.56,88.91,7.61,8.67,No,Contador Auditor,4.14
STU-11641,28.0,18.52,94.18,5.99,89.27,6.35,,No,Ingeniería Industrial,4.92
STU-14956,21.0,9.15,68.82,5.89,91.51,6.4,3.12,Sí,Ingeniería Civil,3.41
STU-11290,19.0,16.92,100.0,6.48,93.88,8.4,16.2,No,Contador Auditor,4.99
STU-13155,24.0,18.23,99.58,7.0,88.16,7.73,8.7,Sí,Contador Auditor,5.6
STU-10016,27.0,14.11,94.23,6.65,100.0,7.98,,Sí,Administración,5.4
STU-14060,25.0,12.1,77.64,7.0,94.56,5.45,4.38,,Administración,5.15
STU-13344,22.0,18.25,95.84,5.71,100.0,7.12,2.42,No,Ingeniería Civil,5.57
STU-12903,24.0,18.33,97.07,7.0,100.0,7.65,6.31,No,Ingeniería Industrial,5.7
STU-11393,19.0,14.94,76.39,5.84,95.28,7.29,10.78,Sí,Ingeniería Industrial,4.27
STU-12849,22.0,15.43,84.12,5.46,100.0,7.43,14.75,No,,3.88
STU-10528,20.0,18.59,95.73,5.9,94.13,6.99,8.62,Sí,Ingeniería Civil,5.2
STU-10387,23.0,18.28,79.65,5.97,96.32,6.4,10.39,No,Ingeniería Civil,5.2
STU-13361,30.0,11.68,99.59,5.35,85.62,7.44,10.54,No,Administración,4.86
STU-13209,24.0,9.65,66.55,,87.07,6.64,,No,Ingeniería Civil,3.45
STU-13895,26.0,10.5,80.83,5.87,69.39,7.62,3.16,Sí,Ingeniería Industrial,3.71
STU-10279,27.0,12.61,100.0,5.63,98.4,5.33,4.99,Sí,Ingeniería Industrial,4.99
STU-13595,23.0,13.94,,5.57,85.2,6.15,3.9,No,Ingeniería Informática,3.45
STU-10372,30.0,3.54,80.11,5.56,68.58,6.63,1.99,No,Ingeniería Industrial,1.61
STU-13851,26.0,8.08,95.51,5.08,82.05,8.14,3.71,No,Contador Auditor,3.87
STU-13641,22.0,12.8,60.76,4.74,64.2,6.12,8.01,No,Ingeniería Informática,3.05
STU-10477,22.0,22.45,119.73737310770996,,100.0,5.71,4.14,No,Contador Auditor,4.9
STU-11865,22.0,21.37,100.0,6.96,99.16,9.21,4.46,No,Contador Auditor,6.35
STU-10621,26.0,7.03,71.08,5.23,85.2,6.18,10.35,No,Ingeniería Civil,2.47
STU-14890,22.0,14.62,82.49,6.08,82.79,6.51,2.38,No,Administración,4.5
STU-11029,29.0,13.54,101.97789067546647,6.14,83.14,5.32,7.19,No,Ingeniería Informática,5.41
STU-13624,21.0,16.27,100.0,6.9,100.0,5.21,3.89,Sí,Ingeniería Civil,4.82
STU-14300,21.0,13.62,98.25,6.5,95.72,9.22,4.34,Sí,Ingeniería Civil,5.2
STU-13413,28.0,2.08,60.32,4.08,59.25,8.43,6.66,No,Ingeniería Civil,1.84
STU-11874,24.0,15.85,86.12,6.14,84.42,9.13,2.46,No,Ingeniería Civil,3.55
STU-13628,20.0,8.5,71.44,5.5,,5.46,1.4,No,Ingeniería Informática,3.72
STU-12155,19.0,16.14,99.46,6.16,100.0,7.7,16.55,Sí,Ingeniería Informática,5.52
STU-11001,22.0,10.56,86.42,5.6,82.97,8.65,7.09,Sí,Contador Auditor,5.29
STU-13123,27.0,11.59,70.72,5.94,74.84,4.97,6.56,No,Ingeniería Informática,3.61
STU-10028,21.0,12.94,80.47,5.96,,7.47,5.39,No,Ingeniería Industrial,3.11
STU-13081,22.0,8.46,77.09,4.28,62.12,6.22,7.25,No,Ingeniería Informática,2.9
STU-12382,25.0,9.23,69.94,4.95,74.72,7.72,1.15,No,Ingeniería Informática,3.34
STU-10595,22.0,19.17,75.23,5.69,100.0,7.14,6.97,Sí,Administración,5.28
STU-13243,26.0,3.55,81.86,4.94,67.65,5.42,5.24,No,Ingeniería Industrial,3.43
STU-12573,23.0,10.07,89.44,5.71,82.47,6.84,13.73,No,Ingeniería Informática,4.34
STU-10100,20.0,7.5,80.59,4.38,80.97,10.0,4.06,No,Ingeniería Industrial,3.17
STU-13288,18.0,12.68,98.15,5.71,93.16,7.32,4.08,No,Ingeniería Industrial,4.63
STU-14269,37.0,16.69,95.24,6.9,100.0,6.96,4.53,Sí,Ingeniería Civil,5.18
STU-13338,24.0,9.99,88.13,5.86,90.8,5.79,2.6,No,Ingeniería Industrial,4.18
STU-12648,25.0,13.35,85.26,6.68,80.23,8.56,5.93,Sí,Ingeniería Civil,4.92
STU-12539,28.0,10.74,87.21,6.31,77.73,5.91,1.12,No,Ingeniería Civil,4.64
STU-13922,30.0,16.39,94.64,7.0,100.0,5.77,6.34,No,Ingeniería Industrial,5.76
STU-11019,19.0,19.09,,6.13,97.29,7.24,5.36,Sí,Ingeniería Informática,4.79
STU-14454,18.0,12.24,79.2,5.91,92.12,6.48,2.91,Sí,Ingeniería Civil,4.19
STU-12473,28.0,10.04,90.76,5.4,84.63,6.68,34.67739473095972,No,Ingeniería Civil,3.88
STU-10799,,15.96,80.23,5.18,100.0,6.78,7.08,No,Administración,4.25
STU-10602,24.0,10.55,74.1,4.89,100.0,8.2,10.38,,,3.27
STU-12414,22.0,,89.31,5.05,100.0,7.13,4.47,No,Ingeniería Industrial,4.2
STU-13853,24.0,16.2,87.96,4.69,91.61,7.9,4.57,No,Ingeniería Industrial,3.4
STU-14534,19.0,8.69,80.89,,65.51,9.62,14.14,No,Contador Auditor,2.36
STU-12762,27.0,10.19,89.65,5.59,,5.41,0.95,No,Ingeniería Informática,4.15
STU-12964,20.0,5.66,89.12,6.01,89.09,7.03,10.28,No,Ingeniería Informática,4.07
STU-11084,27.0,7.05,87.95,5.33,77.84,6.4,6.76,No,Ingeniería Industrial,3.5
STU-11742,26.0,10.74,86.14,4.48,84.3,7.17,10.93,No,Administración,3.59
STU-13567,19.0,14.28,84.86,5.54,100.0,7.13,4.84,Sí,Ingeniería Informática,4.83
STU-14387,25.0,17.92,89.66,5.03,100.0,6.58,10.48,No,Ingeniería Informática,4.5
STU-10440,25.0,11.87,95.11,5.5,80.67,6.9,1.7,No,Ingeniería Informática,4.73
STU-13638,23.0,12.72,100.0,6.95,97.61,4.82,5.51,No,Ingeniería Informática,5.69
STU-13464,27.0,11.36,100.0,5.84,82.17,3.83,2.22,No,Ingeniería Industrial,3.73
STU-10769,19.0,6.15,67.21,4.92,69.79,,3.45,No,Ingeniería Informática,3.05
STU-14196,24.0,11.65,84.64,6.84,100.0,6.58,6.9,Sí,Ingeniería Industrial,4.61
STU-11584,28.0,13.99,86.47,6.9,100.0,5.4,6.11,Sí,Ingeniería Civil,4.74
STU-13795,20.0,48.513094074356395,80.69,5.71,86.57,7.9,3.3,Sí,Administración,4.31
STU-13898,21.0,11.47,,5.47,89.24,8.49,7.18,No,Ingeniería Civil,3.77
STU-13120,19.0,13.14,93.71,6.07,96.94,5.95,11.1,Sí,Ingeniería Informática,4.41
STU-11792,21.0,20.45,99.63,7.0,100.0,6.8,6.44,No,Ingeniería Industrial,5.07
STU-14043,23.0,14.06,82.44,6.27,92.5,7.02,2.88,Sí,Administración,5.05
STU-11952,22.0,14.2,98.24,6.88,95.24,11.0,3.19,No,Ingeniería Informática,6.08
STU-10848,22.0,13.21,87.9,5.14,75.9,,12.07,No,Ingeniería Informática,3.94
STU-11609,23.0,2.45,64.32,3.58,49.07,7.67,4.09,No,Ingeniería Civil,1.74
STU-11254,18.0,14.03,73.27,6.53,71.19,4.37,4.93,Sí,Ingeniería Informática,4.66
STU-12515,35.0,16.02,93.61,5.66,85.51,8.6,7.05,Sí,Ingeniería Civil,5.27
STU-14687,31.0,15.45,87.71,5.67,88.36,5.9,3.77,No,Ingeniería Informática,4.61
STU-12789,23.0,1.57,81.17,5.12,66.42,7.65,1.98,No,Ingeniería Civil,3.02
STU-11493,20.0,6.42,63.38,4.08,59.94,5.85,65.84564385406458,No,Contador Auditor,2.09
STU-14843,,19.1,62.6,6.51,100.0,5.9,17.58,Sí,Ingeniería Civil,3.87
STU-14325,22.0,17.3,85.66,5.45,100.0,5.93,15.04,Sí,Ingeniería Industrial,4.06
STU-13419,23.0,13.66,91.73,6.23,100.0,4.78,2.07,No,Contador Auditor,3.89
STU-10849,27.0,18.26,97.38,,100.0,6.62,12.99,No,Ingeniería Industrial,4.82
STU-14515,18.0,10.44,69.83,4.94,75.15,5.52,5.83,No,Ingeniería Civil,3.64
STU-13133,28.0,7.83,92.62,4.92,100.0,5.31,3.03,,Administración,4.16
STU-10313,26.0,13.17,75.07,4.81,,6.29,5.94,No,,3.02
STU-11134,18.0,12.64,81.3,4.82,94.68,6.9,18.0,No,Ingeniería Civil,2.9
STU-11425,30.0,9.23,75.5,6.11,80.07,6.13,11.29,No,Administración,4.16
STU-11610,29.0,20.64,99.6,6.19,100.0,6.99,7.84,No,Ingeniería Civil,5.29
STU-14604,23.0,14.37,79.6,5.92,86.2,7.11,1.54,No,Ingeniería Informática,3.87
STU-11164,21.0,10.97,,4.89,69.31,5.96,3.14,Sí,Contador Auditor,3.97
STU-12196,18.0,12.02,63.94,5.49,78.3,6.03,4.93,Sí,Administración,3.12
STU-14244,23.0,14.47,81.24,5.65,93.4,8.17,9.48,No,Ingeniería Informática,4.67
STU-11778,19.0,10.1,87.28,5.64,,7.5,5.2,No,Ingeniería Civil,3.78
STU-10747,26.0,17.25,81.18,7.0,83.03,7.15,4.49,Sí,Ingeniería Industrial,5.07
STU-13188,18.0,21.66,95.74,6.29,,7.6,2.6,Sí,Ingeniería Civil,6.29
STU-14828,26.0,1.0,71.71,4.96,73.45,8.02,12.24,No,Ingeniería Industrial,3.28
STU-11428,18.0,9.87,85.44,5.93,,7.24,13.24,Sí,Ingeniería Civil,3.27
STU-11169,27.0,2.98,71.67,4.94,50.55,6.68,6.04,No,Ingeniería Industrial,1.75
STU-12710,20.0,8.37,92.73,,77.96,6.6,16.9,No,Administración,3.75
STU-11653,27.0,2.31,69.46,4.79,42.35,6.13,13.11,No,Ingeniería Civil,2.19
STU-14900,21.0,14.31,84.07,6.02,96.55,7.42,2.98,Sí,Ingeniería Informática,4.83
STU-14015,23.0,10.69,73.59,6.03,89.23,7.17,3.96,No,Ingeniería Civil,3.85
STU-14343,22.0,8.98,71.08,4.71,68.04,6.93,2.73,Sí,Ingeniería Civil,2.95
STU-11885,18.0,13.22,79.94,5.21,100.0,7.5,5.01,No,Ingeniería Informática,3.96
STU-11140,20.0,16.51,92.07,6.87,100.0,5.98,5.39,Sí,Ingeniería Informática,4.96
STU-12828,21.0,16.62,97.63,6.84,100.0,6.36,6.28,Sí,Ingeniería Industrial,5.64
STU-14940,20.0,14.39,91.19,4.89,100.0,7.3,7.66,No,Administración,4.37
STU-13552,25.0,11.99,90.26,6.86,94.5,6.93,,,Ingeniería Informática,5.8
STU-11989,20.0,18.64,92.07,6.94,100.0,,8.26,Sí,Ingeniería Informática,5.53
STU-13892,22.0,22.93,98.34,6.33,100.0,7.78,4.06,No,Administración,6.74
STU-13531,25.0,7.24,79.41,4.58,59.25,7.75,7.53,No ,Ingeniería Civil,2.28
STU-11472,20.0,12.19,100.0,4.63,100.0,7.7,5.99,Sí,Ingeniería Civil,4.55
STU-13968,29.0,,75.48,5.62,75.89,7.5,5.19,No,Ingeniería Informática,3.59
STU-12928,31.0,9.64,88.63,6.3,67.38,7.07,7.0,No,Contador Auditor,3.46
STU-10079,20.0,12.74,92.75,6.46,91.03,7.92,11.7,Sí,Ingeniería Civil,3.86
STU-12890,25.0,7.37,65.74,5.09,,8.57,12.7,No,Contador Auditor,2.76
STU-14834,24.0,13.95,96.93,5.72,81.2,5.98,10.86,No,Contador Auditor,4.75
STU-14767,23.0,18.61,,5.13,100.0,5.73,3.53,No,Ingeniería Industrial,4.5
STU-10761,19.0,14.15,100.0,6.13,100.0,6.99,10.51,No,Administración,4.81
STU-12846,23.0,9.74,91.21,4.88,100.0,7.64,10.81,No,Ingeniería Informática,4.61
STU-12601,22.0,,,7.0,70.56,6.34,3.96,No,Contador Auditor,3.99
STU-12213,26.0,13.87,88.54,4.6,100.0,7.95,7.04,No,Ingeniería Industrial,5.45
STU-13757,29.0,16.13,85.06,5.95,86.53,6.01,4.5,No,Administración,4.03
STU-12716,28.0,4.78,73.94,5.69,67.88,3.9,7.42,No,Administración,3.46
STU-10073,19.0,5.37,92.73,5.43,,8.99,5.51,Sí,Ingeniería Informática,3.92
STU-11009,24.0,14.24,94.26,5.62,92.72,6.74,2.74,Sí,Administración,5.26
STU-10077,22.0,2.04,75.98,5.24,57.09,7.04,6.45,No,Ingenieria Informatica,2.85
STU-10667,18.0,22.28,,6.5,89.42,7.59,3.83,No,Administración,4.57
STU-11121,23.0,15.77,74.74,5.75,62.15,9.58,9.61,Sí,Administración,4.11
STU-12558,26.0,,75.86,6.16,90.94,8.77,5.85,No,Ingeniería Industrial,4.02
STU-10729,21.0,1.23,69.41,5.43,76.18,5.34,7.67,Sí,Ingeniería Informática,3.2
STU-14197,18.0,11.25,86.89,6.59,80.76,8.04,4.61,No,Contador Auditor,3.74
STU-11410,22.0,9.42,95.94,6.42,69.37,7.43,,No,Ingeniería Industrial,3.53
STU-10676,18.0,7.0,93.02,6.25,71.13,9.67,1.3,Sí,Ingeniería Informática,4.85
STU-12584,25.0,18.26,95.28,6.97,89.69,6.57,1.96,No,Ingeniería Civil,4.96
STU-11633,22.0,18.45,-17.191992949664762,6.81,100.0,6.14,6.99,No,Contador Auditor,4.59
STU-14466,24.0,16.04,89.64,,100.0,6.14,11.49,No,,4.35
STU-14918,18.0,19.02,86.44,6.3,100.0,6.09,5.71,No,Ingeniería Informática,5.41
STU-13294,24.0,16.48,98.03,6.09,100.0,7.86,14.46,No,Ingeniería Informática,5.78
STU-13216,23.0,14.91,89.01,6.04,100.0,7.52,4.82,Sí,Administración,4.9
STU-12754,23.0,19.0,84.98,4.82,100.0,8.76,8.8,No,Administración,5.02
STU-11729,26.0,11.36,,5.01,100.0,6.21,2.39,No,Contador Auditor,4.92
STU-13010,18.0,7.37,57.77,5.11,71.35,4.56,1.92,No,Administración,3.33
STU-14809,22.0,9.24,60.45,5.21,75.2,9.66,4.8,No,Ingeniería Informática,3.14
STU-10081,24.0,14.55,100.0,6.87,100.0,8.87,3.07,No,Ingeniería Industrial,5.84
STU-14471,28.0,10.31,82.71,4.62,87.73,6.36,3.91,No,Ingeniería Civil,2.81
STU-14516,23.0,11.48,,5.12,100.0,6.49,7.88,No,Administración,4.95
STU-13316,20.0,4.99,76.96,5.3,73.51,4.22,11.14,No,Contador Auditor,2.82
STU-11521,18.0,15.65,100.0,6.24,100.0,6.49,4.15,Sí,Contador Auditor,5.43
STU-10959,,12.01,77.95,5.45,88.84,4.88,12.38,Sí,Administración,3.76
STU-12504,18.0,13.58,61.09,6.6,97.74,6.84,5.88,No,Ingeniería Informática,4.66
STU-10196,25.0,5.37,67.44,5.44,53.05,7.54,2.78,No,Contador Auditor,2.89
STU-14428,20.0,9.02,97.17,5.79,94.37,8.06,6.87,No,Ingeniería Informática,4.4
STU-13780,32.0,,93.81,6.09,99.41,5.64,6.59,No,Administración,5.17
STU-14993,31.0,11.78,80.16,6.02,94.47,7.86,9.82,No,Ingeniería Civil,4.39
STU-11415,26.0,,52.67,5.33,60.47,7.13,2.25,No,Contador Auditor,2.89
STU-10925,24.0,2.49,66.9,4.23,79.26,8.34,5.61,Sí,Ingeniería Informática,1.98
STU-11456,30.0,14.46,75.11,5.24,,6.72,4.17,No,Ingeniería Informática,3.77
STU-10994,,4.58,80.92,4.46,91.61,4.92,5.42,Sí,Ingeniería Industrial,3.72
STU-12010,25.0,15.75,84.32,5.15,100.0,8.02,6.54,No,Ingeniería Industrial,4.77
STU-13449,25.0,15.8,,7.0,100.0,8.02,1.97,Sí,,5.18
STU-10589,26.0,14.84,99.02,6.23,100.0,7.4,9.47,No,Ingeniería Informática,5.36
STU-13815,22.0,21.16,100.0,6.7,100.0,8.08,0.5,No,Ingeniería Civil,6.55
STU-13226,27.0,17.08,93.53,6.36,71.61,9.44,3.77,No,Ingeniería Informática,4.41
STU-10203,26.0,,82.93,5.96,89.91,6.66,8.43,No,Administración,4.82
STU-12462,23.0,71.83991617661422,70.42,5.62,92.12,6.52,5.03,No,Ingeniería Industrial,3.36
STU-14550,26.0,10.11,62.64,5.54,80.14,4.81,5.36,Sí,Ingeniería Civil,3.06
STU-12185,27.0,17.02,99.52,6.26,87.37,6.32,7.75,No,Administración,4.9
STU-11762,20.0,14.92,64.75,5.49,91.69,6.25,3.07,No,Administración,4.04
STU-13730,27.0,16.53,87.26,6.17,100.0,7.59,6.36,Sí,Contador Auditor,5.6
STU-11436,25.0,11.28,90.1,5.75,87.4,6.02,18.0,Sí,Ingeniería Industrial,4.42
STU-11048,26.0,12.48,84.6,5.24,100.0,6.94,3.21,No,Ingeniería Informática,3.31
STU-11517,18.0,21.28,89.5,6.04,100.0,8.38,,No,Ingeniería Industrial,5.32
STU-10637,32.0,11.86,85.86,5.55,100.0,6.03,4.18,Sí,Ingeniería Informática,4.32
STU-13092,29.0,18.87,90.89,6.37,91.52,6.82,2.47,No,Ingeniería Civil,4.57
STU-10507,25.0,8.94,88.58,5.6,83.64,9.16,6.32,No,Contador Auditor,4.21
STU-12076,22.0,14.67,100.0,7.0,100.0,5.28,3.74,Sí,Ingeniería Informática,5.63
STU-11532,34.0,13.66,,6.43,73.83,4.27,6.3,Sí,Ingeniería Informática,4.25
STU-11596,21.0,23.1,93.04,7.0,95.69,6.98,4.31,No,Administración,5.4
STU-10824,26.0,11.09,100.0,5.76,73.49,6.32,,Sí,Contador Auditor,4.0
STU-10638,22.0,12.09,82.57,5.83,100.0,8.2,9.25,No,Ingeniería Civil,4.75
STU-14627,24.0,12.22,87.52,5.88,86.27,8.42,1.35,Sí,Contador Auditor,3.37
STU-12353,25.0,13.48,88.36,5.66,71.85,4.37,2.82,No,Ingeniería Informática,3.8
STU-12256,35.0,11.54,82.64,5.67,81.54,8.8,5.41,No,Administración,4.18
STU-13562,18.0,9.97,78.88,5.85,94.06,7.49,6.85,No,Ingeniería Civil,4.3
STU-13214,,2.69,,4.09,79.17,7.62,3.28,No,Administración,2.48
STU-11330,18.0,1.62,80.05,4.85,67.0,6.18,6.68,No,Ingeniería Civil,2.22
STU-12829,32.0,12.68,78.53,5.69,82.93,5.86,6.6,No,Ingeniería Informática,3.58
STU-12251,25.0,8.22,94.94,6.04,,9.19,5.33,Sí,Contador Auditor,4.52
STU-11182,32.0,68.33253762086288,88.46,4.85,84.07,6.71,3.99,Sí,Ingeniería Industrial,3.73
STU-12116,21.0,47.4024238599356,76.45,4.39,83.49,7.29,3.33,No,Ingeniería Informática,2.73
STU-11820,18.0,8.04,74.96,4.74,64.76,7.86,8.43,No,Ingeniería Civil,3.12
STU-13367,22.0,5.51,91.52,5.04,76.27,6.84,8.37,No,Ingeniería Informática,3.42
STU-11246,20.0,11.33,87.59,5.39,84.78,7.91,3.36,Sí,Contador Auditor,4.64
STU-14722,18.0,14.25,89.88,5.85,83.79,7.26,6.05,No,Contador Auditor,5.55
STU-11872,20.0,1.0,73.09,5.16,73.58,6.23,6.89,Sí,Contador Auditor,2.66
STU-11113,21.0,9.85,79.12,4.8,71.43,5.12,6.44,No,Contador Auditor,1.32
STU-11822,24.0,16.49,99.12,4.73,,9.9,3.84,No,Ingeniería Informática,4.42
STU-14732,35.0,21.61,,6.78,100.0,6.79,7.4,Sí,Ingeniería Informática,5.5
STU-10395,19.0,11.13,87.61,7.0,83.05,6.9,5.38,No,Ingeniería Informática,5.11
STU-11615,22.0,20.21,94.06,6.99,100.0,5.5,6.38,No,Ingeniería Industrial,5.12
STU-11953,22.0,14.58,94.27,5.71,87.16,5.47,2.99,No,Administración,4.35
STU-12204,22.0,6.94,62.18,5.06,63.89,4.78,0.5,No,Ingeniería Civil,2.13
STU-13013,29.0,15.46,96.71,6.86,97.58,6.1,1.18,No,Administración,5.51
STU-12830,25.0,16.86,90.13,5.26,,5.76,2.34,No,Contador Auditor,4.97
STU-11501,32.0,15.17,91.47,6.32,100.0,6.5,7.08,No,Ingeniería Informática,4.54
STU-13076,26.0,10.22,84.97,4.78,54.07,6.67,,Sí,Administración,3.87
STU-14798,26.0,,90.68,5.63,84.56,6.95,6.29,No,Ingeniería Civil,3.49
STU-14423,20.0,8.62,77.66,5.49,68.17,5.37,6.14,No,Administración,3.05
STU-11869,18.0,12.46,93.06,6.19,,6.67,3.94,No,Ingeniería Informática,4.53
STU-14826,31.0,,85.62,5.97,100.0,8.72,11.79,No,Ingeniería Industrial,4.41
STU-11132,22.0,15.45,90.39,4.74,79.42,4.68,6.42,No,Contador Auditor,3.61
STU-10468,18.0,3.19,61.31,5.69,54.46,6.61,16.36,No,Ingeniería Industrial,2.4
STU-13702,18.0,12.89,87.46,5.47,92.95,7.92,6.08,No,Ingeniería Informática,3.91
STU-11879,20.0,11.15,80.45,5.99,100.0,6.69,5.93,Sí,Ingeniería Industrial,4.25
STU-12056,25.0,12.03,62.8,4.31,85.64,7.64,6.73,Sí,Contador Auditor,4.05
STU-14469,20.0,6.97,75.83,5.14,60.87,6.87,4.03,Sí,Ingeniería Civil,3.17
STU-10752,23.0,14.99,78.79,6.38,81.38,8.16,3.64,No,Administración,4.12
STU-13926,23.0,8.73,86.32,5.22,86.18,6.91,4.52,No,Ingeniería Civil,3.58
STU-10463,28.0,12.26,83.33,5.61,81.78,5.95,32.92240555604878,Sí,Ingeniería Civil,3.7
STU-14206,18.0,3.72,84.88,5.81,84.27,7.16,2.38,Sí,Administración,3.71
STU-14107,18.0,15.86,87.57,5.67,100.0,6.93,9.36,Sí,Contador Auditor,5.06
STU-14881,34.0,14.14,82.81,5.82,87.8,7.63,15.69,Sí,Ingeniería Informática,4.41
STU-10592,32.0,20.02,95.75,6.08,100.0,5.54,2.28,No,Contador Auditor,4.32
STU-14794,25.0,,95.74,4.86,77.22,6.74,5.96,No,Ingeniería Informática,4.2
STU-13839,18.0,5.06,71.27,5.31,,7.35,7.7,Sí,Ingeniería Informática,3.62
STU-10483,28.0,16.78,71.85,6.27,,7.65,9.74,Sí,Ingeniería Informática,6.13
STU-12913,22.0,14.54,78.7,,100.0,7.15,4.02,Sí,Ingeniería Civil,4.07
STU-14149,18.0,13.63,87.4,6.67,83.98,7.17,9.5,No,Ingeniería Informática,4.55
STU-14148,22.0,14.38,87.67,7.0,94.02,8.05,9.09,Sí,Ingeniería Industrial,5.17
STU-14540,22.0,17.18,96.68,7.0,93.74,3.24,6.56,Sí,Ingeniería Informática,5.22
STU-13572,22.0,15.75,99.06,7.0,83.69,5.91,3.11,No,Ingeniería Civil,5.3
STU-13257,26.0,9.99,81.68,5.02,65.26,4.71,8.28,No,Ingeniería Informática,2.42
STU-12901,22.0,11.44,83.53,5.04,88.34,7.8,3.44,No,Administración,4.39
STU-11840,24.0,5.76,80.61,5.32,69.94,8.67,9.37,No,Ingeniería Civil,3.7
STU-13494,22.0,14.8,99.4,6.76,97.0,6.81,2.95,No,Ingeniería Industrial,4.38
STU-11327,23.0,13.53,65.74,5.95,79.55,6.99,0.72,No,Ingeniería Industrial,4.77
STU-12910,22.0,4.34,77.04,5.5,85.65,5.39,5.26,Sí,Administración,4.13
STU-10490,18.0,15.36,80.91,6.54,100.0,5.27,,No,Ingeniería Industrial,3.94
STU-14071,18.0,11.47,79.71,4.98,,6.91,4.61,No,Administración,3.37
STU-11544,20.0,18.68,90.77,,93.01,,8.83,No,Ingeniería Civil,4.18
STU-13719,23.0,7.22,83.65,5.63,65.38,5.26,7.26,No,Administración,3.29
STU-12878,22.0,8.84,63.57,5.72,69.12,3.58,1.88,Sí,Administración,2.99
STU-14901,23.0,20.16,93.58,6.43,100.0,6.52,7.53,Sí,Ingeniería Informática,5.47
STU-13162,24.0,9.4,78.48,4.01,84.92,5.19,7.48,No,Administración,3.55
STU-10323,19.0,7.95,75.7,3.93,74.2,8.77,3.62,Sí,Ingeniería Civil,2.64
STU-14583,23.0,15.83,99.17,7.0,100.0,8.08,2.46,Sí,Ingeniería Informática,5.85
STU-10113,18.0,13.14,72.51,4.23,84.8,7.76,4.36,No,Ingeniería Industrial,2.66
STU-13140,24.0,10.93,78.59,5.17,96.96,7.21,5.6,No,Contador Auditor,4.09
STU-11977,24.0,17.56,100.0,6.37,100.0,8.01,9.02,No,Ingeniería Industrial,5.18
STU-13996,25.0,13.9,88.45,6.0,97.67,8.05,4.9,Sí,,4.64
STU-10874,30.0,13.9,77.2,5.03,81.49,9.07,7.05,No,Ingeniería Civil,3.77
STU-13037,22.0,19.25,93.64,5.36,100.0,7.15,9.25,Sí,Contador Auditor,4.98
STU-13549,26.0,98.32878858687386,63.15,5.61,78.81,7.24,3.98,No,Administración,3.01
STU-14191,20.0,9.71,73.81,6.08,92.42,5.75,2.47,No,Administración,3.94
STU-13739,18.0,18.21,89.76,6.51,100.0,7.27,12.44,No,Administración,4.94
STU-12282,21.0,13.67,87.03,5.61,89.88,7.25,5.87,No,Administración,4.34
STU-13921,18.0,14.12,91.78,6.44,94.14,6.76,4.65,No,Ingeniería Informática,4.43
STU-10346,22.0,15.19,83.14,6.11,94.91,5.48,5.17,No,Ingeniería Industrial,3.92
STU-14616,22.0,6.2,74.11,5.36,63.87,6.69,5.81,No,Administración,2.67
STU-14825,19.0,19.53,90.05,6.52,84.14,5.34,3.89,No,Ingeniería Civil,4.68
STU-10862,22.0,13.25,100.0,5.59,100.0,6.77,6.44,No,Ingeniería Informática,4.84
STU-13810,18.0,10.04,67.47,6.24,79.3,6.03,5.13,No,Ingeniería Informática,3.71
STU-11362,28.0,7.19,79.91,4.94,72.78,6.99,6.84,No,Contador Auditor,3.57
STU-12401,18.0,10.14,,5.41,87.48,7.38,9.34,No,Ingeniería Informática,4.1
STU-13003,28.0,17.75,94.23,6.39,92.6,5.7,,No,Ingeniería Informática,4.42
STU-13148,23.0,7.94,72.64,6.3,61.43,6.22,5.44,No,Ingeniería Civil,2.89
STU-11531,24.0,23.71,98.15,7.0,100.0,7.84,1.76,No,Administración,6.28
STU-12280,28.0,15.38,96.48,6.38,100.0,6.85,10.82,Sí,Ingeniería Industrial,5.5
STU-14752,19.0,8.67,73.17,5.36,78.98,8.28,6.07,No,,3.08
STU-11864,24.0,11.11,89.0,6.15,98.34,6.82,9.69,Sí,Ingeniería Informática,4.67
STU-14801,21.0,9.81,82.23,4.38,87.27,4.36,4.12,No,Contador Auditor,2.98
STU-10953,22.0,4.95,72.71,5.09,61.42,6.71,2.35,No,Ingeniería Informática,2.98
STU-13669,25.0,9.79,75.4,6.43,73.93,7.15,4.57,Sí,Administración,4.3
STU-13346,20.0,21.71,91.55,6.45,100.0,6.36,4.62,No,Ingeniería Industrial,5.3
STU-10734,28.0,11.98,85.21,6.12,75.89,8.03,2.48,No,Contador Auditor,4.59
STU-11804,19.0,6.2,,4.42,73.97,3.68,6.32,Sí,Contador Auditor,2.86
STU-14607,30.0,9.11,,5.13,77.6,6.86,4.83,No,Contador Auditor,3.37
STU-12779,28.0,74.00481982992747,69.62,4.92,89.37,7.14,12.0,No,Ingeniería Civil,2.48
STU-10187,24.0,8.53,91.88,5.76,71.26,8.94,9.76,Sí,Ingeniería Industrial,4.86
STU-13791,18.0,8.6,69.95,4.19,83.64,7.41,5.29,Sí,Contador Auditor,2.93
STU-14409,23.0,15.53,92.05,5.83,90.54,6.93,6.73,No,Administración,4.56
STU-13912,21.0,56.022970539735425,88.93,6.32,100.0,7.82,6.14,No,Ingeniería Civil,5.35
STU-11473,18.0,6.68,73.1,5.66,67.34,9.02,14.79,No,Administración,3.97
STU-10362,18.0,15.63,100.0,6.38,100.0,7.47,11.84,No,Contador Auditor,5.16
STU-10605,23.0,12.9,,4.64,71.54,4.36,0.89,NO,Contador Auditor,1.95
STU-10811,30.0,6.07,,4.94,86.28,7.26,6.0,Sí,Ingeniería Industrial,3.69
STU-11545,21.0,4.81,71.71,4.76,65.93,8.12,9.88,No,Ingeniería Civil,3.54
STU-11664,28.0,18.64,64.99,5.67,100.0,5.5,6.75,Sí,Ingeniería Informática,4.45
STU-12390,18.0,16.28,92.87,6.87,,8.18,4.0,No,Administración,4.53
STU-14345,21.0,2.12,77.57,4.71,64.05,7.49,14.55,No,Ingeniería Industrial,2.46
STU-12942,22.0,12.99,95.65,5.78,86.18,5.71,10.94,No,Ingeniería Industrial,4.31
STU-13605,24.0,12.8,71.68,4.75,84.99,6.22,7.26,No,Ingeniería Informática,3.47
STU-13639,18.0,2.38,72.12,4.45,62.22,5.83,3.73,No,Administración,2.56
STU-12183,29.0,11.68,68.14,5.15,89.3,7.65,5.25,Sí,Ingeniería Industrial,3.82
STU-11758,37.0,18.24,93.64,6.16,100.0,5.85,4.66,No,Administración,5.34
STU-12550,22.0,9.52,67.92,5.31,76.06,6.69,5.04,No,Ingeniería Informática,3.89
STU-14518,24.0,2.51,64.75,4.4,57.0,4.91,,No,Ingeniería Industrial,1.46
STU-11686,,12.72,85.86,7.0,100.0,6.71,17.58,Sí,Ingeniería Industrial,4.96
STU-11055,31.0,12.16,100.0,5.81,75.86,6.01,6.75,No,Administración,3.99
STU-14134,22.0,8.69,84.5,5.42,87.8,6.84,13.95,Sí,Administración,4.61
STU-12271,20.0,10.74,77.6,4.11,76.03,8.96,7.04,No,Ingeniería Informática,3.1
STU-14072,19.0,13.11,87.09,6.98,100.0,5.25,7.76,No,Ingeniería Industrial,4.76
STU-10055,25.0,10.89,89.85,4.48,79.24,5.84,5.31,Sí,Ingeniería Civil,4.39
STU-14403,18.0,,80.57,4.58,84.89,5.18,10.05,No,Ingeniería Industrial,2.33
STU-12783,21.0,10.51,92.59,6.65,88.57,8.46,7.09,No,Ingeniería Civil,4.41
STU-12791,18.0,13.87,78.52,6.08,94.09,5.58,8.5,No,Ingeniería Civil,4.81
STU-12819,31.0,16.32,91.04,6.98,89.05,7.22,4.97,Sí,Ingeniería Industrial,6.01
STU-14027,26.0,13.39,79.23,5.66,87.01,,4.11,No,Ingeniería Civil,4.52
STU-13129,23.0,7.76,100.0,5.64,,4.24,6.54,No,Ingeniería Informática,4.05
STU-11520,27.0,16.19,90.73,6.6,99.29,8.49,18.0,No,Ingeniería Informática,5.32
STU-10272,24.0,5.88,81.6,7.0,53.56,8.16,6.09,Sí,Ingeniería Informática,3.63
STU-13492,21.0,8.77,83.61,5.03,85.47,6.08,13.14,Sí,Ingeniería Industrial,3.22
STU-12525,20.0,14.09,93.33,5.38,96.93,8.73,4.5,No,Ingeniería Civil,4.41
STU-10914,28.0,27.0,100.0,6.79,100.0,7.46,10.27,No,Administración,5.79
STU-13585,20.0,16.21,96.24,6.01,100.0,7.03,8.1,No,Ingeniería Industrial,5.07
STU-10426,19.0,7.19,94.98,6.09,72.61,6.15,14.39,Sí,Administración,3.83
STU-10655,24.0,7.31,79.83,5.45,49.78,6.12,2.99,Sí,Ingeniería Informática,2.6
STU-11426,26.0,9.79,86.54,5.52,86.14,4.96,10.11,Sí,Ingeniería Industrial,4.21
STU-12112,18.0,12.57,,6.23,81.85,6.4,12.78,Sí,Ingeniería Industrial,4.27
STU-11175,26.0,14.12,91.72,5.92,82.65,7.19,6.29,Sí,Ingeniería Civil,3.69
STU-11239,20.0,20.84,,,100.0,10.1,9.18,No,Ingeniería Informática,5.66
STU-12726,18.0,6.46,75.66,5.1,59.74,6.28,6.0,No,Ingeniería Industrial,2.35
STU-11552,26.0,11.84,86.24,4.81,81.61,7.43,0.5,No,,4.1
STU-11437,27.0,11.51,84.39,4.79,90.87,9.46,6.95,No,Ingeniería Industrial,3.61
STU-11943,26.0,9.0,67.05,5.74,88.05,9.41,16.07,No,Ingeniería Civil,3.03
STU-11396,25.0,12.6,83.19,5.64,97.53,6.62,,No,Ingeniería Civil,3.91
STU-14802,19.0,16.89,93.94,5.7,92.13,7.98,6.66,No,Ingeniería Industrial,5.16
STU-10286,23.0,11.77,,4.83,81.58,6.76,8.94,No,,3.85
STU-11044,,7.36,70.85,5.66,86.28,7.97,,Sí,Administración,4.22
STU-10243,26.0,6.01,74.26,6.82,62.15,7.44,9.41,Sí,Ingeniería Industrial,4.04
STU-13728,,11.29,100.0,6.77,88.02,8.96,4.84,No,Ingeniería Civil,3.81
STU-13618,30.0,17.18,86.04,7.0,100.0,8.48,6.03,Sí,Ingeniería Informática,5.54
STU-14916,18.0,9.51,68.38,6.09,95.41,5.12,9.51,Sí,Ingeniería Informática,3.44
STU-12506,18.0,11.21,,6.2,100.0,6.4,10.92,No,Ingeniería Informática,5.45
STU-10554,18.0,17.3,100.0,6.65,100.0,10.24,17.84,Sí,Ingeniería Civil,5.5
STU-13695,20.0,14.29,100.0,6.91,100.0,7.36,12.16,Sí,Ingeniería Informática,5.76
STU-11078,20.0,22.07,99.22,6.32,100.0,7.48,8.02,No,,5.48
STU-12742,20.0,7.39,66.39,5.19,74.87,8.38,1.14,Sí,Administración,3.95
STU-11395,24.0,29.57,,7.0,100.0,6.64,6.21,,Ingeniería Industrial,6.07
STU-13275,27.0,5.78,92.86,6.35,73.03,5.26,11.37,Sí,Ingeniería Informática,4.02
STU-12891,24.0,14.79,87.59,5.55,80.81,5.29,12.85,Sí,Administración,4.13
STU-10375,18.0,8.36,88.56,5.89,64.79,9.19,7.84,No,Administración,3.76
STU-14899,22.0,7.28,86.16,5.88,72.56,9.4,8.67,Sí,Ingeniería Informática,4.22
STU-14361,19.0,9.54,,3.49,,8.05,2.38,No,Ingeniería Industrial,2.29
STU-10266,22.0,9.15,85.38,6.35,93.32,6.17,,Sí,Ingeniería Informática,4.42
STU-12673,21.0,16.36,94.95,6.28,100.0,8.2,11.86,No,Administración,5.55
STU-14917,27.0,22.29,99.77,6.91,95.63,7.94,3.77,Sí,Ingeniería Industrial,6.04
STU-12895,25.0,17.03,91.88,5.11,100.0,7.86,4.2,No,Ingeniería Civil,3.98
STU-13813,25.0,15.03,92.09,,100.0,7.37,8.1,Sí,Contador Auditor,6.11
STU-13971,18.0,10.48,88.09,5.25,83.63,6.8,6.64,No,,3.56
STU-10727,19.0,21.16,100.0,6.34,,7.96,3.67,Sí,Ingeniería Civil,5.71
STU-11453,23.0,14.14,75.54,6.66,67.87,7.75,11.76,Sí,Ingeniería Industrial,4.54
STU-13263,23.0,15.45,91.07,6.25,88.66,8.83,12.26,No,Ingeniería Civil,6.0
STU-12151,22.0,9.74,81.15,5.87,81.99,7.51,6.42,Sí,Administración,4.31
STU-13830,31.0,18.26,95.03,6.78,97.82,6.18,5.47,No,Administración,4.85
STU-12171,26.0,8.88,86.84,6.43,71.25,7.47,4.97,No,Ingeniería Industrial,4.88
STU-11107,28.0,4.94,81.86,5.54,63.54,,1.87,No,Ingeniería Industrial,3.55
STU-12685,23.0,2.98,76.16,5.5,52.28,7.11,11.12,No,Contador Auditor,2.73
STU-13375,23.0,14.68,100.0,5.12,100.0,7.9,1.16,No,Ingeniería Informática,5.19
STU-12477,21.0,1.0,81.07,5.32,81.6,7.3,6.79,Sí,Administración,2.97
STU-14987,27.0,1.16,78.97,5.17,57.67,7.92,4.67,No,Ingeniería Industrial,2.18
STU-10151,21.0,9.75,75.02,5.43,83.02,7.05,8.28,Sí,Ingeniería Informática,4.05
STU-11572,28.0,15.36,90.99,6.07,95.23,6.56,2.64,Sí,Ingeniería Informática,5.51
STU-14883,25.0,,95.22,6.45,100.0,5.84,7.8,No,Ingeniería Informática,5.1
STU-14368,25.0,11.3,93.63,5.38,96.17,5.76,8.57,Sí,Ingeniería Industrial,4.2
STU-11679,24.0,11.28,91.81,6.41,70.14,6.77,6.48,Sí,Ingeniería Civil,3.99
STU-13679,25.0,5.83,84.35,5.08,,7.81,13.25,No,Ingeniería Industrial,3.79
STU-12995,22.0,20.76,100.0,6.77,100.0,8.32,11.04,Sí,Ingeniería Informática,6.63
STU-11511,26.0,15.28,91.79,6.45,100.0,8.81,1.97,No,Administración,5.37
STU-12064,19.0,10.55,79.9,6.21,88.53,6.53,18.0,Sí,Ingeniería Civil,3.74
STU-11051,18.0,17.17,100.0,,90.99,6.21,9.13,Sí,Ingeniería Informática,4.57
STU-13053,22.0,12.01,99.15,5.74,90.92,8.69,1.05,No,Ingeniería Industrial,4.49
STU-11752,31.0,3.46,69.55,4.79,45.28,6.58,5.19,No,Ingeniería Industrial,2.14
STU-13482,22.0,12.08,,5.49,99.47,9.55,11.09,Sí,Ingeniería Informática,4.85
STU-10046,20.0,9.86,,6.49,69.55,7.11,,Sí,Administración,4.34
STU-13514,29.0,2.77,,5.17,65.02,7.06,8.53,Sí,Ingeniería Industrial,3.84
STU-13249,24.0,17.29,88.96,5.39,88.62,6.32,2.37,No,Ingeniería Civil,3.78
STU-11278,20.0,22.55,100.0,6.94,100.0,7.62,7.22,No,Administración,5.7
STU-10883,18.0,22.69,100.0,6.56,100.0,6.29,6.04,No,Ingeniería Informática,5.07
STU-14333,29.0,16.87,89.14,5.54,94.14,6.11,4.33,No,Ingeniería Informática,4.72
STU-14477,23.0,12.82,92.33,6.07,100.0,6.48,2.61,No,Ingeniería Civil,4.53
STU-10094,22.0,11.09,66.9,4.99,65.24,5.94,18.0,Sí,Administración,2.87
STU-10393,22.0,14.78,93.02,5.92,99.25,6.35,4.48,No,Administración,5.65
STU-13867,24.0,4.43,93.15,5.11,77.64,7.99,2.25,NO,Ingeniería Informática,2.98
STU-10633,24.0,12.08,70.29,4.91,74.4,7.72,5.96,No,Administración,4.05
STU-13544,22.0,4.56,96.27,6.43,66.82,8.45,2.18,No,Administración,4.08
STU-10560,19.0,10.77,94.38,4.76,81.28,7.7,3.91,No,Ingeniería Informática,4.82
STU-10409,22.0,8.68,87.19,5.31,73.58,7.35,8.79,No,Ingeniería Civil,3.48
STU-12866,18.0,9.75,89.71,6.46,100.0,5.97,2.78,No,Ingeniería Informática,4.1
STU-14031,25.0,10.93,93.32,6.69,97.41,6.35,6.39,Sí,Ingeniería Civil,4.4
STU-14532,22.0,12.88,93.78,6.46,94.78,7.01,2.28,Sí,Ingeniería Informática,3.92
STU-12725,23.0,8.59,79.49,5.37,81.82,8.85,6.77,No,Ingeniería Industrial,3.95
STU-13196,23.0,7.4,84.42,6.36,96.27,7.65,8.96,Sí,Ingeniería Civil,4.13
STU-11873,20.0,13.1,93.76,5.27,89.4,8.24,11.81,No,Contador Auditor,3.81
STU-11323,20.0,10.07,78.51,6.33,68.8,6.21,2.25,No,Ingeniería Civil,3.61
STU-14370,21.0,8.38,75.52,5.17,76.88,7.34,4.97,No,Ingeniería Informática,3.17
STU-11504,30.0,1.0,69.67,4.6,68.01,4.31,13.77,No,Ingeniería Industrial,2.07
STU-12093,19.0,7.22,100.0,6.42,62.95,4.14,10.31,No,Administración,3.05
STU-14139,23.0,13.33,84.67,5.18,83.7,5.7,2.27,No,Contador Auditor,4.38
STU-14395,32.0,14.56,100.0,6.23,100.0,4.74,9.5,No,Contador Auditor,5.2
STU-10041,19.0,8.93,81.33,6.11,75.63,6.44,1.93,Sí,Ingeniería Civil,4.46
STU-10586,24.0,11.2,69.44,3.54,100.0,6.23,9.85,No,Ingeniería Industrial,2.98
STU-10600,19.0,10.05,71.8,5.77,96.3,7.43,12.42,Sí,Administración,4.63
STU-13886,26.0,11.88,97.18,4.82,90.58,3.79,6.41,No,Ingeniería Civil,3.74
STU-10712,25.0,14.02,78.46,5.53,93.71,7.08,5.16,No,Ingeniería Informática,3.98
STU-14351,20.0,7.75,72.54,5.51,84.37,6.47,7.6,Sí,Ingeniería Informática,3.94
STU-14056,21.0,15.48,85.88,5.51,100.0,4.93,4.06,No,Contador Auditor,4.04
STU-14486,25.0,15.46,88.12,5.69,100.0,5.13,,Sí,Ingeniería Industrial,4.61
STU-12025,26.0,11.01,87.98,6.09,84.24,8.63,7.55,No,Ingeniería Informática,4.51
STU-12945,21.0,6.8,,6.61,75.57,,6.01,Sí,Ingeniería Informática,4.49
STU-14792,21.0,6.1,80.41,6.01,52.64,8.35,11.94,No,Ingeniería Informática,3.24
STU-10199,32.0,12.11,89.73,6.0,81.92,8.15,2.42,Sí,Ingeniería Informática,4.54
STU-11503,28.0,11.57,87.37,6.1,63.93,8.94,2.12,No,Ingeniería Industrial,3.7
STU-14754,20.0,11.1,76.82,5.9,68.23,,15.93,No,Ingeniería Industrial,2.38
STU-12734,24.0,16.64,78.44,6.33,90.15,6.13,1.33,No,Administración,4.67
STU-11623,27.0,8.27,,5.91,58.52,7.1,8.64,No,Ingeniería Informática,4.0
STU-13427,25.0,14.9,66.87,,78.08,7.92,7.58,Sí,Administración,4.61
STU-13272,,17.45,96.9,6.03,100.0,5.92,0.94,No,Administración,4.63
STU-10921,18.0,10.48,91.84,5.98,97.3,,4.55,No,Ingeniería Civil,4.33
STU-13151,18.0,13.21,86.28,4.25,85.53,8.47,1.76,No,Ingeniería Informática,3.54
STU-14668,21.0,11.39,87.92,5.8,77.36,7.04,2.71,No,Ingeniería Industrial,4.27
STU-13424,27.0,10.0,83.19,5.99,96.77,8.14,4.71,Sí,Administración,4.31
STU-11257,26.0,12.66,83.82,4.77,85.71,8.19,38.20075151022101,No,Ingeniería Civil,4.53
STU-11195,26.0,15.32,92.21,5.36,100.0,7.15,2.77,No,Ingeniería Civil,4.84
STU-13972,18.0,,93.43,6.05,100.0,7.69,2.38,No,Ingeniería Industrial,4.93
STU-11883,21.0,13.61,87.98,4.91,100.0,9.2,2.72,No,Ingeniería Informática,4.54
STU-11678,28.0,13.58,89.28,6.21,89.4,5.28,2.32,No,Ingeniería Civil,4.45
STU-14930,19.0,14.04,65.31,5.74,59.68,6.85,5.87,Sí,Ingeniería Civil,3.28
STU-14380,20.0,5.08,60.03,5.6,54.14,4.98,,Sí,Ingeniería Civil,2.67
STU-11713,21.0,9.87,89.0,5.89,91.5,9.04,4.48,Sí,Administración,4.62
STU-10971,21.0,17.3,88.76,5.93,93.36,8.31,8.37,No,Ingeniería Industrial,3.67
STU-10179,18.0,7.65,,5.29,94.54,5.97,5.22,No,Ingeniería Civil,3.94
STU-12807,27.0,11.17,76.21,5.18,80.9,8.33,3.42,No,Ingeniería Industrial,3.76
STU-14210,70.0,7.04,72.31,6.44,77.26,5.61,9.07,SÍ ,Ingeniería Civil,3.88
STU-12311,21.0,7.0,72.16,5.58,56.42,7.73,13.89,Sí,Ingeniería Industrial,3.49
STU-14684,19.0,13.99,82.15,6.45,86.76,6.43,3.83,Sí,Ingeniería Informática,4.86
STU-13283,26.0,1.0,78.7,5.52,59.23,6.83,7.61,No,Ingeniería Informática,3.34
STU-11215,23.0,10.47,82.12,6.11,97.68,6.4,2.74,Sí,Contador Auditor,4.82
STU-13231,23.0,11.2,95.09,5.94,84.15,4.91,6.36,No,Ingeniería Informática,4.69
STU-14113,28.0,14.77,91.13,6.54,82.03,9.56,8.77,No,Ingeniería Informática,4.67
STU-13298,29.0,6.07,78.93,5.31,66.06,5.68,11.0,Sí,Administración,3.6
STU-14672,25.0,14.61,98.95,7.0,80.23,9.54,9.05,Sí,Ingeniería Civil,5.08
STU-14089,18.0,16.51,80.49,6.32,97.03,9.68,4.37,No,Contador Auditor,4.88
STU-12006,22.0,14.09,95.77,5.32,100.0,6.91,4.95,No,Contador Auditor,4.46
STU-14262,22.0,11.56,89.63,5.91,91.25,6.49,5.68,Sí,Ingeniería Civil,4.51
STU-10719,,10.21,,6.5,100.0,9.34,2.65,No,Contador Auditor,5.56
STU-12384,23.0,7.68,88.03,6.45,95.48,5.82,5.15,No,Administración,4.66
STU-11141,28.0,5.7,,5.12,61.77,7.68,9.89,No,Ingeniería Industrial,2.56
STU-10172,27.0,10.86,79.67,6.43,100.0,6.53,,No,Administración,6.31
STU-13165,25.0,7.51,74.18,4.84,70.34,6.67,4.85,No,Ingeniería Industrial,2.85
STU-13803,26.0,10.98,100.0,7.0,100.0,6.48,8.34,No,Ingeniería Industrial,4.92
STU-12894,29.0,6.27,82.66,5.53,94.31,6.45,3.91,No,Ingeniería Informática,3.5
STU-12138,18.0,9.51,92.15,5.63,78.35,7.34,9.92,No,Ingeniería Civil,4.06
STU-13337,29.0,5.41,80.72,5.11,53.46,6.6,4.0,No,Ingenieria Informatica,2.62
STU-13943,23.0,12.95,85.49,4.66,97.22,9.24,2.78,No,Administración,4.65
STU-13559,24.0,2.54,68.35,5.74,53.95,6.55,5.27,Sí,Ingeniería Informática,2.73
STU-13709,19.0,3.16,80.36,4.86,76.45,9.24,1.8,Sí,Ingeniería Civil,2.85
STU-14280,24.0,11.1,83.89,5.78,85.36,8.74,14.82,Sí,Ingeniería Civil,4.86
STU-11529,20.0,13.35,65.44,4.97,79.14,7.59,2.29,Sí,Ingeniería Informática,3.26
STU-11014,22.0,9.59,60.83,4.98,87.19,5.49,,No,Ingeniería Informática,3.26
STU-13699,25.0,9.12,,6.19,64.16,9.6,3.22,No,Ingeniería Civil,3.78
STU-11004,18.0,16.36,86.72,7.0,100.0,6.34,3.44,Sí,Administración,5.61
STU-10218,22.0,6.18,74.24,4.4,50.89,9.5,5.53,No,Ingeniería Civil,2.3
STU-10089,32.0,12.34,83.46,5.37,88.45,7.07,17.14,No,Ingeniería Informática,3.65
STU-10642,24.0,12.51,97.48,6.21,91.99,9.04,8.94,No,Ingeniería Industrial,3.31
STU-14551,22.0,8.02,87.74,5.95,49.14,6.81,7.73,Sí,Contador Auditor,3.59
STU-11298,21.0,12.49,97.16,6.37,90.61,4.74,4.96,No,Ingeniería Industrial,4.49
STU-13132,27.0,16.16,76.87,5.83,87.54,8.88,9.52,No,Ingeniería Informática,4.54
STU-10002,28.0,7.47,87.73,5.76,76.95,8.74,2.69,No,Ingeniería Industrial,3.78
STU-11634,30.0,13.92,,4.99,96.94,7.07,8.09,No,Administración,4.07
STU-12265,20.0,16.76,94.66,6.95,94.42,5.1,8.97,No,Administración,5.15
STU-11510,26.0,15.05,86.82,5.78,100.0,8.45,8.51,No,Administración,4.59
STU-10809,21.0,9.59,,5.76,86.39,5.29,6.22,No,Ingeniería Informática,3.86
STU-10803,18.0,6.78,,5.85,76.26,8.49,,Sí,Ingeniería Civil,4.24
STU-14569,18.0,20.91,94.14,5.64,100.0,6.38,9.34,No,Contador Auditor,4.81
STU-10506,24.0,13.44,83.65,,90.95,6.51,,Sí,Ingeniería Informática,5.59
STU-13833,21.0,17.33,94.47,6.63,100.0,5.77,4.35,No,Ingeniería Informática,5.48
STU-10185,26.0,18.19,100.0,6.52,100.0,6.0,0.5,Sí,Ingeniería Civil,5.71
STU-10975,20.0,17.48,98.32,6.34,100.0,6.02,7.35,No,Ingeniería Industrial,5.6
STU-10580,24.0,5.29,,5.57,84.25,6.16,10.91,No,Ingeniería Informática,3.6
STU-10346,22.0,15.19,83.14,6.11,94.91,5.48,5.17,No,Ingeniería Industrial,3.92
STU-13266,21.0,2.86,93.28,4.77,52.12,6.79,6.45,No,Contador Auditor,2.08
STU-12042,23.0,3.98,72.06,4.71,83.49,8.09,11.92,No,Ingeniería Civil,2.72
STU-13403,18.0,19.02,95.38,5.85,100.0,6.69,11.08,No,Ingeniería Civil,5.12
STU-13324,27.0,,76.94,6.35,88.02,9.1,3.34,Sí,Ingeniería Civil,4.87
STU-10793,23.0,13.95,92.91,6.97,100.0,,3.66,No,Administración,5.42
STU-11994,21.0,15.06,79.14,5.91,87.88,4.26,9.22,Sí,Administración,3.67
STU-13725,27.0,10.65,86.28,6.06,81.37,5.69,11.27,No,Ingeniería Industrial,4.84
STU-11475,26.0,8.28,65.1,5.07,79.31,8.74,6.42,No,Ingeniería Informática,2.79
STU-13171,26.0,18.8,94.39,6.93,100.0,7.8,3.42,Sí,Ingeniería Informática,6.15
STU-12768,20.0,19.48,100.0,6.28,95.33,6.85,8.65,No,Ingeniería Industrial,5.0
STU-11625,24.0,14.23,84.56,5.94,100.0,4.93,2.68,Sí,Ingeniería Civil,4.2
STU-12385,20.0,13.2,75.23,6.02,86.62,6.62,2.6,No,Administración,4.05
STU-14972,20.0,17.01,97.4,5.84,99.95,7.64,2.99,No,Administración,4.91
STU-11357,28.0,12.74,85.73,5.42,100.0,8.35,4.12,No,Ingeniería Industrial,4.29
STU-13693,28.0,12.35,,6.23,100.0,5.97,4.67,No,Contador Auditor,3.85
STU-12748,30.0,16.86,76.48,6.14,93.17,,4.06,No,Ingeniería Industrial,4.95
STU-11815,18.0,5.77,98.72,5.55,84.57,7.36,5.17,,Ingeniería Informática,4.31
STU-10649,22.0,2.32,79.33,5.92,58.94,6.08,8.81,Sí,Ingeniería Civil,2.23
STU-10750,21.0,7.13,85.61,6.03,80.58,7.95,2.14,No,Ingeniería Civil,3.34
STU-13103,29.0,21.19,97.87,6.35,100.0,6.07,2.99,No,Contador Auditor,5.2
STU-13705,27.0,23.26,93.49,6.63,100.0,9.16,7.58,No,Ingeniería Informática,5.93
STU-13113,25.0,11.49,79.49,4.3,78.67,6.55,4.1,No,Ingeniería Civil,3.77
STU-14659,26.0,15.01,100.0,6.81,94.22,7.39,5.05,No,Contador Auditor,5.16
STU-10859,26.0,11.22,66.97,3.9,94.65,6.87,9.89,No,Administración,2.83
STU-11776,23.0,9.39,94.33,6.28,83.42,6.57,3.74,Sí,Contador Auditor,4.79
STU-12699,20.0,11.83,92.16,5.31,67.44,7.38,7.68,No,Ingeniería Industrial,3.48
STU-11266,20.0,16.14,91.02,5.93,,6.11,2.39,No,Ingeniería Informática,5.09
STU-12249,20.0,11.31,89.39,5.85,100.0,9.45,18.0,No,Ingeniería Informática,5.56
STU-11794,19.0,7.14,79.15,4.5,74.67,8.92,8.2,Sí,Contador Auditor,2.68
STU-13251,,14.2,96.94,5.64,100.0,8.42,1.14,Sí,Ingeniería Industrial,4.94
STU-13542,29.0,6.94,73.99,3.97,60.31,8.61,4.12,No,Ingeniería Civil,2.99
STU-13517,23.0,18.74,100.0,6.61,100.0,6.41,7.07,Sí,Ingeniería Industrial,5.15
STU-12212,18.0,13.54,85.66,5.93,80.54,6.26,4.75,No,Contador Auditor,3.71
STU-14517,,5.09,72.25,,61.12,7.05,5.12,No,Ingeniería Informática,2.1
STU-13785,22.0,20.71,100.0,6.77,100.0,9.17,3.63,No,Contador Auditor,5.56
STU-12122,31.0,1.0,72.83,4.63,39.04,9.71,11.81,No,Administración,2.94
STU-10846,21.0,19.82,91.64,6.56,100.0,8.7,2.95,No,Administración,5.03
STU-10571,24.0,,80.79,6.13,97.35,5.82,7.77,No,Contador Auditor,4.67
STU-14860,24.0,12.79,81.68,5.1,92.87,7.35,12.33,No,Ingeniería Civil,4.21
STU-11861,18.0,6.81,77.51,7.0,51.68,8.3,3.36,No,Ingeniería Civil,4.23
STU-14278,27.0,9.97,90.89,6.34,97.86,8.68,1.55,Sí,Ingeniería Civil,5.18
STU-11324,27.0,6.91,90.92,5.47,69.53,8.83,5.69,Sí,Ingeniería Informática,4.77
STU-13836,21.0,8.55,87.46,6.02,100.0,5.05,4.35,No,Ingeniería Informática,4.52
STU-12790,22.0,,81.33,6.27,78.18,4.53,6.88,Sí,Administración,4.09
STU-12419,26.0,9.12,82.57,5.47,76.88,8.06,4.87,No,Administración,4.15
STU-10042,25.0,58.78378903049304,85.35,6.14,89.17,6.43,18.0,No,Ingeniería Industrial,4.19
STU-11120,23.0,8.67,91.31,5.66,89.67,8.03,7.16,Sí,Ingeniería Informática,4.6
STU-12578,22.0,13.47,87.51,6.59,81.97,8.5,7.32,No,Ingeniería Informática,4.27
STU-12336,28.0,4.6,75.66,4.53,73.44,6.96,14.44,No,Ingeniería Industrial,2.76
STU-12863,19.0,18.14,94.84,6.82,89.91,3.86,1.6,No,Ingeniería Industrial,4.79
STU-11119,18.0,14.0,90.13,6.15,97.69,7.25,2.36,Sí,Ingeniería Industrial,4.59
STU-12842,20.0,11.66,90.22,5.93,93.86,,7.59,No,Ingeniería Informática,5.4
STU-13937,30.0,17.21,98.96,6.22,100.0,7.0,3.95,No,Ingeniería Informática,5.07
STU-11069,33.0,17.47,89.42,4.94,88.52,7.7,3.65,Sí,Ingeniería Civil,4.52
STU-14612,24.0,10.34,91.56,6.06,87.07,8.22,7.76,No,Ingeniería Industrial,4.37
STU-12038,20.0,17.15,92.36,5.12,96.42,,10.41,Sí,Ingeniería Industrial,5.21
STU-13055,26.0,9.08,86.32,6.01,85.74,6.96,2.47,Sí,Ingeniería Industrial,4.36
STU-13388,18.0,17.76,63.3,4.9,93.42,5.4,1.44,Sí,Ingeniería Civil,3.43
STU-13916,23.0,19.18,97.53,6.11,100.0,5.69,2.74,No,Contador Auditor,4.43
STU-13990,21.0,12.35,102.85983151143844,4.45,100.0,7.05,,No,Ingeniería Informática,4.66
STU-14005,21.0,11.05,90.74,5.45,91.86,6.47,6.73,Sí,Administración,5.01
STU-10264,18.0,9.54,90.32,4.96,100.0,7.29,5.38,No,Ingeniería Informática,4.03
STU-12858,20.0,7.36,74.92,5.31,73.34,6.89,12.2,No,Ingeniería Industrial,2.19
STU-11613,22.0,12.81,85.53,5.71,100.0,5.36,8.7,No,Ingeniería Civil,4.37
STU-13459,24.0,14.79,78.82,5.3,100.0,6.96,5.96,No,Ingeniería Informática,4.55
STU-11159,24.0,13.06,72.05,5.49,54.96,5.97,16.3,No,Contador Auditor,2.78
STU-11967,19.0,10.08,65.55,4.28,59.73,8.24,0.77,No,Ingeniería Civil,2.43
STU-12198,29.0,9.46,88.42,4.54,74.33,4.67,8.48,Sí,Ingeniería Informática,3.49
STU-10742,25.0,7.76,98.52,4.51,96.58,9.28,10.52,No,Administración,-1.459831783533232
STU-12262,26.0,11.28,75.42,5.58,95.84,5.91,8.7,No,Ingeniería Informática,2.94
STU-12111,25.0,12.39,66.85,5.68,98.73,8.24,1.33,No,Administración,3.66
STU-14401,30.0,12.83,91.01,5.72,93.96,7.56,1.56,No,Contador Auditor,4.64
STU-13405,24.0,19.35,96.95,6.84,85.72,9.67,4.8,Sí,Ingeniería Industrial,5.63
STU-13340,18.0,8.93,88.32,4.7,91.13,5.18,4.06,No,Ingeniería Civil,3.29
STU-14137,22.0,9.87,79.64,5.77,75.91,7.4,9.47,No,Ingeniería Informática,4.21
STU-13512,21.0,8.28,100.0,5.48,66.61,5.62,5.22,No,Ingeniería Informática,3.91
STU-11712,22.0,3.17,65.78,4.84,72.2,7.45,6.29,No,Ingeniería Informática,3.15
STU-14710,18.0,4.37,70.78,,63.98,7.39,6.63,No,Ingeniería Civil,2.12
STU-13975,21.0,7.28,64.39,5.11,87.32,6.74,10.4,No,Administración,3.52
STU-12481,19.0,6.81,83.76,6.57,96.65,7.27,4.85,Sí,Ingeniería Civil,4.55
STU-11321,26.0,18.57,90.34,7.0,,7.23,9.82,Sí,Administración,5.58
STU-12141,23.0,1.0,73.06,5.41,69.71,4.22,5.69,Sí,Ingeniería Industrial,2.35
STU-13602,33.0,13.01,80.84,5.57,81.7,6.64,5.38,No,Ingeniería Civil,4.0
STU-13767,22.0,19.14,75.77,5.94,87.47,5.23,1.74,No,Administración,4.57
STU-14500,23.0,18.31,76.31,5.72,93.72,6.6,1.53,No,Administración,4.38
STU-11571,21.0,5.89,66.82,3.79,75.55,6.61,5.69,No,Administración,3.4
STU-12865,32.0,8.39,79.34,6.36,87.33,7.55,0.86,No,Contador Auditor,4.59
STU-10946,25.0,1.53,78.46,5.73,59.57,,2.47,No,Administración,2.93
STU-13096,29.0,11.05,78.17,5.4,,7.4,8.09,No,Ingeniería Industrial,4.11
STU-12587,27.0,11.85,70.34,6.35,86.85,7.56,,,Ingeniería Industrial,3.34
STU-12963,23.0,7.2,71.31,,87.59,5.22,10.87,No,Ingeniería Industrial,4.01
STU-10411,22.0,5.33,95.69,6.07,79.67,9.33,11.35,Sí,Ingeniería Informática,4.33
STU-12182,25.0,10.97,83.59,5.68,97.68,8.54,5.43,No,Ingeniería Industrial,4.35
STU-10538,29.0,,77.4,6.2,75.06,8.12,18.0,No,Ingeniería Industrial,3.83
STU-11297,34.0,11.43,100.0,5.24,94.66,7.07,6.95,No,Contador Auditor,5.09
STU-11366,25.0,1.27,56.24,5.42,31.01,7.39,6.0,Sí,Ingeniería Civil,1.65
STU-12192,27.0,20.2,80.07,7.0,80.23,6.39,5.57,No,Ingeniería Industrial,4.35
STU-12325,19.0,7.69,70.55,5.63,70.38,9.63,5.25,No,Ingeniería Civil,3.3
STU-10940,19.0,16.55,75.75,4.96,76.12,8.28,13.17,No,Ingeniería Informática,4.24
STU-10962,23.0,8.18,60.06,4.08,,7.57,1.5,,Ingeniería Informática,2.8
STU-11017,22.0,6.66,76.6,5.59,62.25,7.46,8.4,No,Ingeniería Civil,3.36
STU-11528,26.0,8.05,67.2,6.45,79.18,8.02,8.25,Sí,Administración,4.31
STU-10389,21.0,11.24,91.67,4.8,100.0,6.12,18.0,Sí,Contador Auditor,4.27
STU-10753,22.0,6.24,100.0,6.62,86.71,6.4,5.78,No,Ingeniería Industrial,5.18
STU-13843,23.0,13.32,68.42,6.76,87.7,5.82,4.92,No,Ingeniería Civil,4.37
STU-14478,26.0,19.8,85.54,5.32,100.0,4.92,5.0,No,Ingeniería Industrial,4.48
STU-14989,22.0,7.6,72.59,5.86,69.56,8.05,2.5,No,Ingeniería Industrial,2.5
STU-13057,25.0,,90.61,5.91,100.0,7.89,62.53980741199114,Sí,Ingeniería Informática,4.23
STU-10256,20.0,8.3,66.32,5.71,81.73,6.77,2.66,No,Ingeniería Informática,3.19
STU-13547,21.0,5.21,72.83,3.64,48.0,7.23,5.55,No,Ingeniería Informática,2.06
STU-10108,27.0,11.05,99.82,5.4,95.01,7.34,8.11,No,Ingeniería Civil,3.65
STU-11851,20.0,9.92,88.73,5.38,78.79,7.74,2.49,Sí,Contador Auditor,3.82
STU-14199,21.0,1.65,74.37,5.37,54.48,7.26,8.2,No,Contador Auditor,1.39
STU-10796,26.0,8.31,83.16,6.16,95.67,7.72,3.75,No,Ingeniería Informática,4.57
STU-11018,22.0,10.88,98.46,6.31,100.0,7.1,7.92,No,Ingeniería Informática,5.33
STU-10934,20.0,5.16,,7.0,65.88,5.11,2.62,No,Ingeniería Informática,3.79
STU-10694,25.0,13.15,79.97,6.16,100.0,5.72,6.65,No,Ingeniería Industrial,3.86
STU-11218,24.0,19.96,94.64,6.33,100.0,8.6,4.23,No,Administración,5.77
STU-11649,19.0,14.92,90.33,6.1,78.76,4.86,2.53,No,Ingeniería Informática,4.18
STU-10829,21.0,,72.77,4.63,82.19,7.5,7.0,No,Ingeniería Industrial,3.82
STU-14764,26.0,17.91,92.61,5.54,89.58,6.29,4.5,Sí,Administración,4.57
STU-10324,19.0,14.38,93.03,6.28,100.0,5.56,3.7,Sí,Ingeniería Industrial,5.39
STU-13871,29.0,18.19,81.74,5.19,98.86,7.65,3.9,No,Ingeniería Informática,4.03
STU-12364,27.0,15.28,100.0,5.71,100.0,6.95,6.08,No,INGENIERÍA INFORMÁTICA,4.44
STU-10608,18.0,11.82,99.28,5.52,91.76,8.01,6.2,Sí,Ingeniería Industrial,4.18
STU-12197,30.0,15.64,89.96,6.49,96.94,5.74,3.65,Sí,Contador Auditor,4.32
STU-10418,23.0,13.46,,5.56,88.41,7.24,,No,Ingeniería Civil,4.56
STU-14158,25.0,,93.3,4.57,89.56,8.12,3.49,No,,4.48
STU-10628,25.0,12.83,,5.36,94.22,5.58,5.97,No,Administración,4.02
STU-11714,20.0,5.44,86.58,6.73,77.66,7.29,7.5,No,Ingeniería Informática,4.15
STU-12776,18.0,11.54,94.18,5.39,96.03,6.49,6.37,Sí,Ingeniería Informática,4.62
STU-10290,,11.89,92.42,5.62,100.0,9.39,5.75,Sí,Ingeniería Industrial,4.17
STU-14504,24.0,10.23,89.74,5.41,88.75,7.57,6.17,No,Ingeniería Civil,4.95
STU-14878,25.0,12.06,89.34,5.73,89.6,8.1,2.07,No,Administración,4.1
STU-13942,27.0,18.83,92.51,5.22,94.15,6.66,10.14,No,Ingeniería Civil,3.92
STU-10804,20.0,12.67,96.31,5.9,92.59,5.53,9.67,No,Ingeniería Informática,4.62
STU-14657,23.0,8.5,68.56,4.56,64.14,7.62,6.96,No,Ingeniería Informática,2.96
STU-14610,19.0,10.33,90.28,6.22,100.0,6.67,2.52,Sí,Ingeniería Industrial,4.69
STU-13304,25.0,17.6,95.41,5.3,100.0,8.14,6.99,Sí,Administración,5.06
STU-10332,27.0,13.96,87.67,5.23,100.0,5.36,3.09,Sí,Ingeniería Civil,4.55
STU-14419,32.0,10.11,95.71,5.25,100.0,5.8,6.23,,Contador Auditor,5.09
STU-11250,25.0,9.91,83.14,4.86,93.65,6.72,5.11,No,Ingeniería Informática,3.78
STU-11705,26.0,12.97,92.51,,100.0,5.82,10.54,No,Ingeniería Civil ,5.01
STU-14437,21.0,10.95,91.86,5.91,86.09,6.82,14.66,No,Contador Auditor,4.51
STU-12996,21.0,16.9,87.68,5.88,91.2,6.69,14.91,No,Ingeniería Civil,4.69
STU-10771,27.0,9.89,78.15,6.15,70.96,5.67,9.48,No,Ingeniería Civil,2.82
STU-12270,26.0,15.88,83.32,4.52,100.0,7.49,6.92,No,Administración,4.12
STU-10392,27.0,10.93,91.9,5.96,82.93,8.21,13.59,No,Administración,3.76
STU-13238,27.0,8.08,66.0,6.1,62.21,5.17,9.9,No,Ingeniería Industrial,3.51
STU-12359,29.0,12.52,92.77,6.8,99.76,6.84,,,Ingeniería Civil,5.8
STU-12327,22.0,18.25,79.72,5.79,91.53,4.65,11.5,,Ingeniería Informática,4.67
STU-14718,21.0,10.7,82.64,5.61,75.7,8.56,0.74,Sí,Ingeniería Civil,4.59
STU-14859,30.0,22.27,94.0,5.56,100.0,7.83,5.66,No,Ingeniería Industrial,4.84
STU-12238,22.0,14.47,79.42,6.39,83.74,7.56,1.1,Sí,Contador Auditor,4.4
STU-12334,24.0,7.56,72.23,6.37,91.32,,2.95,Sí,Ingeniería Industrial,4.19
STU-13095,24.0,10.66,100.0,3.93,99.8,6.64,5.62,No,Ingeniería Informática,3.64
STU-12237,24.0,11.38,75.88,6.14,75.76,6.99,11.94,No,Ingeniería Civil,3.64
STU-10063,30.0,18.19,91.83,6.43,100.0,7.16,3.04,Sí,Ingeniería Industrial,4.9
STU-11728,,16.03,71.65,6.44,98.75,5.89,4.78,No,Ingeniería Informática,4.3
STU-14167,28.0,10.92,99.11,5.97,89.4,6.56,15.21,Sí,Contador Auditor,5.4
STU-10738,28.0,13.1,88.79,6.07,81.28,5.64,6.82,No,Ingeniería Informática,4.62
STU-14057,28.0,8.59,76.44,4.77,87.92,7.47,5.2,No,Administración,3.37
STU-10165,28.0,16.03,98.61,5.81,91.46,6.9,6.31,No,Ingeniería Industrial,4.74
STU-11868,18.0,11.53,83.61,4.97,75.36,8.68,12.3,No,Ingeniería Civil,2.98
STU-14759,20.0,17.61,100.0,5.98,98.94,6.24,3.89,No,Ingeniería Industrial,4.26
STU-12834,18.0,5.09,74.54,4.94,60.19,8.06,4.85,Sí,Ingeniería Informática,3.81
STU-13370,28.0,5.08,86.31,5.87,90.69,8.41,4.5,No,Ingeniería Informática,4.64
STU-10213,24.0,15.18,71.06,5.66,80.08,8.25,2.88,Sí,Ingeniería Informática,4.14
STU-10060,22.0,12.12,91.7,5.97,91.93,10.29,9.37,No,Administración,4.84
STU-10074,24.0,17.55,100.0,6.34,100.0,5.32,8.89,Sí,Administración,5.22
STU-11052,31.0,4.99,90.91,5.5,64.99,7.68,9.25,No,Ingeniería Informática,3.44
STU-14681,23.0,1.0,75.71,5.87,57.93,6.86,12.33,No,Administración,3.11
STU-13200,27.0,,80.91,,80.89,8.53,3.87,No,Ingeniería Civil,2.94
STU-12943,23.0,10.7,89.6,4.68,100.0,7.26,7.27,No,Ingeniería Civil,3.56
STU-14557,22.0,6.68,,5.78,63.33,7.16,1.86,,Ingeniería Civil,2.21
STU-10242,23.0,18.98,91.59,6.28,95.81,8.08,6.56,Sí,Ingeniería Industrial,5.55
STU-10955,19.0,10.51,85.42,6.33,99.14,8.17,7.08,No,Administración,5.48
STU-14163,18.0,15.06,91.75,5.98,100.0,6.15,3.46,Sí,Contador Auditor,5.41
STU-13386,24.0,16.3,79.29,5.0,83.23,6.8,8.25,Sí,Ingeniería Civil,3.48
STU-13078,28.0,8.92,89.35,5.37,70.48,5.4,3.11,Sí,Ingeniería Industrial,3.2
STU-10791,22.0,16.03,82.17,6.1,77.43,7.19,4.32,No,Ingeniería Industrial,4.55
STU-10093,24.0,11.05,82.7,5.64,85.36,7.56,2.11,No,Ingeniería Industrial,3.39
STU-13501,21.0,12.32,100.0,6.96,100.0,7.28,3.96,Sí,Ingeniería Civil,5.61
STU-13899,28.0,15.95,,6.02,96.45,7.2,6.67,No,Ingeniería Civil,4.51
STU-14804,28.0,6.75,89.45,5.08,80.36,7.29,3.87,Sí,Ingeniería Informática,4.97
STU-12288,21.0,8.71,79.86,4.78,76.3,6.7,2.4,Sí,Ingeniería Industrial,2.59
STU-13020,25.0,9.66,84.54,6.3,86.53,6.72,6.77,Sí,Ingeniería Industrial,3.94
STU-14450,26.0,10.48,88.07,5.91,89.97,6.58,12.36,No,Contador Auditor,3.85
STU-11439,31.0,14.12,85.52,4.96,100.0,8.14,3.53,No,Ingeniería Informática,4.65
STU-12352,26.0,13.82,100.0,6.24,100.0,5.57,,No,Administración,4.39
STU-12818,20.0,75.41612202157106,100.0,6.41,91.83,5.8,6.0,No,Ingeniería Industrial,5.52
STU-12730,24.0,14.31,92.6,5.06,96.52,6.22,3.4,Sí,Ingeniería Informática,4.27
STU-12897,21.0,10.34,89.99,5.71,100.0,5.06,4.45,No,Ingeniería Civil,3.78
STU-14179,26.0,19.73,89.87,6.09,83.81,6.61,2.01,No,Ingeniería Industrial,5.25
STU-12460,24.0,20.29,100.0,5.76,100.0,,4.58,No,Ingeniería Informática,5.82
STU-12252,21.0,8.61,69.7,4.93,70.45,5.2,7.6,No,Ingeniería Civil,2.67
STU-11200,21.0,6.4,89.63,4.88,78.59,8.05,4.13,No,Ingeniería Informática,3.95
STU-11345,18.0,3.67,,4.39,58.7,8.8,2.96,No,Contador Auditor,2.27
STU-12287,18.0,5.32,66.38,4.65,76.74,5.63,6.5,Sí,Administración,2.35
STU-11454,18.0,17.15,,5.43,94.15,6.48,2.86,No,Ingeniería Industrial,4.67
STU-11843,22.0,16.2,100.0,6.5,100.0,7.39,6.42,Sí,Ingeniería Industrial,5.45
STU-13106,18.0,23.19,92.89,7.0,99.28,6.29,5.6,No,Administración,6.92
STU-11582,25.0,19.98,95.49,7.0,,8.04,8.45,No,Ingeniería Informática,5.84
STU-10034,25.0,8.47,100.0,5.3,86.54,6.88,2.79,No,Ingeniería Informática,3.97
STU-11933,18.0,6.03,69.74,4.97,73.26,5.26,5.91,,Ingeniería Civil,2.87
STU-13948,26.0,,91.61,5.9,67.68,5.76,5.83,No,Ingeniería Informática,4.23
STU-10065,24.0,21.08,90.38,6.62,,7.39,6.46,No,Contador Auditor,5.89
STU-14980,24.0,9.01,80.88,4.5,64.42,7.6,4.03,No,Ingeniería Civil,3.03
STU-13688,25.0,1.76,78.83,5.57,52.37,7.55,13.28,No,Contador Auditor,3.12
STU-12394,19.0,15.88,85.61,5.9,100.0,7.59,7.49,No,Ingeniería Informática,5.56
STU-10908,25.0,11.93,88.75,,100.0,8.93,6.28,No,Ingeniería Industrial,5.38
STU-11363,21.0,12.65,87.19,5.19,,5.17,14.7,No,Contador Auditor,3.65
STU-14156,34.0,2.67,71.66,5.4,,7.3,7.25,No,Ingeniería Informática,2.25
STU-12884,27.0,11.08,62.65,5.81,55.32,7.9,16.21,Sí,Ingeniería Industrial,3.23
STU-10783,18.0,6.72,66.99,5.28,70.5,5.72,11.07,No,Ingeniería Informática,3.35
STU-12409,25.0,11.51,,5.75,58.87,4.77,6.93,No,Contador Auditor,2.26
STU-12005,25.0,7.28,71.79,3.75,71.3,6.25,3.56,No,Ingeniería Industrial,2.38
STU-11152,22.0,13.49,75.35,5.99,84.43,5.92,0.8,No,Ingeniería Civil,3.57
STU-10635,21.0,14.79,98.71,6.53,87.73,8.33,5.37,No,Ingeniería Informática,4.99
STU-14176,19.0,1.0,73.0,5.33,58.67,6.5,10.09,No,Ingeniería Informática,2.47
STU-14003,25.0,3.43,90.86,5.53,66.11,6.0,4.92,No,Ingeniería Industrial,2.31
STU-13534,31.0,10.46,90.9,5.17,98.18,7.05,1.05,No,Ingeniería Industrial,4.59
STU-12160,22.0,15.47,100.0,6.57,100.0,8.56,5.04,Sí,Contador Auditor,5.03
STU-13765,26.0,9.84,82.38,,63.67,9.73,3.35,No,Ingeniería Informática,3.25
STU-12131,20.0,8.61,100.0,6.78,98.6,9.22,1.75,Sí,Administración,5.26
STU-10217,30.0,6.39,87.45,5.78,66.1,6.47,10.18,No,Ingeniería Industrial,2.63
STU-10565,27.0,8.33,84.29,5.01,72.92,8.75,9.76,No,Contador Auditor,3.21
STU-11385,30.0,16.81,86.4,5.2,100.0,6.87,6.14,No,Ingeniería Industrial,4.65
STU-12297,23.0,16.62,90.44,7.0,78.59,6.9,,No,Ingeniería Industrial,4.73
STU-11158,24.0,,92.81,4.8,93.62,7.4,6.38,No,Ingeniería Civil,3.22
STU-13934,23.0,11.93,81.26,5.99,56.9,7.97,1.44,No,Contador Auditor,3.7
STU-10624,19.0,11.53,78.94,5.15,80.79,7.86,5.99,No,Ingeniería Informática,3.75
STU-13311,22.0,6.99,89.69,6.55,80.28,5.83,9.79,Sí,Administración,4.5
STU-13341,24.0,13.56,84.43,5.23,100.0,6.12,8.97,No,Contador Auditor,4.61
STU-13729,26.0,1.0,66.35,4.15,58.95,8.5,1.13,Sí,Ingeniería Informática,2.69
STU-10844,26.0,14.4,97.03,5.56,88.22,6.29,14.02,No,Ingeniería Industrial,3.87
STU-13131,25.0,9.74,74.4,5.53,74.39,7.64,7.11,No,Contador Auditor,2.72
STU-11789,20.0,17.63,94.21,6.38,100.0,8.78,3.83,No,Ingeniería Civil,5.37
STU-12361,26.0,5.43,80.93,6.36,74.07,4.36,9.01,No,Ingeniería Civil,4.08
STU-11897,23.0,9.51,71.72,5.25,81.74,5.76,11.95,No,Ingeniería Informática,3.29
STU-11434,23.0,17.34,90.48,,100.0,7.57,6.32,No,Ingeniería Industrial,4.65
STU-14823,22.0,13.55,79.99,5.05,93.94,9.08,3.59,No,Ingeniería Industrial,4.58
STU-11611,29.0,13.04,76.75,6.29,82.75,6.54,3.14,No,Ingeniería Informática,4.14
STU-12424,28.0,14.7,80.25,5.39,100.0,8.7,7.98,No,Ingeniería Informática,4.94
STU-14674,18.0,11.17,75.28,6.12,89.71,6.91,5.51,No,Administración,4.26
STU-14766,23.0,11.14,71.7,4.87,88.39,6.3,7.33,No,Ingeniería Informática,3.44
STU-12493,20.0,7.71,79.75,5.64,90.65,8.2,6.01,Sí,Ingeniería Industrial,3.67
STU-14062,22.0,14.78,80.68,4.27,100.0,7.43,9.95,No,Ingeniería Informática,4.48
STU-13977,32.0,16.44,95.89,5.85,100.0,6.31,1.97,No,Ingeniería Industrial,4.01
STU-11102,20.0,12.64,84.32,6.07,77.57,6.84,6.68,No,Ingeniería Civil,3.76
STU-13118,23.0,18.64,90.57,5.75,100.0,8.32,6.7,No,,4.73
STU-13174,25.0,9.91,90.1,6.31,71.7,8.23,11.84,No,Ingeniería Industrial,4.19
STU-14880,28.0,13.97,81.18,5.14,100.0,6.46,6.92,No,Ingeniería Informática,4.14
STU-10856,25.0,22.46,86.11,7.0,100.0,5.51,7.48,Sí,,6.08
STU-11526,25.0,7.44,68.59,4.94,79.97,6.39,2.56,Sí,Administración,2.63
STU-11049,26.0,4.61,70.12,4.67,57.7,7.22,3.57,No,Ingeniería Informática,2.38
STU-10568,21.0,16.52,88.7,5.3,100.0,6.84,4.58,Sí,Ingeniería Informática,4.76
STU-14091,32.0,10.32,81.47,5.58,75.66,5.91,6.82,No,Ingeniería Civil,3.61
STU-10308,24.0,7.38,64.31,5.81,64.23,,8.9,Sí,Contador Auditor,2.52
STU-13362,19.0,21.63,100.0,7.0,100.0,7.78,3.52,Sí,Ingeniería Industrial,5.79
STU-14376,24.0,12.07,92.09,4.18,95.78,6.56,4.94,No,Ingeniería Informática,3.77
STU-13455,18.0,10.29,74.45,5.01,94.08,8.55,11.22,No,Contador Auditor,3.66
STU-14165,25.0,9.34,96.44,6.17,96.49,7.49,9.83,Sí,Ingeniería Informática,4.63
STU-10069,22.0,17.78,89.14,5.76,90.69,6.8,2.63,Sí,Ingeniería Civil,4.6
STU-11450,18.0,14.22,92.95,4.95,80.77,6.55,16.9,No,Ingeniería Civil,4.15
STU-14728,22.0,11.53,71.94,4.31,86.46,7.48,11.02,No,Ingeniería Industrial,2.95
STU-13335,28.0,19.45,91.37,6.26,74.17,6.61,18.0,No,Ingeniería Civil,4.26
STU-13008,25.0,11.15,-17.27251006378934,5.36,64.24,5.81,2.78,No,Contador Auditor,3.73
STU-14026,26.0,7.57,95.81,5.0,73.84,,,No,Contador Auditor,3.78
STU-14248,21.0,8.54,82.43,5.64,82.81,,4.94,No,Ingeniería Informática,3.77
STU-11655,21.0,13.76,58.6,5.85,89.69,6.39,3.7,No,Ingeniería Informática,3.59
STU-14706,23.0,15.75,85.32,6.55,100.0,,,Sí,Ingeniería Informática,5.1
STU-14470,26.0,9.73,74.16,5.29,78.72,7.82,5.29,,Administración,3.14
STU-13102,21.0,14.48,92.81,6.0,93.53,8.41,2.56,No ,Contador Auditor,4.23
STU-12229,28.0,14.87,90.31,5.97,74.45,8.09,7.55,No,Ingeniería Informática,4.79
STU-11023,27.0,2.4,76.26,6.89,67.12,9.51,3.73,Sí,Ingeniería Informática,4.16
STU-13374,21.0,6.84,72.0,5.09,74.51,7.23,6.34,No,Ingeniería Industrial,3.19
STU-10327,19.0,12.94,,5.09,79.05,7.13,8.59,Sí,Ingeniería Informática,2.49
STU-11780,31.0,6.33,78.83,5.81,75.4,7.09,14.72,No,Ingeniería Informática,4.27
STU-14133,21.0,15.22,100.0,4.86,98.05,6.36,6.95,No,Contador Auditor,4.64
STU-14131,21.0,13.0,,5.46,77.18,6.69,3.66,No,Ingeniería Informática,3.99
STU-10064,20.0,6.89,78.19,4.7,80.85,5.03,6.71,No,Ingeniería Informática,2.94
STU-12418,22.0,9.7,70.14,5.28,88.19,6.26,1.83,No,,2.95
STU-12987,27.0,13.55,,5.42,100.0,5.45,6.79,No,Ingeniería Informática,4.53
STU-12177,27.0,11.54,73.83,6.51,100.0,6.79,9.66,Sí,Ingeniería Civil ,4.83
STU-13414,19.0,8.16,93.42,5.82,73.49,9.14,4.51,No,Contador Auditor,3.76
STU-12498,18.0,12.75,100.0,6.14,86.3,6.84,6.81,No,Ingeniería Civil,4.86
STU-11905,26.0,19.59,92.3,7.0,98.21,8.44,8.29,No,Administración,6.9
STU-12605,18.0,12.09,92.36,7.0,83.94,6.84,3.6,No,Ingeniería Informática,5.3
STU-14837,20.0,14.34,75.8,5.73,82.97,6.61,11.56,No,Ingeniería Informática,3.96
STU-11797,29.0,14.71,87.83,5.57,78.16,5.8,,Sí,Ingeniería Industrial,4.46
STU-13247,27.0,20.51,100.0,6.42,93.73,8.35,,No,Ingeniería Industrial,4.96
STU-12548,24.0,8.46,96.17,5.83,79.62,7.33,4.72,No,Ingeniería Informática,4.15
STU-13646,24.0,12.53,93.6,7.0,91.71,7.34,,Sí,Ingeniería Informática,5.03
STU-12194,27.0,10.54,70.15,5.04,67.86,6.64,1.4,Sí,Contador Auditor,3.04
STU-10548,35.0,17.35,99.17,7.0,98.62,7.77,3.19,Sí,Contador Auditor,5.58
STU-12619,28.0,10.23,78.5,4.82,,7.09,3.76,No,Administración,4.2
STU-12621,29.0,15.78,96.92,6.71,91.96,7.54,6.3,No,Ingeniería Civil,4.49
STU-12431,20.0,11.01,91.27,5.85,100.0,7.55,5.34,No,Ingeniería Informática,4.22
STU-14582,18.0,15.35,,4.86,100.0,7.87,9.63,No,Ingeniería Civil,4.08
STU-10913,22.0,7.1,77.67,6.06,61.4,9.83,5.83,Sí,Ingeniería Civil,3.39
STU-12555,23.0,13.32,70.36,5.53,77.22,6.64,2.38,Sí,Ingeniería Civil,3.9
STU-13014,24.0,7.2,86.71,6.41,93.0,5.01,5.3,,Ingeniería Civil,4.74
STU-14908,23.0,18.32,94.42,5.5,100.0,5.47,2.78,No,Ingeniería Civil,5.16
STU-12527,23.0,12.94,70.84,5.32,100.0,6.3,2.43,No,Ingeniería Civil,3.95
STU-14886,31.0,10.86,95.08,,100.0,8.28,12.46,No,Ingeniería Industrial,5.34
STU-12223,19.0,17.09,100.0,6.03,100.0,6.66,9.55,No,Ingeniería Informática,4.78
STU-10319,26.0,13.85,,5.17,87.27,7.44,3.34,Sí,Ingeniería Industrial,3.92
STU-12496,22.0,10.11,80.96,5.16,78.25,9.13,3.81,No,Administración,3.94
STU-14806,21.0,18.61,79.02,6.23,100.0,7.86,4.14,No,Administración,5.41
STU-12718,26.0,13.81,98.43,6.22,94.15,8.67,4.11,No,Ingeniería Informática,5.54
STU-14983,24.0,16.66,77.61,6.68,92.09,7.1,3.06,Sí,Ingeniería Informática,5.06
STU-14716,28.0,6.89,78.17,5.27,81.39,7.32,8.12,No,Ingeniería Industrial,2.89
STU-11588,23.0,16.31,99.75,6.48,80.68,8.19,3.11,No,Contador Auditor,4.75
STU-12612,23.0,12.83,100.0,5.58,100.0,6.57,7.0,No,Ingeniería Industrial,5.2
STU-14727,25.0,20.83,88.08,6.38,,8.3,2.13,No,Ingeniería Informática,6.26
STU-14001,28.0,16.65,78.25,5.5,100.0,7.41,7.94,No,,4.38
STU-13556,25.0,13.96,75.67,5.72,80.06,7.51,10.9,No,Ingeniería Informática,3.62
STU-13309,33.0,17.59,98.72,7.0,100.0,8.06,,No,Ingeniería Civil,4.32
STU-11632,18.0,11.27,78.6,5.48,78.91,7.84,7.35,Sí,Ingeniería Industrial,4.15
STU-14544,30.0,11.86,64.93,4.73,88.94,7.51,11.37,No,Administración,3.74
STU-13939,,2.19,66.34,4.5,72.72,6.95,12.83,No,Ingeniería Civil,2.45
STU-14683,18.0,11.54,71.68,5.33,96.17,5.49,2.74,No,Ingeniería Civil,3.88
STU-12108,18.0,10.21,75.93,5.38,62.22,7.75,1.62,No,Administración,4.52
STU-14635,19.0,,100.0,5.46,100.0,8.04,10.12,No,Ingeniería Industrial,4.28
STU-12098,18.0,14.83,78.18,6.41,83.56,6.32,3.17,Sí,Ingeniería Informática,3.22
STU-12295,22.0,13.71,100.0,6.5,94.39,8.0,5.29,Sí,Ingeniería Informática,5.58
STU-13176,23.0,9.91,99.91,5.69,85.82,8.6,7.53,Sí,Ingeniería Informática,4.5
STU-10321,28.0,9.34,90.58,5.67,100.0,6.06,2.31,No,Ingeniería Informática,3.86
STU-13210,22.0,8.6,83.5,4.91,96.74,7.75,5.56,No,Ingeniería Civil,4.17
STU-14637,20.0,13.81,88.3,5.59,85.39,,8.21,No,Ingeniería Industrial,3.84
STU-13250,27.0,4.69,76.93,6.02,61.3,7.63,5.68,No,Ingeniería Industrial,3.0
STU-12081,22.0,16.08,89.85,5.61,,8.86,6.14,No,Ingeniería Civil,4.91
STU-12300,24.0,6.49,73.86,5.54,74.61,6.86,5.68,No,Ingeniería Industrial,3.35
STU-13441,29.0,11.52,82.29,6.4,83.94,6.23,10.95,Sí,Administración,5.31
STU-14529,23.0,8.74,78.0,5.42,70.75,5.21,,Sí,Ingeniería Industrial,3.13
STU-11808,24.0,7.12,93.88,6.19,69.6,6.33,7.88,Sí,Ingeniería Industrial,4.08
STU-14714,28.0,12.24,100.0,6.8,85.55,,7.03,Sí,Ingeniería Industrial,4.9
STU-11268,33.0,7.12,84.73,4.62,94.0,8.41,6.3,Sí,Ingeniería Informática,3.71
STU-13953,19.0,,72.19,4.1,47.7,,6.34,No,Administración,2.25
STU-10950,31.0,6.59,58.79,5.68,63.71,7.98,11.06,Sí,Ingeniería Informática,3.99
STU-12366,24.0,8.12,70.4,4.86,87.51,6.16,1.56,No,Ingeniería Industrial,2.91
STU-13689,20.0,9.08,76.75,4.16,85.02,8.13,9.44,No,Ingeniería Industrial,2.61
STU-11537,24.0,9.44,78.75,5.16,87.3,6.37,,Sí,Ingeniería Civil,3.37
STU-12702,21.0,14.1,100.0,5.98,100.0,7.88,5.34,No,Ingeniería Industrial,5.56
STU-12736,21.0,12.38,82.27,5.76,96.66,7.37,13.37,Sí,Ingeniería Industrial,4.44
STU-12749,21.0,15.13,86.79,6.03,94.17,6.46,3.54,si,Ingeniería Industrial,4.47
STU-14036,30.0,12.67,71.02,5.6,70.32,8.2,4.14,No,Contador Auditor,2.83
STU-10001,27.0,11.83,86.57,6.2,76.83,8.79,4.75,No,Ingeniería Industrial,5.13
STU-11347,21.0,3.53,77.99,4.58,84.73,6.58,3.25,No,Ingeniería Informática,2.88
STU-14742,21.0,,62.32,4.88,57.79,5.04,10.19,No,Contador Auditor,2.83
STU-14455,19.0,9.26,75.09,5.97,87.81,9.1,5.6,Sí,Ingeniería Informática,4.21
STU-14487,18.0,14.76,77.27,6.0,78.77,5.99,9.94,NO,Ingeniería Informática,3.24
STU-10145,21.0,,75.03,5.06,56.06,6.24,5.31,No,Administración,3.4
STU-14309,18.0,13.86,98.8,5.49,99.77,7.96,8.73,No,Ingeniería Industrial,4.84
STU-12580,24.0,13.57,63.02,4.82,59.56,-4.617317100112903,5.98,No,INGENIERÍA CIVIL,2.45
STU-11085,23.0,15.33,92.52,6.47,96.92,5.33,6.19,No,Ingeniería Informática,5.57
STU-11922,21.0,15.12,95.72,5.41,84.55,7.03,1.87,No,Ingeniería Informática,4.45
STU-12689,26.0,5.78,,6.21,74.83,7.77,1.82,No,Ingeniería Informática,3.19
STU-10209,25.0,4.18,72.18,4.29,60.78,5.32,4.01,No,Ingeniería Civil,2.17
STU-13789,27.0,16.17,81.65,5.34,97.2,5.62,2.29,No,Contador Auditor,4.31
STU-13367,22.0,5.51,91.52,5.04,76.27,6.84,8.37,No,Ingeniería Informática,3.42
STU-13983,28.0,8.24,100.0,6.21,93.08,7.54,1.58,No,Ingeniería Informática,4.73
STU-12729,22.0,4.8,69.97,3.31,96.58,9.5,,No,Contador Auditor,2.89
STU-10283,22.0,8.15,98.63,5.5,79.81,7.45,9.54,No,Ingeniería Civil,3.9
STU-10287,32.0,9.57,,5.49,95.7,6.42,5.86,No,Ingeniería Informática,2.7
STU-12705,24.0,14.69,75.43,5.78,81.64,10.07,11.65,No,INGENIERÍA CIVIL,3.22
STU-14223,24.0,11.2,75.47,7.0,,5.72,9.96,Sí,Ingeniería Civil,3.75
STU-12483,25.0,4.29,79.16,6.06,84.94,7.99,9.13,Sí,Ingeniería Informática,3.89
STU-10311,21.0,9.05,96.37,5.22,80.67,4.19,7.54,No,Ingeniería Informática,4.56
STU-10530,26.0,20.99,100.0,6.93,98.99,5.37,5.17,Sí,Ingeniería Civil,6.52
STU-13254,30.0,5.21,80.5,5.42,65.71,7.59,2.85,No,Contador Auditor,2.16
STU-14250,20.0,11.63,91.21,6.15,95.04,7.39,2.84,Sí,Ingeniería Civil,4.83
STU-14739,19.0,66.58846636348709,73.63,,90.05,6.95,3.63,Sí,Contador Auditor,4.52
STU-10348,33.0,9.56,67.99,5.0,86.16,6.22,1.57,No,Ingeniería Civil,3.03
STU-12519,26.0,12.77,85.66,7.0,89.54,,8.19,No,Ingeniería Civil,5.44
STU-14202,24.0,11.68,88.75,6.03,78.02,5.22,3.36,Sí,Ingeniería Informática,4.7
STU-11928,29.0,11.58,78.16,5.66,85.88,7.41,4.25,No,Ingeniería Industrial,3.54
STU-10309,26.0,6.91,78.09,5.12,80.17,6.48,3.42,No,Ingeniería Civil,3.47
STU-12328,28.0,6.02,71.33,4.91,61.9,5.96,14.05,Sí,Ingeniería Informática,3.15
STU-12719,27.0,12.4,89.79,5.36,100.0,6.45,,No,Administración,4.68
STU-10136,22.0,14.42,85.64,6.71,100.0,5.16,5.59,No,Contador Auditor,5.6
STU-14303,18.0,14.86,99.26,4.77,100.0,8.74,3.56,,Ingeniería Industrial,3.94
STU-12511,19.0,8.94,83.41,4.8,90.05,8.68,8.51,No,Ingeniería Informática,3.51
STU-11915,28.0,11.85,100.0,5.35,,8.6,4.57,No,Administración,4.93
STU-12958,20.0,19.47,86.19,,88.98,4.63,2.0,Sí,Ingeniería Informática,4.44
STU-11764,33.0,15.33,82.28,6.91,94.52,6.57,3.83,Sí,Ingeniería Industrial,5.11
STU-12279,24.0,8.01,63.47,6.24,89.17,7.46,4.86,Sí,Administración,3.74
STU-11827,27.0,8.68,68.89,4.61,74.52,7.15,6.11,No,Administración,2.92
STU-13460,24.0,11.3,96.73,6.61,81.94,5.67,7.49,No,Ingeniería Informática,4.62
STU-11145,22.0,13.65,96.06,6.89,99.69,6.81,9.04,Sí,Contador Auditor,5.48
STU-12585,21.0,11.87,87.79,5.85,77.73,,10.06,No,Ingeniería Industrial,4.06
STU-12670,25.0,14.51,96.95,6.36,96.47,9.64,13.11,Sí,Contador Auditor,5.39
STU-12085,20.0,10.14,70.89,5.43,86.96,8.1,5.08,No,Contador Auditor,3.53
STU-12640,28.0,14.93,94.71,5.97,92.33,7.96,11.1,No,Ingeniería Civil,5.34
STU-10505,21.0,11.6,77.09,5.94,80.21,6.29,5.02,Sí,Ingeniería Informática,4.93
STU-12970,22.0,10.49,89.4,6.12,90.51,7.48,9.16,No,Ingeniería Civil,4.19
STU-12826,18.0,5.66,93.29,4.84,99.74,7.72,6.08,No,Contador Auditor,3.62
STU-12627,27.0,12.99,98.11,4.87,100.0,6.96,9.85,Sí,Ingeniería Civil,3.75
STU-10237,18.0,13.75,77.88,6.61,99.6,,3.62,Sí,Administración,4.59
STU-10467,24.0,9.11,90.69,7.0,85.07,7.21,3.75,Sí,Administración,5.47
STU-14155,24.0,11.01,79.24,4.89,,7.72,15.66,No,Contador Auditor,3.18
STU-13372,27.0,21.43,81.72,5.6,93.78,6.24,4.04,No,Ingeniería Informática,4.86
STU-14440,25.0,7.51,74.43,5.48,100.0,3.48,2.65,No,Ingeniería Industrial,3.72
STU-10484,24.0,17.1,97.56,6.43,91.83,5.7,12.12,No,Contador Auditor,5.01
STU-13766,27.0,23.76,86.71,6.05,100.0,7.28,8.93,No,Ingeniería Informática,4.68
STU-12688,22.0,15.71,75.63,5.04,100.0,5.56,6.36,No,Contador Auditor,3.94
STU-12513,24.0,13.2,75.85,5.33,92.66,9.08,6.29,No,Ingeniería Industrial,3.89
STU-13277,35.0,12.15,93.15,5.63,100.0,7.15,2.24,Sí,Ingeniería Informática,4.12
STU-14832,24.0,23.92,87.27,5.46,100.0,6.54,10.1,Sí,Ingeniería Informática,5.13
STU-13477,26.0,14.76,93.24,6.71,95.89,7.2,8.13,No,Contador Auditor,5.02
STU-10248,21.0,17.14,89.55,6.3,74.34,6.63,4.25,Sí,Ingeniería Industrial,4.73
STU-12290,18.0,,99.2,6.37,78.57,7.32,4.83,Sí,Ingeniería Civil,4.41
STU-12565,27.0,6.69,84.25,5.54,64.2,6.84,10.57,No,Ingeniería Industrial,3.14
STU-10868,19.0,25.14,87.29,5.28,100.0,7.85,4.03,Sí,Contador Auditor,5.01
STU-11547,26.0,14.91,82.89,6.18,100.0,8.24,8.01,No,Ingeniería Industrial,4.78
STU-10472,21.0,4.64,72.71,5.94,69.42,6.56,1.86,No,Ingeniería Industrial,3.79
STU-13955,18.0,5.82,73.05,4.72,62.76,5.88,4.18,Sí,Administración,2.52
STU-13820,18.0,10.4,81.38,6.53,64.45,8.72,,Sí,Administración,4.47
STU-12516,23.0,17.16,100.0,6.42,100.0,5.94,4.91,No,Ingeniería Civil,4.59
STU-12599,21.0,13.03,,5.01,96.13,8.74,9.37,No,Ingeniería Civil,4.05
STU-14055,20.0,7.43,56.15,,68.03,7.87,6.89,No,Ingeniería Industrial,2.12
STU-11296,24.0,10.27,84.67,5.92,92.47,9.84,11.13,Sí,Ingeniería Civil,3.94
STU-13792,26.0,10.36,71.13,4.85,83.97,7.66,12.27,No,Ingeniería Informática,3.98
STU-14117,25.0,14.57,90.08,5.54,100.0,7.83,5.01,No,Ingeniería Industrial,7.695334957521515
STU-10186,18.0,14.94,91.45,7.0,90.75,6.71,18.0,Sí,Administración,5.32
STU-10823,24.0,6.34,72.57,5.1,71.1,5.76,2.53,No,Ingeniería Informática,3.58
STU-13039,31.0,12.47,99.15,6.21,100.0,7.02,2.76,Sí,Ingeniería Informática,4.63
STU-12398,18.0,9.5,77.87,5.47,67.59,10.53,10.5,No,Contador Auditor,3.35
STU-12731,24.0,17.03,87.62,6.38,90.17,8.31,2.11,No,Ingeniería Industrial,4.77
STU-12354,20.0,13.12,77.55,6.03,88.77,7.39,8.78,No,Ingeniería Industrial,4.08
STU-11103,23.0,12.96,72.17,5.65,,,6.12,No,Ingeniería Civil,4.12
STU-12465,22.0,8.33,84.92,4.06,74.95,8.95,15.34,Sí,Ingeniería Civil,3.56
STU-12186,29.0,8.12,71.25,5.36,,8.97,7.88,No,Ingeniería Informática,2.83
STU-14600,22.0,7.77,75.58,4.93,85.72,7.51,5.38,No,Ingeniería Industrial,3.62
STU-11601,19.0,13.97,87.45,6.64,91.89,5.67,4.38,No,Ingeniería Civil,4.03
STU-13816,18.0,12.18,78.49,5.32,72.96,7.65,2.83,Sí,Ingeniería Informática,4.48
STU-11745,18.0,8.47,95.01,6.06,98.39,7.41,9.6,No,Ingeniería Industrial,4.92
STU-14045,22.0,8.17,94.9,5.77,86.34,7.35,7.85,No,Ingeniería Industrial,4.48
STU-13950,,12.28,76.6,6.0,100.0,4.83,6.96,No,Contador Auditor,3.74
STU-10704,31.0,16.79,92.44,5.82,100.0,,6.45,No,Ingeniería Industrial,4.99
STU-11932,27.0,2.14,81.92,6.06,51.53,,5.1,Sí,Administración,2.45
STU-13863,20.0,9.08,74.71,5.49,67.14,6.98,6.44,No,Administración,3.63
STU-14209,22.0,8.21,88.56,5.46,80.9,6.62,9.72,No,Ingeniería Industrial,3.31
STU-11229,20.0,4.86,72.24,4.39,78.15,5.99,4.1,Sí,Ingeniería Industrial,3.3
STU-12174,27.0,17.81,87.28,5.77,100.0,6.91,8.11,No,Ingeniería Civil,4.27
STU-13749,18.0,14.03,86.56,6.27,84.29,8.37,5.69,Sí,Ingeniería Informática,4.43
STU-12563,25.0,12.85,88.21,5.24,97.76,6.41,4.39,No,Ingeniería Informática,3.82
STU-12222,23.0,8.87,82.73,5.61,71.47,7.54,6.2,No,Ingeniería Civil,4.25
STU-14564,22.0,7.65,86.66,4.64,86.21,7.55,5.6,No,Ingeniería Informática,4.03
STU-10017,20.0,,89.02,6.8,59.0,8.09,3.3,Sí,Ingeniería Industrial,3.38
STU-10443,23.0,13.05,94.33,5.46,84.12,8.42,13.07,Sí,Ingeniería Industrial,4.96
STU-14641,26.0,10.55,72.57,5.59,60.19,8.25,3.81,No,Ingeniería Informática,3.05
STU-14028,26.0,1.81,99.31,5.36,74.81,6.05,3.86,No,Ingeniería Civil,2.71
STU-10356,20.0,4.75,,5.77,85.72,6.22,9.66,Sí,Ingeniería Civil,3.53
STU-13212,34.0,8.07,57.33,4.38,64.92,7.69,8.89,No,Ingeniería Informática,1.62
STU-11380,20.0,13.02,74.03,5.56,98.1,9.14,16.12,No,Ingeniería Informática,3.92
STU-14387,25.0,17.92,89.66,5.03,100.0,6.58,10.48,No,Ingeniería Informática,4.5
STU-12556,22.0,10.39,83.86,6.33,75.43,4.54,5.86,No,Ingeniería Informática,4.39
STU-11973,26.0,6.3,81.58,4.9,72.91,6.62,3.21,No,Ingeniería Informática,2.62
STU-10828,32.0,14.85,99.3,5.78,100.0,7.31,8.36,No,Contador Auditor,4.87
STU-13496,26.0,15.12,93.33,6.51,96.01,6.67,6.58,Sí,Ingeniería Informática,5.14
STU-14882,27.0,19.92,97.09,7.0,100.0,6.65,3.69,No,Contador Auditor,5.05
STU-12981,27.0,16.0,94.6,7.0,100.0,7.17,5.77,No,Ingenieria Informatica,5.86
STU-13228,20.0,8.43,81.17,4.89,68.4,7.98,7.8,No,Contador Auditor,3.21
STU-11563,29.0,8.72,84.05,5.88,83.51,7.61,6.02,No,Ingeniería Industrial,4.63
STU-10736,27.0,17.97,94.36,,86.7,9.03,6.87,No,Ingeniería Industrial,5.6
STU-11741,18.0,11.1,73.15,5.12,100.0,7.72,7.72,No,Ingeniería Industrial,3.13
STU-11515,23.0,1.81,79.15,5.83,65.67,7.19,1.61,No ,Ingeniería Informática,3.48
STU-10989,18.0,15.49,80.12,6.23,96.3,7.95,5.53,Sí,Ingeniería Informática,4.78
STU-12806,18.0,13.45,83.61,5.8,100.0,5.95,2.78,No,Contador Auditor,3.63
STU-11037,18.0,6.58,,5.53,47.24,4.76,4.94,No,Ingeniería Civil,2.26
STU-12925,18.0,21.36,89.06,6.38,92.58,8.26,1.29,No,Ingeniería Informática,5.68
STU-10027,18.0,6.69,74.67,5.0,77.77,6.4,3.94,Sí,Administración,2.92
STU-12705,24.0,14.69,75.43,5.78,81.64,10.07,11.65,No,INGENIERÍA CIVIL,3.22
STU-14805,23.0,13.62,89.22,5.25,86.41,7.13,10.64,Sí,Ingeniería Informática,4.4
STU-11139,27.0,,100.0,6.71,100.0,5.92,6.53,Sí,Ingeniería Informática,5.53
STU-14733,29.0,15.08,69.16,5.89,93.53,8.15,8.58,No,Administración,3.87
STU-12538,21.0,8.27,76.15,6.35,86.69,6.72,5.49,Sí,Administración,3.52
STU-11234,26.0,21.06,80.21,5.67,100.0,6.4,8.68,No,Ingeniería Industrial,4.47
STU-13325,19.0,15.88,,6.69,95.61,8.45,8.33,Sí,Administración,6.22
STU-13430,30.0,,82.41,6.26,94.57,5.46,8.57,No,Ingeniería Industrial,4.48
STU-13736,24.0,12.01,68.39,5.88,85.61,8.56,4.75,Sí,Ingeniería Civil,4.28
STU-11241,24.0,11.5,80.73,,93.68,7.96,6.34,No,Ingeniería Informática,4.47
STU-12610,19.0,9.96,78.63,7.0,74.03,7.18,7.89,No,Ingeniería Informática,5.11
STU-12312,27.0,9.8,82.64,4.64,78.98,8.59,1.42,No,Ingeniería Industrial,2.88
STU-13127,21.0,11.37,80.87,5.3,85.28,7.06,5.56,Sí,Ingeniería Civil,4.86
STU-10211,27.0,15.26,90.27,4.65,70.09,7.28,6.94,No,Ingeniería Informática,2.8
STU-13319,26.0,8.87,100.0,5.43,97.36,7.44,12.93,No,Ingeniería Industrial,4.71
STU-11950,22.0,12.24,100.0,5.07,100.0,5.71,9.88,No,Ingeniería Informática,4.52
STU-11763,27.0,9.03,49.96,5.24,67.82,6.5,5.37,No,Ingeniería Industrial,2.31
STU-10263,24.0,13.65,92.59,5.49,99.07,8.02,3.01,No,Ingeniería Industrial,4.91
STU-14538,18.0,20.85,93.96,6.51,100.0,4.99,8.81,No,Ingeniería Civil,5.68
STU-11138,24.0,,92.48,6.69,100.0,7.14,7.68,Sí,Ingeniería Informática,5.82
STU-14365,25.0,6.67,93.34,6.7,79.03,7.74,5.94,No,Ingeniería Informática,4.26
STU-13391,22.0,19.66,100.0,6.17,100.0,6.3,5.79,,,5.15
STU-13101,27.0,14.87,77.85,6.5,100.0,8.24,9.07,No,Administración,5.28
STU-13731,18.0,5.76,76.31,5.33,72.48,7.24,2.2,No,Ingeniería Civil,3.38
STU-14465,33.0,11.98,83.93,4.45,60.86,8.18,1.59,No,Administración,3.52
STU-13911,28.0,7.06,73.27,4.56,54.53,7.85,,No,Ingeniería Civil,2.36
STU-13473,24.0,13.22,100.0,5.05,83.64,5.74,1.91,No,Administración,3.82
STU-13203,32.0,12.89,88.0,5.12,77.67,5.47,3.48,Sí,Ingeniería Informática,3.49
STU-11814,29.0,13.82,89.01,6.46,100.0,8.43,6.69,No,Contador Auditor,5.25
STU-11374,31.0,12.8,82.97,7.0,97.47,5.89,11.87,No,Contador Auditor,4.42
STU-14525,20.0,18.91,100.0,6.5,100.0,3.21,9.15,No,Ingeniería Civil,4.82
STU-13031,27.0,14.71,,6.08,100.0,8.79,6.02,Sí,Administración,4.24
STU-11061,25.0,11.07,89.51,5.58,73.11,8.45,5.45,No,Ingeniería Industrial,3.29
STU-14224,20.0,6.1,70.97,5.07,,8.57,6.48,Sí,Ingeniería Civil,3.72
STU-10498,25.0,13.74,81.54,5.17,87.17,9.46,7.5,No,Ingeniería Civil,4.65
STU-13356,27.0,5.91,78.0,4.4,100.0,8.42,2.76,No,Contador Auditor,2.29
STU-13306,20.0,12.84,77.01,5.41,100.0,6.61,8.39,No,Administración,4.69
STU-10658,27.0,21.39,81.37,6.46,100.0,8.4,1.65,No,Ingeniería Informática,4.79
STU-14526,22.0,14.31,80.01,6.74,100.0,4.76,3.31,No,Administración,4.45
STU-13320,24.0,17.38,97.47,6.4,100.0,5.09,0.77,No,Contador Auditor,4.83
STU-14226,21.0,18.0,87.74,6.18,100.0,6.89,8.49,No,Ingeniería Civil,4.87
STU-10705,25.0,8.1,74.15,3.93,78.89,7.7,3.89,No,Ingeniería Civil,2.65
STU-11312,29.0,11.01,78.76,5.14,91.02,,6.59,No,Ingeniería Informática,3.0
STU-14758,21.0,5.53,82.15,4.64,58.03,6.88,3.48,No,Administración,3.49
STU-13384,23.0,13.28,75.51,5.77,80.22,7.82,4.09,Sí,Ingeniería Informática,3.79
STU-11334,27.0,18.06,86.94,5.8,80.68,6.57,6.42,Sí,Administración,4.81
STU-12021,21.0,4.9,76.68,5.6,69.38,7.03,10.98,Sí,Ingeniería Civil,2.79
STU-13258,29.0,14.78,86.56,6.11,97.75,3.89,6.61,No,Contador Auditor,5.01
STU-11997,27.0,3.25,70.22,5.2,65.61,6.42,11.98,No,Ingeniería Industrial,2.28
STU-13190,21.0,1.68,,4.29,73.25,5.92,4.52,Sí,Ingeniería Civil,3.02
STU-10438,65.0,5.37,65.08,,84.8,6.31,3.33,No,Ingeniería Industrial,2.99
STU-13021,19.0,16.4,84.75,7.0,100.0,8.53,10.01,No,Contador Auditor,6.13
STU-11893,22.0,,95.41,5.5,100.0,8.4,11.45,Sí,Ingeniería Civil,4.61
STU-14315,,17.0,73.76,6.45,85.93,7.27,4.97,Sí,Administración,4.3
STU-10437,22.0,15.33,86.66,6.16,100.0,6.72,9.68,No,Ingeniería Informática,4.97
STU-13783,18.0,8.96,75.37,5.77,70.72,8.0,8.82,No,Contador Auditor,4.13
STU-14636,26.0,4.66,74.52,6.55,76.97,5.9,7.6,Sí,Administración,4.59
STU-14927,22.0,15.14,75.16,6.05,,9.81,2.93,Sí,Ingeniería Civil,5.85
STU-14748,24.0,18.92,93.48,6.57,100.0,6.26,6.39,Sí,Ingeniería Informática,5.6
STU-10096,29.0,9.83,100.0,6.43,90.59,8.03,10.48,Sí,Ingeniería Civil,4.19
STU-13590,24.0,9.58,85.9,4.86,85.16,4.83,3.82,No,Ingeniería Industrial,3.31
STU-14243,27.0,29.78,100.0,6.93,100.0,-5.6808777963839185,8.58,No,Ingeniería Informática,6.18
STU-12510,26.0,11.77,86.41,6.5,87.9,5.85,5.84,No,Ingeniería Industrial,3.68
STU-10948,36.0,11.38,85.36,4.75,64.48,6.66,5.83,No,Ingeniería Informática,3.53
STU-10984,22.0,4.63,83.64,4.81,76.49,5.92,4.62,Sí,Contador Auditor,3.45
STU-12808,28.0,9.3,90.44,5.57,71.45,6.26,2.92,No,Ingeniería Industrial,3.9
STU-11088,21.0,11.98,79.4,5.53,,8.38,10.76,No,Ingeniería Industrial,5.14
STU-11267,25.0,10.32,56.51,5.15,81.82,7.39,3.94,No,Ingeniería Informática,3.1
STU-14950,21.0,18.2,80.17,6.3,100.0,8.14,7.01,Sí,Ingeniería Industrial,4.84
STU-12052,19.0,15.7,100.0,7.0,100.0,6.26,7.36,No,Ingeniería Industrial,6.29
STU-13835,18.0,13.82,98.76,6.92,,6.59,,,Administración,4.51
STU-10471,40.0,4.12,76.91,4.43,77.92,4.32,5.51,No,Ingeniería Informática,2.28
STU-10788,19.0,14.31,75.07,6.18,78.84,7.04,8.41,Sí,Ingeniería Informática,3.86
STU-11414,24.0,14.16,84.56,6.37,93.07,6.42,1.56,No,Contador Auditor,4.15
STU-13761,22.0,13.25,73.58,6.35,76.55,6.33,6.18,Sí,Administración,4.66
STU-12303,28.0,6.77,86.16,5.28,45.19,7.26,7.1,No,INGENIERÍA CIVIL,2.77
STU-14335,23.0,8.7,82.59,3.58,66.08,6.67,7.07,No,Ingeniería Industrial,2.72
STU-11810,32.0,16.78,84.52,4.93,93.84,7.47,,Sí,Ingeniería Industrial,4.68
STU-12057,18.0,8.0,74.23,5.3,80.15,7.14,9.1,No,Contador Auditor,3.17
STU-11196,22.0,13.92,100.0,5.62,82.56,7.07,8.68,No,Ingeniería Informática,3.61
STU-11386,26.0,19.33,84.97,5.64,100.0,6.54,6.24,Sí,Ingeniería Informática,5.58
STU-11339,23.0,1.0,63.02,5.21,,6.74,5.99,Sí,Contador Auditor,2.42
STU-12175,29.0,79.917576119632,77.67,4.46,100.0,6.25,4.62,No,Ingeniería Informática,3.8
STU-11083,20.0,11.5,59.84,5.79,62.96,5.5,3.0,No,Administración,3.55
STU-11733,32.0,7.63,77.37,4.7,75.49,5.69,2.47,Sí,Ingeniería Informática,3.39
STU-10839,26.0,19.21,80.77,6.59,94.52,5.84,8.31,Sí,Ingeniería Civil,5.26
STU-13480,29.0,3.15,,3.69,78.15,7.38,6.35,No,Ingeniería Informática,2.15
STU-10833,27.0,,100.0,4.19,100.0,6.45,48.27601503802258,No,Ingeniería Informática,3.49
STU-14499,29.0,10.58,76.36,4.86,86.87,6.3,7.01,No,Contador Auditor,2.97
STU-12344,27.0,8.29,,5.33,67.18,6.63,7.69,No,Administración,3.53
STU-14164,21.0,4.68,77.56,5.82,75.84,7.51,5.19,,Ingeniería Civil,3.29
STU-12472,26.0,14.91,90.9,6.23,85.94,8.02,3.82,si,Ingeniería Industrial,4.9
STU-10552,24.0,10.11,91.44,6.05,76.56,5.71,6.39,No,Ingeniería Civil,4.67
STU-10672,20.0,11.7,83.95,7.0,85.14,7.65,6.18,Sí,Contador Auditor,4.75
STU-10863,18.0,17.1,82.33,6.18,93.37,5.96,9.15,Sí,Contador Auditor,3.87
STU-13586,31.0,13.14,74.94,,69.95,7.73,1.19,No,Ingeniería Industrial,3.6
STU-13229,24.0,15.48,94.07,5.58,100.0,8.75,6.15,No,Administración,5.48
STU-13139,27.0,10.14,80.52,4.64,,,6.31,No,Ingeniería Civil,3.19
STU-14336,25.0,14.89,90.2,6.11,92.57,8.19,9.69,No,Contador Auditor,4.78
STU-14640,23.0,15.98,89.26,6.28,100.0,6.06,4.14,Sí,Ingeniería Civil,5.01
STU-12647,23.0,15.09,88.46,5.64,100.0,8.39,9.28,Sí,Ingeniería Informática,4.39
STU-13777,21.0,13.67,82.31,6.81,89.92,6.6,2.8,Sí,Ingeniería Informática,4.48
STU-11126,25.0,9.13,76.94,6.24,93.47,7.96,4.34,Sí,Ingeniería Industrial,4.38
STU-13116,20.0,,77.37,4.01,61.69,8.04,2.97,No,Administración,2.3
STU-11365,31.0,15.04,99.82,6.79,100.0,5.99,8.96,Sí,Administración,5.41
STU-11288,31.0,12.99,100.0,5.89,80.32,8.05,5.42,Sí,Contador Auditor,5.54
STU-11128,28.0,6.23,84.84,5.86,64.69,6.29,2.23,Sí,Ingeniería Civil,3.02
STU-13478,24.0,5.29,76.59,6.04,73.91,7.59,3.85,No,Ingeniería Informática,3.0
STU-14812,26.0,4.49,74.64,5.41,58.56,5.69,7.23,No,Ingeniería Civil,2.04
STU-14402,23.0,6.2,71.42,5.21,62.67,4.75,8.8,No,Administración,2.48
STU-14990,21.0,5.71,81.75,5.23,42.27,7.16,2.97,No,Ingeniería Informática,2.64
STU-14513,22.0,15.33,82.42,5.32,92.26,7.08,7.8,No,Ingeniería Industrial,4.48
STU-14682,19.0,10.72,87.04,5.3,83.62,5.87,3.87,No,Ingeniería Industrial,4.4
STU-14711,25.0,8.01,88.41,5.17,90.45,-1.8976062020140763,6.45,Sí,Ingeniería Civil,4.76
STU-11281,30.0,14.44,100.0,5.74,96.11,7.19,4.74,Sí,Administración,5.0
STU-12091,18.0,14.96,86.11,5.17,100.0,7.35,8.28,Sí,Ingeniería Industrial,4.89
STU-13417,25.0,8.28,86.47,5.62,78.18,,4.72,No,Ingeniería Civil,3.93
STU-14203,21.0,3.48,85.23,4.7,68.84,5.96,4.08,No,Ingeniería Informática,2.78
STU-10556,21.0,8.05,85.53,5.24,66.14,5.92,5.49,Sí,Ingeniería Industrial,3.38
STU-10131,23.0,12.45,78.16,5.97,100.0,5.05,7.78,Sí,Ingeniería Informática,3.66
STU-10778,18.0,4.85,74.6,3.99,65.79,7.2,4.05,SI,Contador Auditor,2.21
STU-11724,28.0,20.3,93.22,5.94,100.0,6.72,4.89,No,Ingeniería Civil,4.28
STU-14771,,10.2,94.6,5.68,80.35,7.65,2.7,No,Ingeniería Informática,4.85
STU-14033,22.0,10.78,99.35,5.33,78.39,6.71,5.79,No,Contador Auditor,4.79
STU-12263,26.0,6.71,91.52,5.79,82.91,6.14,3.29,No,Ingeniería Civil,3.89
STU-14065,25.0,13.6,86.51,6.64,100.0,7.23,14.79,Sí,Ingeniería Civil,5.76
STU-10045,23.0,1.0,,6.16,49.81,6.97,5.76,No,,2.46
STU-11068,22.0,5.6,70.47,6.2,83.12,-1.3910694609304084,5.46,No,Ingeniería Civil,3.22
STU-10241,18.0,15.51,97.96,6.29,93.32,6.74,1.28,No,Contador Auditor,4.55
STU-10740,18.0,12.89,95.99,6.22,87.22,7.29,9.29,No,Ingeniería Industrial,4.76
STU-13629,24.0,1.0,73.36,4.05,67.69,5.94,30.729023622659493,,Ingeniería Informática,2.33
STU-12759,26.0,16.92,100.0,6.99,,6.92,5.82,No,Ingeniería Civil,5.15
STU-10126,21.0,16.08,75.34,6.84,90.22,7.67,3.77,No,Contador Auditor,4.68
STU-12254,28.0,,65.32,4.97,65.44,6.97,11.11,No,Ingeniería Informática,2.46
STU-14342,22.0,22.45,87.73,6.67,100.0,8.52,6.92,No,Ingeniería Informática,5.02
STU-10558,18.0,6.86,,6.07,74.46,7.24,8.67,No,Ingeniería Industrial,3.58
STU-10720,24.0,20.77,96.83,5.73,100.0,7.19,8.43,No,Ingeniería Civil,4.63
STU-14239,27.0,7.41,89.43,6.28,79.91,6.64,4.12,No,Ingeniería Informática,3.69
STU-10675,19.0,15.05,83.33,6.46,88.52,7.08,2.66,No,Ingeniería Civil,4.74
STU-11670,23.0,12.59,,6.23,88.21,8.04,6.99,No,Ingeniería Informática,4.59
STU-12321,18.0,8.86,71.87,5.24,61.78,6.95,8.37,No,Ingeniería Industrial,2.63
STU-12761,29.0,2.71,82.26,4.22,68.93,5.86,3.27,No,Administración,2.82
STU-14311,25.0,19.08,81.01,5.83,93.52,8.57,10.15,No,Ingeniería Civil,4.51
STU-11562,19.0,22.13,98.28,6.07,100.0,8.92,10.03,si,Contador Auditor,5.06
STU-13743,23.0,12.19,70.32,5.8,97.98,7.55,8.05,Sí,Administración,4.71
STU-12517,30.0,16.2,94.28,4.6,100.0,7.47,4.42,No,Ingeniería Industrial,3.9
STU-12340,26.0,11.82,81.16,5.67,87.89,8.56,4.1,No,Contador Auditor,3.57
STU-12402,18.0,14.85,91.47,6.68,73.42,6.46,5.35,Sí,Ingeniería Industrial,4.81
STU-14020,30.0,8.34,80.2,6.19,80.68,6.93,8.02,Sí,Administración,5.01
STU-14222,20.0,9.57,70.18,5.34,56.84,3.91,11.11,No,Ingeniería Informática,2.94
STU-14591,18.0,13.37,95.03,6.08,86.05,6.13,12.79,No,Ingeniería Informática,5.85
STU-14723,22.0,20.57,98.91,5.88,100.0,,3.35,No,Ingeniería Civil,5.09
STU-10496,21.0,8.46,81.09,5.4,90.98,7.83,3.54,No,Ingeniería Industrial,3.53
STU-11101,23.0,7.13,82.82,6.99,72.63,4.68,3.78,Sí,Ingeniería Civil,4.42
STU-14135,,18.63,96.62,5.32,100.0,5.21,4.82,No,Ingeniería Civil,4.53
STU-13060,24.0,11.22,84.95,5.21,86.85,6.9,1.93,Sí,Ingeniería Civil,4.23
STU-13815,22.0,21.16,100.0,6.7,100.0,8.08,0.5,No,Ingeniería Civil,6.55
STU-13686,34.0,11.55,86.25,4.3,74.23,7.09,6.58,No,Ingeniería Civil,3.19
STU-10615,27.0,10.79,75.03,5.95,100.0,6.48,3.37,No,Ingeniería Informática,4.55
STU-10252,20.0,17.8,100.0,6.46,72.85,6.43,4.45,No,Ingeniería Civil,4.59
STU-13592,20.0,7.82,69.04,6.04,83.96,7.23,5.71,Sí,Ingeniería Informática,4.21
STU-13273,29.0,15.97,89.1,5.47,100.0,9.17,3.16,Sí,Administración,5.16
STU-14153,21.0,12.15,100.0,3.9,90.69,8.26,1.22,No,Ingeniería Informática,3.6
STU-11256,20.0,6.15,87.98,4.93,82.07,5.03,2.62,No,Contador Auditor,2.89
STU-13110,18.0,14.03,80.12,5.75,74.13,8.75,5.22,No,Ingeniería Informática,4.57
STU-13369,25.0,22.32,94.16,6.24,100.0,,3.65,Sí,,5.77
STU-13318,24.0,7.89,78.82,5.34,83.05,6.25,8.47,No,Ingeniería Civil,2.63
STU-10641,24.0,19.01,93.2,5.95,100.0,5.06,5.34,No,Administración,4.58
STU-13608,18.0,6.02,69.57,5.16,57.16,7.32,2.0,No,Contador Auditor,2.48
STU-12104,19.0,12.21,76.29,5.34,100.0,5.25,,Sí,Ingeniería Informática,4.04
STU-13392,27.0,15.73,71.98,5.89,90.19,8.1,9.41,No,Ingeniería Informática,4.13
STU-14573,31.0,14.11,88.95,5.44,94.42,8.66,8.44,No,Administración,4.3
STU-14808,24.0,11.78,65.93,6.14,67.18,7.69,8.64,Sí,Ingeniería Civil,3.24
STU-11494,26.0,19.33,100.0,6.33,100.0,6.46,8.45,Sí,Ingeniería Civil,5.04
STU-10882,22.0,6.39,100.0,6.62,75.58,4.92,7.49,No,Ingeniería Civil,2.97
STU-13868,24.0,,66.27,5.01,56.91,4.26,1.12,Sí,Administración,2.6
STU-13236,20.0,14.56,88.01,6.58,100.0,5.13,1.08,No,Ingeniería Civil,4.91
STU-10710,18.0,12.05,78.08,6.03,80.24,7.62,6.15,Sí,Administración,4.19
STU-12241,25.0,8.56,68.9,4.11,72.58,8.37,2.94,No,Ingeniería Informática,1.81
STU-10405,26.0,18.45,92.16,4.99,93.3,7.28,3.08,No,Administración,5.2
STU-14969,22.0,13.48,95.49,6.48,85.95,6.1,0.8,No,Ingeniería Civil,4.72
STU-11693,28.0,20.5,100.0,6.9,100.0,5.98,6.18,Sí,Ingeniería Informática,5.56
STU-11156,20.0,7.38,53.71,4.34,80.16,9.23,3.73,No,Administración,2.89
STU-11753,30.0,14.47,85.56,5.56,84.71,8.91,7.41,No,Administración,5.15
STU-11234,26.0,21.06,80.21,5.67,100.0,6.4,8.68,No,Ingeniería Industrial,4.47
STU-12837,26.0,13.63,,6.16,93.09,7.53,9.75,Sí,Administración,4.3
STU-11680,22.0,8.12,82.69,4.38,71.26,9.94,6.42,No,Ingeniería Civil,3.65
STU-13276,19.0,7.31,86.06,3.95,76.84,6.96,,No,Ingeniería Civil,3.07
STU-10320,23.0,19.32,93.77,5.79,100.0,8.22,4.74,No,Administración,4.9
STU-11817,30.0,8.54,93.51,5.62,100.0,6.58,3.8,No,Ingeniería Civil,4.81
STU-11971,23.0,17.56,100.0,6.87,100.0,6.47,4.67,Sí,Ingeniería Industrial,5.63
STU-11750,18.0,4.01,75.42,4.5,41.69,8.05,2.73,No,Administración,2.99
STU-10140,23.0,12.08,,5.67,100.0,7.53,12.2,No,Administración,4.97
STU-13537,18.0,22.76,88.24,6.88,100.0,6.83,15.9,No,Ingeniería Industrial,5.8
STU-11754,26.0,6.6,80.03,6.18,82.92,7.76,2.91,No,Contador Auditor,4.29
STU-10436,25.0,4.57,83.25,5.42,67.11,4.5,1.48,No,Ingeniería Informática,2.79
STU-12654,30.0,4.46,74.92,5.45,59.19,7.48,4.65,No,Ingeniería Civil,3.17
STU-13080,22.0,7.95,81.43,5.98,95.49,9.63,10.14,Sí,Ingeniería Informática,5.0
STU-11492,22.0,,100.0,4.72,92.49,7.3,7.24,No,Administración,4.92
STU-11509,19.0,18.88,100.0,7.0,97.33,8.83,2.76,No,Contador Auditor,5.3
STU-14260,18.0,11.05,94.27,5.59,89.25,4.32,12.95,No,Ingeniería Industrial,4.24
STU-12618,22.0,18.1,97.98,6.94,100.0,5.37,0.58,Sí,Ingeniería Informática,5.46
STU-14725,18.0,10.1,91.32,7.0,96.26,7.74,12.92,Sí,Ingeniería Informática,5.09
STU-10220,22.0,13.16,89.63,5.3,84.27,6.1,5.43,No,Ingeniería Informática,4.53
STU-13855,24.0,9.81,82.55,4.64,95.89,5.47,8.09,No,Administración,3.44
STU-10696,26.0,15.72,81.9,6.84,94.79,7.47,8.48,Sí,Ingeniería Informática,5.38
STU-10779,24.0,12.95,77.63,5.43,84.34,9.12,2.46,No,Ingeniería Informática,4.63
STU-13631,28.0,16.9,76.18,5.48,100.0,7.61,3.87,No,Contador Auditor,4.35
STU-12416,22.0,1.0,69.23,4.73,68.07,7.6,3.81,No,Ingeniería Civil,2.29
STU-11071,29.0,15.08,97.36,5.42,96.27,8.95,3.66,No,Administración,4.86
STU-13842,28.0,8.03,77.48,5.81,74.13,7.16,6.9,Sí,Administración,3.31
STU-12461,24.0,,77.72,4.65,53.38,7.3,4.67,No,Administración,2.63
STU-14726,28.0,8.1,84.23,6.18,83.42,6.3,8.53,No,Ingeniería Informática,4.32
STU-12201,25.0,15.95,82.59,6.07,100.0,7.8,13.81,No,Ingeniería Civil,4.87
STU-14078,19.0,16.77,86.65,6.9,88.27,7.92,6.95,No,Contador Auditor,5.25
STU-10782,24.0,12.06,75.71,4.88,80.8,7.21,4.27,No,Ingeniería Informática,2.93
STU-12966,26.0,14.89,100.0,5.58,100.0,7.96,3.8,No,Ingeniería Civil,5.09
STU-13610,33.0,11.05,79.93,5.5,82.07,8.6,8.45,No,Ingeniería Civil,5.01
STU-10198,24.0,9.99,79.13,5.9,72.76,5.39,59.24975393526831,No,Administración,4.29
STU-13453,19.0,6.01,89.63,5.55,75.4,8.47,8.12,No,Ingeniería Civil,3.51
STU-13956,19.0,85.64768759860917,85.21,4.62,62.33,7.1,2.24,No,Ingeniería Industrial,3.55
STU-12392,26.0,13.2,93.64,4.99,100.0,8.24,15.14,No,Contador Auditor,4.2
STU-14643,21.0,11.98,100.0,5.3,100.0,7.04,3.04,No,Ingeniería Informática,4.37
STU-13923,22.0,11.1,78.68,6.11,69.7,8.97,5.24,No,Ingeniería Industrial,3.71
STU-13250,27.0,4.69,76.93,6.02,61.3,7.63,5.68,No,Ingeniería Industrial,3.0
STU-10282,28.0,8.51,77.66,5.04,88.34,8.56,13.46,No,Ingeniería Informática,3.19
STU-13841,31.0,4.46,75.54,5.31,,7.96,3.14,No,Administración,3.58
STU-13495,30.0,12.43,93.04,6.71,90.51,10.45,7.33,No,Ingeniería Industrial,5.84
STU-10583,26.0,6.51,74.56,6.27,77.63,6.56,3.1,Sí,Ingeniería Industrial,3.6
STU-10125,27.0,19.9,93.24,7.0,100.0,9.16,8.43,No,Administración,5.99
STU-11850,18.0,12.76,85.62,6.08,100.0,7.59,11.63,Sí,Contador Auditor,4.45
STU-12744,25.0,19.79,83.36,6.75,97.49,,17.46,Sí,Ingeniería Industrial,5.05
STU-14558,18.0,9.94,94.62,5.56,92.18,5.72,5.1,No ,Ingeniería Industrial,4.5
STU-14086,30.0,8.46,97.62,5.72,100.0,5.06,2.39,No,Ingeniería Industrial,3.73
STU-10853,18.0,12.33,100.0,6.48,97.86,6.81,6.38,No,Ingeniería Industrial,4.52
STU-10993,21.0,8.15,92.16,4.87,79.6,7.49,6.75,Sí,Ingeniería Informática,4.45
STU-12285,27.0,18.84,96.8,6.31,76.88,6.68,18.0,Sí,Contador Auditor,5.04
STU-11354,23.0,9.13,91.7,5.0,73.01,,13.32,No,Administración,4.25
STU-14539,22.0,10.98,81.49,6.35,74.23,5.9,7.76,Sí,Ingeniería Informática,3.74
STU-12589,20.0,15.44,90.4,6.66,92.8,6.7,1.74,No,Ingeniería Informática,5.01
STU-13658,,15.71,,6.24,94.69,7.77,15.76,No,Ingeniería Informática,4.53
STU-10303,22.0,14.95,87.74,5.53,96.18,4.88,5.1,No,Ingeniería Civil,4.0
STU-12210,21.0,1.0,76.8,5.48,25.34,7.37,,,Ingeniería Informática,2.44
STU-13518,21.0,11.06,100.0,6.22,100.0,8.17,3.17,Sí,Ingeniería Industrial,4.7
STU-10614,21.0,7.83,72.48,5.68,92.29,5.6,5.61,No,Ingeniería Informática,3.35
STU-13538,19.0,10.72,86.45,,87.13,8.31,1.77,Sí,Ingeniería Industrial,4.27
STU-13652,26.0,12.08,100.0,6.12,87.93,4.91,6.4,Sí,Contador Auditor,4.55
STU-12810,27.0,11.86,84.18,6.97,76.28,7.99,10.75,Sí,Administración,4.84
STU-11372,24.0,6.01,69.67,5.08,81.71,6.89,4.66,No,Ingeniería Informática,3.17
STU-11757,26.0,19.1,100.0,5.88,100.0,8.41,4.11,No,Ingeniería Informática,5.93
STU-10630,29.0,15.52,85.33,5.45,93.22,6.23,6.47,No,Ingeniería Informática,5.01
STU-11761,23.0,11.54,91.57,5.33,86.2,7.28,15.02,No,Contador Auditor,4.67
STU-11360,24.0,20.14,90.32,7.0,100.0,5.63,5.62,No,Administración,5.43
STU-10384,25.0,15.73,88.48,5.65,100.0,6.33,6.67,No,Ingeniería Industrial,4.91
STU-10861,29.0,7.42,77.47,3.98,75.12,7.81,5.63,No,Administración,2.87
STU-10550,33.0,4.45,67.46,5.79,63.79,5.54,3.95,No,Ingeniería Informática,3.21
STU-11546,22.0,9.3,72.59,5.44,64.74,6.98,11.55,No,Ingeniería Industrial,3.69
STU-11949,26.0,10.92,100.0,4.14,72.12,4.15,8.57,No,Ingeniería Informática,3.24
STU-11675,25.0,5.59,69.3,4.65,54.87,5.68,10.29,No,Ingeniería Civil,2.33
STU-14144,20.0,11.02,99.43,5.69,93.88,8.48,3.2,No,Contador Auditor,3.23
STU-10059,31.0,15.57,86.83,6.62,98.55,4.2,3.63,Sí,Administración,4.94
STU-12440,26.0,19.27,89.49,6.55,98.88,8.06,3.15,No,Ingeniería Civil,5.66
STU-14013,26.0,14.46,81.49,6.46,94.49,7.34,8.39,No,Ingeniería Informática,5.01
STU-13329,24.0,11.84,82.14,5.67,66.73,5.89,5.91,No,Ingeniería Industrial,2.56
STU-11860,24.0,12.78,75.87,6.41,80.11,5.84,6.18,,Contador Auditor,3.68
STU-13826,26.0,15.1,80.37,,97.8,7.49,7.68,No,Ingeniería Informática,4.38
STU-10302,25.0,12.09,91.38,5.96,84.17,4.5,11.89,Sí,Ingeniería Industrial,5.07
STU-14492,32.0,13.58,66.54,6.42,70.01,7.59,1.73,No,Ingeniería Industrial,3.81
STU-12567,33.0,10.68,100.0,6.65,100.0,4.99,2.75,Sí,Ingeniería Civil,5.14
STU-13997,19.0,14.41,86.66,5.5,91.73,6.64,14.24,No,Ingeniería Civil,4.76
STU-13603,26.0,10.66,80.86,4.77,90.15,7.07,3.35,No,Ingeniería Informática,3.37
STU-10153,27.0,12.73,82.01,5.07,100.0,5.9,9.65,No,Ingeniería Informática,4.07
STU-12839,23.0,13.32,82.69,5.7,79.84,5.1,13.77,Sí,Ingeniería Informática,3.45
STU-14484,34.0,,76.43,5.42,64.77,7.14,8.63,Sí,Contador Auditor,3.48
STU-10770,18.0,21.33,100.0,7.0,100.0,6.57,1.9,No,Ingeniería Informática,6.41
STU-13571,30.0,11.53,100.0,6.09,94.63,6.42,4.92,No,Ingeniería Industrial,3.93
STU-13908,29.0,14.18,72.53,4.91,91.96,6.57,1.64,No,Ingeniería Informática,4.16
STU-13317,29.0,11.8,94.33,5.89,86.31,5.67,5.91,No,Ingeniería Informática,4.45
STU-13382,23.0,11.99,74.26,6.04,92.1,7.33,1.93,No,Contador Auditor,3.82
STU-14292,23.0,8.7,89.79,5.58,90.67,9.01,4.8,Sí,Administración,4.91
STU-13653,23.0,11.53,89.78,4.97,87.74,5.43,5.29,No,Ingeniería Informática,4.23
STU-10402,26.0,11.02,83.11,5.7,95.3,6.06,5.1,No,Ingeniería Civil,4.11
STU-10572,26.0,6.6,74.21,4.8,82.34,8.7,3.69,No,Ingeniería Civil,3.54
STU-11333,18.0,14.04,,6.15,93.65,5.18,10.6,Sí,Ingeniería Informática,4.84
STU-13891,18.0,13.93,87.3,5.68,93.02,5.18,4.04,Sí,Ingeniería Informática,4.63
STU-13315,29.0,14.17,88.94,5.78,100.0,6.29,5.91,Sí,Ingeniería Civil,5.42
STU-13327,27.0,,99.13,5.71,88.79,5.47,,Sí,Ingeniería Industrial,4.9
STU-13030,27.0,19.86,89.72,5.5,100.0,6.31,3.07,No,Ingeniería Civil,4.45
STU-12032,21.0,10.96,63.63,6.17,,,13.69,Sí,Ingeniería Civil,4.41
STU-11607,18.0,22.61,89.47,7.0,98.59,6.97,0.92,No,Ingeniería Civil,5.62
STU-10798,18.0,93.08719671466969,,5.08,78.89,4.98,6.6,No,Ingeniería Informática,3.14
STU-10532,22.0,11.18,66.59,5.76,59.24,,7.4,No,Contador Auditor,3.85
STU-10408,20.0,1.0,,4.12,59.27,5.06,7.34,No,Ingeniería Informática,1.48
STU-13805,,1.0,82.56,4.51,58.03,4.69,3.85,No,Ingeniería Informática,1.12
STU-11918,23.0,11.02,87.99,4.97,98.23,,7.53,No,Ingeniería Informática,4.07
STU-12240,21.0,17.06,100.0,5.34,84.59,7.08,10.09,No,Ingeniería Informática,4.61
STU-12492,18.0,15.18,88.94,6.54,89.38,5.39,,No,Contador Auditor,4.44
STU-13811,24.0,12.29,92.34,6.57,76.42,7.68,7.78,Sí,Ingeniería Civil,5.25
STU-11583,25.0,10.15,90.64,5.02,65.78,7.78,8.32,No,Ingeniería Industrial,7.394150224970773
STU-12145,24.0,13.19,81.39,6.17,100.0,6.91,12.1,No,Ingeniería Civil,5.38
STU-11524,26.0,3.83,71.55,5.12,61.08,7.68,3.56,No,Ingeniería Informática,2.72
STU-11398,25.0,3.43,62.51,4.47,47.1,8.43,7.18,No,Administración,1.97
STU-13887,19.0,10.44,85.05,6.69,67.6,8.78,4.57,Sí,Ingeniería Industrial,4.48
STU-10527,25.0,4.16,,6.17,72.9,6.16,5.61,No,Ingeniería Civil,4.1
STU-13715,21.0,9.71,83.04,5.29,59.49,6.67,5.1,No,Ingeniería Civil,4.16
STU-13927,,14.92,79.96,6.09,,8.31,11.28,Sí,Ingeniería Industrial,4.73
STU-11539,21.0,16.4,,6.13,78.2,6.46,10.52,No,Ingenieria Informatica,4.33
STU-13756,30.0,11.09,100.0,5.33,75.34,6.0,2.9,No,Ingeniería Informática,3.84
STU-14035,28.0,17.54,87.89,6.17,86.7,7.75,,No,Ingeniería Civil,4.76
STU-11484,19.0,3.59,91.21,5.32,63.32,7.57,6.72,No,Ingeniería Informática,3.32
STU-14302,22.0,15.68,97.79,6.45,100.0,9.58,6.89,No,Ingeniería Civil,4.85
STU-10773,20.0,10.74,88.61,6.59,100.0,7.11,2.46,No,Administración,4.46
STU-10088,18.0,12.79,100.0,4.7,100.0,5.59,9.62,No,,5.11
STU-12536,18.0,14.5,60.95,5.93,68.19,7.25,3.56,Sí,Ingeniería Civil,2.77
STU-12882,33.0,5.94,71.84,4.64,69.96,6.19,7.98,No,,2.38
STU-10661,24.0,13.4,84.91,5.8,96.62,5.26,3.06,Sí,Ingeniería Civil,5.04
STU-11519,22.0,15.58,91.12,6.04,100.0,5.79,9.12,No,Administración,5.61
STU-13896,26.0,12.99,79.96,7.0,91.08,7.0,11.99,No,Ingeniería Informática,3.75
STU-14271,18.0,8.03,80.57,5.45,65.7,8.43,2.6,No,Ingeniería Industrial,3.71
STU-14775,25.0,11.98,92.87,6.57,95.87,6.66,3.85,No,Ingeniería Informática,5.07
STU-13412,22.0,10.46,94.74,6.22,91.46,6.84,5.03,No,Ingeniería Industrial,4.42
STU-13807,18.0,9.5,72.11,5.31,76.82,4.96,4.38,No,Ingeniería Civil,2.83
STU-13112,18.0,6.04,77.47,4.63,,7.76,5.41,No,Ingeniería Civil,3.0
STU-10545,24.0,17.9,87.56,5.64,100.0,7.3,2.19,Sí,Ingeniería Informática,4.84
STU-11835,29.0,19.35,100.0,5.64,100.0,5.73,9.05,Sí,Ingeniería Industrial,5.24
STU-13685,18.0,4.54,85.26,5.54,,6.82,10.71,No,,2.7
STU-13241,27.0,9.18,74.72,5.4,83.55,5.37,3.43,No,Administración,3.82
STU-13919,20.0,21.1,94.52,6.71,100.0,5.85,4.43,Sí,Ingeniería Informática,5.51
STU-14421,21.0,2.34,65.25,5.09,60.39,9.0,6.16,No,Contador Auditor,2.19
STU-13099,23.0,12.71,99.74,5.9,97.21,9.73,18.0,No,Administración,5.47
STU-10184,21.0,17.05,100.0,,96.11,7.06,8.84,Sí,Ingeniería Informática,5.45
STU-10680,25.0,18.85,71.43,,96.05,7.3,1.85,No,Ingeniería Informática,4.12
STU-11076,23.0,15.42,88.18,5.98,100.0,7.51,5.76,No,Ingeniería Industrial,4.51
STU-10043,22.0,2.34,78.24,4.75,35.87,7.79,2.44,No,Administración,1.78
STU-12932,24.0,9.23,68.29,5.49,79.95,8.88,4.68,Sí,Contador Auditor,3.52
STU-10147,25.0,9.96,78.84,6.56,67.87,6.33,7.91,No,Ingeniería informática ,3.57
STU-11066,18.0,16.48,100.0,6.47,93.18,6.86,1.97,Sí,Ingeniería Industrial,5.65
STU-11172,20.0,8.42,82.2,6.09,79.47,8.11,10.48,No,Ingeniería Industrial,3.77
STU-11540,,14.45,86.31,6.02,99.93,6.09,1.0,No,Contador Auditor,4.77
STU-13591,27.0,20.13,95.83,6.41,100.0,9.35,8.61,No,Ingeniería Civil,4.98
STU-12422,27.0,11.8,81.75,,93.38,7.74,9.25,Sí,Ingeniería Industrial,4.17
STU-11276,26.0,13.25,95.06,5.69,100.0,7.51,6.88,Sí,Ingeniería Industrial,4.51
STU-11193,29.0,10.34,85.81,4.93,98.45,8.3,4.6,No,Ingeniería Industrial,3.97
STU-14503,22.0,17.01,100.0,5.43,100.0,9.64,5.71,No,,4.79
STU-12127,18.0,9.87,75.47,4.48,67.89,8.59,14.55,No,Ingeniería Industrial,2.99
STU-11368,20.0,12.76,84.02,6.03,71.19,9.08,10.67,Sí,Contador Auditor,4.7
STU-11903,24.0,8.61,89.06,5.16,82.66,7.04,4.87,Sí,Ingeniería Informática,3.88
STU-12458,24.0,11.63,81.53,6.44,100.0,9.49,13.29,Sí,Ingeniería Informática,4.83
STU-13032,25.0,8.85,80.57,,85.67,6.99,8.35,Sí,Administración,4.22
STU-13797,19.0,12.65,95.55,5.9,,6.05,14.4,No,Administración,4.07
STU-12445,24.0,11.06,81.4,5.61,,6.9,7.85,Sí,Administración,3.88
STU-14984,28.0,9.58,63.89,5.18,70.61,8.35,1.42,Sí,Ingeniería Informática,3.12
STU-14549,24.0,13.42,75.23,6.12,87.22,8.08,17.67,Sí,Ingeniería Industrial,4.9
STU-14546,19.0,9.38,71.04,6.43,60.45,8.19,8.19,Sí,Ingeniería Industrial,2.88
STU-10764,20.0,9.64,88.7,5.06,77.76,5.36,8.52,No,Ingeniería Industrial,3.57
STU-10501,20.0,20.85,98.01,6.71,100.0,,2.21,Sí,Ingeniería Industrial,7.0
STU-12367,27.0,5.46,60.79,6.07,49.59,8.06,7.7,No,Ingeniería Informática,2.57
STU-12735,24.0,11.2,,,88.86,7.74,2.65,Sí,Ingeniería Civil,4.76
STU-11026,29.0,,72.57,4.69,,8.42,4.48,No,Ingeniería Industrial,3.84
STU-13313,,4.26,65.12,5.63,46.43,6.31,13.25,Sí,Ingeniería Civil,2.66
STU-12266,18.0,14.5,81.71,6.82,100.0,7.79,50.41203935151188,No,Ingeniería Informática,4.67
STU-12815,25.0,13.56,87.43,5.28,67.11,7.15,3.01,No,Contador Auditor,3.4
STU-10219,18.0,17.41,92.73,5.55,100.0,5.3,4.72,No,Contador Auditor,4.73
STU-11406,21.0,12.42,100.0,6.02,100.0,7.59,4.45,No,Ingeniería Informática,4.84
STU-12953,20.0,16.79,90.89,6.84,100.0,6.35,6.77,Sí,Contador Auditor,5.73
STU-11927,24.0,16.02,94.22,5.71,100.0,,3.23,No,Ingeniería Civil,5.0
STU-14301,21.0,2.93,71.96,5.32,60.24,7.22,7.95,No,Administración,3.45
STU-13334,,56.96267105499959,66.66,4.96,79.09,7.13,10.65,No,Contador Auditor,3.31
STU-14074,30.0,5.87,85.95,6.0,92.35,6.63,2.42,No,Contador Auditor,3.74
STU-14595,26.0,5.73,77.81,5.21,66.93,,6.05,Sí,Ingeniería Industrial,3.48
STU-13654,26.0,16.08,81.84,5.49,100.0,6.58,1.75,No,Ingeniería Informática,4.07
STU-11263,29.0,5.08,78.37,4.29,56.23,,8.29,No,Ingeniería Informática,2.48
STU-11844,31.0,5.33,78.25,5.43,67.84,7.32,2.68,No,Ingeniería Informática,2.86
STU-11423,21.0,3.26,91.04,5.3,76.62,8.03,4.83,No,Administración,3.88
STU-10598,27.0,,87.56,6.8,100.0,5.91,14.28,,Contador Auditor,4.91
STU-13220,23.0,15.14,91.29,6.55,84.38,5.88,6.4,Sí,Ingeniería Industrial,5.2
STU-12598,25.0,11.58,95.81,6.34,69.46,,5.53,No,Ingeniería Industrial,3.85
STU-10685,26.0,,75.03,5.32,93.6,8.9,,No,Ingeniería Informática,3.54
STU-12838,27.0,14.9,97.18,6.87,100.0,8.02,,No,Administración,4.81
STU-10513,20.0,11.34,,5.59,75.18,6.59,10.91,Sí,Ingeniería Informática,4.83
STU-10132,18.0,,87.23,6.69,100.0,6.45,5.94,No,Contador Auditor,4.44
STU-11988,23.0,13.67,79.71,5.1,91.77,8.49,4.28,No,Contador Auditor,3.89
STU-13122,22.0,13.05,,6.08,82.71,8.18,,,Ingeniería Civil,3.98
STU-11270,26.0,10.31,64.88,6.37,72.73,7.38,5.35,Sí,Administración,4.28
STU-11261,27.0,15.47,93.55,6.58,96.56,6.96,4.48,Sí,Administración,5.88
STU-11701,29.0,18.68,80.84,6.87,100.0,6.44,0.82,Sí,Ingeniería Industrial,4.95
STU-11364,22.0,6.4,75.85,4.62,71.62,6.95,8.7,Sí,Ingeniería Informática,3.04
STU-10664,23.0,13.27,66.12,5.38,57.39,7.19,17.57,No,Ingeniería Industrial,2.72
STU-14329,25.0,16.61,82.87,6.19,91.93,7.8,3.76,Sí,Ingeniería Industrial,4.59
STU-13904,,10.72,,5.74,81.31,6.31,5.68,No,Ingeniería Industrial,3.77
STU-12795,19.0,5.1,74.32,5.61,48.78,7.55,5.2,No,Administración,2.95
STU-13640,23.0,13.51,96.19,6.18,100.0,8.4,10.34,Sí,Ingeniería Informática,5.46
STU-11907,28.0,17.82,84.43,5.9,100.0,7.93,6.95,Sí,Ingeniería Informática,5.32
STU-11642,27.0,13.02,88.51,6.37,85.07,5.79,7.36,Sí,Administración,4.28
STU-12698,18.0,16.43,77.57,,83.95,8.31,11.36,No,Ingeniería Informática,4.9
STU-14914,21.0,21.11,96.36,5.15,100.0,7.52,5.49,No,Ingeniería Informática,5.83
STU-10051,28.0,19.33,88.72,6.18,100.0,8.2,6.84,No,Ingeniería Informática,5.31
STU-10099,18.0,10.21,88.28,5.3,98.05,3.56,9.35,Sí,Ingeniería Informática,4.7
STU-11990,26.0,6.23,85.77,6.14,75.31,7.26,6.31,Sí,Administración,4.2
STU-10014,24.0,21.21,91.56,5.67,97.82,6.37,10.6,No,Ingeniería Civil,4.87
STU-13508,26.0,12.23,82.78,6.31,77.63,8.99,4.2,Sí,Ingeniería Industrial,4.6
STU-10724,24.0,3.47,63.26,3.96,48.21,5.68,7.59,No,Ingeniería Informática,2.32
STU-11771,21.0,,75.27,,95.8,7.16,4.16,No,Ingeniería Civil,4.88
STU-11212,18.0,16.46,94.27,6.0,100.0,6.91,9.84,No,Ingeniería Civil,4.95
STU-11379,26.0,12.45,73.75,6.31,88.84,8.13,6.84,No,Ingeniería Informática,4.13
STU-11587,23.0,13.11,100.0,6.63,77.82,9.24,6.91,No,Ingeniería Civil,3.67
STU-14016,26.0,16.31,97.61,7.0,100.0,7.17,5.05,No,Ingeniería Industrial,5.54
STU-13808,25.0,7.26,83.54,5.27,,6.22,18.0,No,,2.99
STU-13147,22.0,6.52,90.82,6.01,78.93,6.54,6.06,No,Ingeniería Informática,3.87
STU-12740,24.0,5.54,75.71,5.72,82.28,8.03,17.08,Sí,Ingeniería Industrial,3.55
STU-13407,23.0,13.83,82.44,5.34,98.02,7.7,6.81,No,Ingeniería Informática,3.6
STU-10195,24.0,16.81,90.61,6.19,87.46,7.68,12.35,No,Ingeniería Industrial,4.8
STU-12821,,16.58,87.24,7.0,,6.29,9.68,Sí,Ingeniería Informática,5.21
STU-11688,29.0,5.06,86.87,5.19,71.78,5.3,3.94,Sí,Administración,3.65
STU-14051,80.0,11.42,84.46,5.73,88.65,7.32,6.87,Sí,Contador Auditor,4.0
STU-14032,21.0,1.95,90.38,4.86,63.8,8.16,5.41,No,Ingeniería Informática,2.79
STU-11356,25.0,18.49,80.58,6.44,89.91,6.3,4.36,No,Contador Auditor,5.0
STU-14587,27.0,7.3,59.41,5.48,,6.44,3.77,No,Contador Auditor,2.53
STU-10254,,8.16,91.2,5.2,85.58,6.24,6.95,,Ingeniería Industrial,4.3
STU-11916,25.0,13.29,92.6,5.7,95.71,6.78,4.58,No,Administración,4.55
STU-11900,25.0,5.53,88.77,5.36,73.84,5.9,9.78,No,Ingeniería Informática,3.73
STU-10415,25.0,11.17,93.67,4.75,82.42,4.78,14.62,Sí,Ingeniería Industrial,3.39
STU-11486,21.0,15.33,88.0,5.29,90.42,7.35,9.5,No,Ingeniería Informática,3.56
STU-10995,27.0,11.52,85.34,6.59,92.34,7.21,7.74,Sí,Ingeniería Industrial,4.52
STU-14171,26.0,20.23,100.0,6.54,100.0,8.33,2.44,No,Ingeniería Industrial,6.53
STU-11205,25.0,13.91,100.0,5.47,87.97,4.05,4.45,No,Ingeniería Civil,3.74
STU-13347,26.0,19.73,93.5,5.58,,7.09,10.15,Sí,Ingeniería Informática,5.6
STU-11968,18.0,4.74,57.83,5.07,51.58,4.92,5.2,Sí,Contador Auditor,2.05
STU-11163,24.0,13.86,86.6,6.3,93.61,6.49,3.44,Sí,Ingeniería Civil,5.33
STU-11222,19.0,13.01,52.65,5.21,77.04,6.11,,No,Ingeniería Civil,3.14
STU-14874,21.0,,85.16,6.2,98.25,6.94,3.29,Sí,Administración,4.68
STU-13219,27.0,8.89,90.33,6.09,83.23,3.89,2.34,No,Ingeniería Industrial,3.91
STU-10884,20.0,16.59,91.98,5.6,87.66,7.73,1.3,No,Administración,4.04
STU-12296,24.0,21.31,98.14,6.54,100.0,8.68,2.43,Sí,Administración,5.44
STU-13716,25.0,8.26,73.37,5.0,48.39,8.15,7.22,Sí,Contador Auditor,3.59
STU-14675,27.0,15.75,91.71,4.64,96.95,8.33,5.06,Sí,Ingeniería Civil,5.23
STU-10048,33.0,12.25,75.22,6.2,87.19,8.7,1.23,Sí,Ingeniería Industrial,4.19
STU-10439,31.0,18.96,76.19,6.09,100.0,5.65,2.47,Sí,Contador Auditor,4.94
STU-14021,25.0,9.18,82.38,7.0,91.27,6.19,9.75,Sí,Ingeniería Industrial,4.84
STU-13090,20.0,13.86,85.81,5.42,100.0,7.6,0.99,No,Ingeniería Informática,4.97
STU-10135,20.0,15.89,77.65,6.22,74.25,6.43,8.28,No,Ingeniería Informática,4.57
STU-13507,34.0,11.24,92.05,4.9,97.26,6.22,8.39,No,Ingeniería Informática,4.89
STU-13661,,16.34,87.39,5.65,100.0,5.97,1.81,Sí,Ingeniería Civil,4.72
STU-12119,27.0,10.03,86.28,5.81,80.22,7.47,9.45,No,Ingeniería Industrial,4.22
STU-13485,18.0,20.14,95.93,6.46,92.78,7.59,4.15,Sí,Ingeniería Informática,6.04
STU-14851,30.0,8.67,82.64,5.83,67.46,10.36,,Sí,Ingeniería Industrial,4.04
STU-12413,29.0,16.54,100.0,6.7,100.0,6.38,4.1,No,Ingeniería Industrial,5.6
STU-10191,33.0,8.77,100.0,5.86,96.9,7.49,3.14,No,Contador Auditor,4.58
STU-10854,32.0,13.54,100.0,5.55,90.77,7.76,8.22,No,Ingeniería Industrial,4.7
STU-14620,20.0,6.24,81.96,5.38,78.64,7.88,6.14,No,Contador Auditor,3.5
STU-10116,19.0,13.92,82.8,6.03,100.0,5.25,13.71,No,Contador Auditor,4.18
STU-11629,27.0,7.8,64.51,5.32,66.73,7.75,8.52,No,Ingeniería Civil,2.83
STU-14273,29.0,13.2,88.63,5.35,99.38,7.53,4.34,No,Ingeniería Industrial,4.75
STU-10774,26.0,9.08,97.96,5.13,76.5,7.51,6.58,No,Ingeniería Civil,3.76
STU-10018,21.0,20.34,85.37,5.56,100.0,8.64,1.79,No,Ingeniería Civil,5.02
STU-14707,28.0,7.03,90.58,5.87,73.05,7.49,8.76,No,Ingeniería Industrial,3.66
STU-12372,20.0,,83.77,5.84,100.0,8.61,2.27,No,Ingeniería Informática,5.08
STU-10662,24.0,4.35,91.89,4.61,74.58,6.38,3.81,No,Ingeniería Informática,3.3
STU-14379,25.0,18.56,89.56,6.68,83.26,6.02,1.32,Sí,Ingeniería Civil,5.74
STU-11880,31.0,10.05,84.95,5.42,100.0,3.58,2.77,No,Ingenieria Informatica,4.26
STU-11015,20.0,9.09,72.16,6.01,82.38,8.93,8.24,Sí,Administración,4.61
STU-12841,19.0,17.31,83.28,6.05,100.0,5.31,6.23,Sí,Administración,4.22
STU-12421,20.0,15.8,86.71,5.46,89.89,7.16,7.83,No,Ingeniería Informática,4.97
STU-10050,20.0,8.13,75.28,6.49,100.0,8.52,2.28,Sí,Ingeniería Civil,4.37
STU-10010,26.0,3.58,81.04,5.48,72.37,6.58,10.11,Sí,Administración,3.37
STU-11890,19.0,,80.34,5.52,,6.49,6.98,No,Ingeniería Informática,3.86
STU-13410,26.0,11.75,98.01,6.51,80.12,8.37,6.92,Sí,Ingeniería Informática,4.84
STU-12425,19.0,1.0,79.07,5.02,62.32,6.41,3.4,No,Ingeniería Industrial,2.61
STU-11895,20.0,16.21,88.13,4.93,90.1,6.27,6.02,Sí,Ingeniería Informática,4.78
STU-13088,18.0,,73.79,6.14,86.58,7.07,2.97,No,Ingeniería Industrial,3.75
STU-13879,23.0,12.45,87.91,5.43,83.39,6.52,4.04,No,Contador Auditor,4.05
STU-14552,24.0,20.33,100.0,7.0,100.0,5.34,6.37,Sí,Ingeniería Informática,6.45
STU-14624,30.0,13.89,93.08,6.18,85.24,6.49,,No,Administración,5.38
STU-10019,27.0,13.36,69.2,5.78,81.31,4.62,8.78,Sí,Ingeniería Civil,3.53
STU-13260,30.0,11.22,73.26,5.82,85.4,6.72,6.72,Sí,Ingeniería Informática,4.1
STU-13561,20.0,20.28,,6.11,,8.23,7.36,No,Ingeniería Industrial,5.75
STU-13035,23.0,11.76,91.35,6.15,83.81,6.73,3.85,Sí,Ingeniería Industrial,4.89
STU-13204,21.0,13.01,77.07,5.85,91.13,6.13,5.5,Sí,Ingeniería Civil,4.06
STU-10448,22.0,18.63,92.56,5.76,100.0,7.23,4.13,No,Administración,5.08
STU-10836,25.0,20.02,96.29,5.42,100.0,7.39,4.23,No,Contador Auditor,5.36
STU-13290,26.0,8.69,79.79,4.78,74.45,7.46,,No,Contador Auditor,2.94
STU-14389,18.0,21.84,89.46,6.14,,7.91,6.86,Sí,Contador Auditor,5.94
STU-13985,28.0,9.5,87.49,5.05,85.96,5.35,11.63,Sí,Contador Auditor,3.35
STU-10926,29.0,17.6,100.0,5.6,100.0,6.63,5.55,No,Ingeniería Informática,4.37
STU-10381,26.0,13.95,72.26,6.09,85.25,7.5,14.31,No,Ingeniería Industrial,3.92
STU-13234,22.0,15.66,88.7,5.12,75.73,6.45,7.69,No,Ingeniería Civil,3.86
STU-12124,22.0,10.86,85.86,5.48,60.84,6.21,4.8,No,Ingeniería Industrial,3.88
STU-12801,24.0,,69.15,4.4,74.96,7.82,67.00177633387148,No,Ingeniería Informática,2.33
STU-12376,27.0,8.17,67.48,5.64,80.79,8.71,7.85,No,Ingeniería Informática,4.27
STU-11495,27.0,9.84,76.47,5.71,79.88,7.46,2.1,Sí,Administración,3.88
STU-12378,30.0,17.81,84.05,6.88,100.0,6.27,6.93,Sí,Contador Auditor,5.79
STU-12620,27.0,10.98,69.64,4.97,80.21,5.37,4.42,,Ingeniería Civil,2.69
STU-14988,23.0,15.13,84.95,6.13,89.57,7.92,,No,Ingeniería Informática,4.47
STU-14452,31.0,13.9,84.37,6.3,93.16,6.4,11.66,No,Ingeniería Informática,4.94
STU-11273,22.0,1.0,71.19,4.71,55.9,7.26,7.0,No,Administración,1.31
STU-13135,23.0,15.32,85.95,5.81,87.42,8.21,4.76,No,Ingeniería Industrial,4.71
STU-12641,21.0,13.18,70.82,5.94,87.86,,4.96,Sí,Ingeniería Informática,3.97
STU-12551,25.0,20.58,100.0,5.67,100.0,6.66,1.99,No,Contador Auditor,5.85
STU-10645,28.0,13.24,84.68,5.89,95.87,7.28,8.33,Sí,Ingeniería Informática,4.92
STU-10382,18.0,16.12,88.35,6.53,97.26,,,Sí,Ingeniería Informática,5.8
STU-14286,27.0,15.65,92.61,5.82,100.0,8.29,4.4,No,Ingeniería Industrial,5.32
STU-12342,26.0,5.21,77.18,5.87,86.46,6.62,6.94,No,Ingeniería Informática,2.89
STU-13924,20.0,13.18,100.0,,100.0,8.28,5.72,No,Administración,5.8
STU-12218,27.0,13.54,76.72,5.08,91.81,7.08,3.32,No,Ingeniería Industrial,4.2
STU-14810,27.0,13.63,61.8,5.21,70.46,7.1,4.08,Sí,Ingeniería Civil,3.85
STU-13711,26.0,18.49,77.57,7.0,82.66,6.92,2.25,Sí,Ingeniería Informática,4.67
STU-12121,31.0,14.12,87.0,5.41,100.0,9.38,4.63,No,Contador Auditor,4.05
STU-14531,24.0,4.28,63.42,5.58,88.82,6.47,7.03,No,Ingeniería Civil,2.4
STU-13683,18.0,9.54,77.85,5.25,84.24,7.67,6.57,Sí,Ingeniería Informática,4.09
STU-13270,21.0,13.56,81.63,5.82,94.97,8.61,7.19,No,Ingeniería Civil,3.82
STU-12999,28.0,9.67,97.21,5.63,89.89,5.51,9.42,No,Administración,4.42
STU-11481,20.0,13.63,97.94,5.15,100.0,6.22,17.55,No,Ingeniería Informática,4.05
STU-12484,24.0,20.6,96.11,5.95,100.0,6.71,3.36,Sí,Ingeniería Informática,5.38
STU-11799,,9.55,68.48,5.49,81.3,8.29,2.1,No,Contador Auditor,3.68
STU-12247,26.0,23.39,91.15,7.0,100.0,7.26,10.71,Sí,Ingeniería Informática,6.4
STU-14009,23.0,13.44,79.89,6.27,81.14,6.96,11.92,No,Ingeniería Industrial,4.54
STU-12233,22.0,8.62,82.42,4.82,99.83,8.37,8.14,No,Ingeniería Civil,3.61
STU-12518,26.0,12.8,100.0,6.27,91.1,6.48,1.3,No,,4.39
STU-14769,22.0,2.74,84.84,5.62,39.08,8.18,1.61,Sí,Ingeniería Informática,3.78
STU-11979,27.0,6.29,95.0,4.74,65.72,6.48,8.82,No,Ingeniería Industrial,3.86
STU-11274,22.0,15.69,,6.36,100.0,6.15,8.46,No,Ingeniería Informática,5.69
STU-10014,24.0,21.21,91.56,5.67,97.82,6.37,10.6,No,Ingeniería Civil,4.87
STU-13643,28.0,12.47,94.01,6.74,64.24,8.19,6.1,No,Ingeniería Civil,4.89
STU-10618,20.0,14.4,78.7,5.91,87.01,7.73,8.38,No,Ingeniería Informática,4.08
STU-12709,23.0,19.93,89.02,7.0,99.53,7.3,0.94,No,Ingeniería Informática,5.68
STU-11516,21.0,11.06,83.75,5.15,87.79,6.11,5.53,Sí,Ingeniería Industrial,4.16
STU-10850,24.0,9.32,88.14,6.57,74.05,5.19,7.05,Sí,Contador Auditor,4.25
STU-13623,21.0,14.18,84.03,5.56,93.64,4.34,7.74,Sí,Ingeniería Industrial,4.03
STU-14034,29.0,12.74,79.55,4.68,85.65,7.86,9.84,No,Administración,3.37
STU-11549,27.0,17.98,86.51,6.94,100.0,7.72,7.24,Sí,Ingeniería Civil,5.24
STU-10744,22.0,15.97,83.02,6.21,87.64,4.9,10.0,No,Contador Auditor,4.01
STU-11325,23.0,21.41,85.74,6.59,100.0,7.71,5.57,No,Ingeniería Informática,6.01
STU-14186,24.0,10.6,,6.68,93.43,7.45,5.5,No,Contador Auditor,4.92
STU-12272,24.0,6.44,75.56,4.7,83.6,5.87,7.97,No,Ingeniería Informática,3.4
STU-10698,23.0,11.9,88.5,4.56,100.0,7.41,8.01,No,Contador Auditor,4.21
STU-10810,26.0,10.28,,5.55,93.59,5.87,2.88,No,Ingeniería Informática,3.13
STU-11214,20.0,8.08,94.2,6.42,,7.44,2.96,No,Ingeniería Industrial,4.04
STU-14367,20.0,,95.46,5.92,99.36,7.42,6.64,Sí,Ingeniería Informática,5.32
STU-10728,19.0,19.77,83.56,6.49,100.0,6.09,4.96,No,Ingeniería Civil,4.68
STU-13578,18.0,5.64,57.27,5.87,87.89,6.8,7.66,Sí,Administración,3.78
STU-14845,27.0,12.09,78.0,4.36,71.75,,3.17,Sí,Ingeniería Industrial,3.04
STU-14405,26.0,,90.66,6.49,65.18,5.97,5.31,No,Ingeniería Industrial,3.96
STU-10802,25.0,24.26,85.87,,100.0,7.33,2.95,No,Contador Auditor,5.56
STU-14473,21.0,6.44,81.96,4.9,100.0,6.5,6.62,No,,3.52
STU-12741,23.0,7.51,89.84,5.59,72.16,6.33,8.07,No,Ingeniería Civil,3.66
STU-10476,26.0,,77.44,5.83,68.57,7.52,3.82,Sí,Ingeniería Industrial,2.93
STU-12140,29.0,14.64,84.79,6.33,94.03,6.96,2.08,Sí,Ingeniería Civil,4.9
STU-11307,23.0,11.01,84.36,6.55,93.6,7.95,10.77,Sí,Administración,5.13
STU-13930,20.0,11.12,93.45,5.89,100.0,6.86,9.05,No,Administración,5.12
STU-10806,18.0,9.55,85.92,4.7,71.93,7.23,15.16,No,Ingeniería Informática,3.57
STU-10144,20.0,17.0,95.64,5.67,100.0,7.07,10.7,Sí,Administración,5.57
STU-11389,25.0,13.55,92.34,5.68,100.0,7.09,2.51,NO,Ingeniería Industrial,4.93
STU-10596,20.0,10.38,77.12,4.94,64.82,7.45,5.48,No,Administración,2.82
STU-13721,24.0,8.99,97.64,5.37,82.47,7.74,5.86,No,Ingeniería Civil,3.73
STU-10559,26.0,7.04,82.41,5.48,72.64,8.02,9.94,Sí,Ingeniería Civil,4.54
STU-10167,33.0,14.83,91.4,5.38,100.0,6.85,4.68,No,Ingeniería Industrial,5.31
STU-12512,20.0,9.12,83.95,4.9,92.28,9.02,,No,Ingeniería Industrial,3.87
STU-14104,21.0,15.35,85.8,5.75,100.0,7.87,2.97,No,Ingeniería Informática,5.11
STU-10943,25.0,13.47,79.56,5.79,82.79,8.93,5.8,No,Ingeniería Informática,4.4
STU-13117,27.0,11.98,75.95,4.96,84.1,6.71,4.86,No,Contador Auditor,3.81
STU-12180,25.0,11.19,88.16,5.34,94.97,7.34,,No,Ingeniería Informática,4.23
STU-10269,27.0,15.45,,5.47,100.0,6.28,6.26,No,Ingeniería Industrial,4.71
STU-11608,21.0,4.45,87.19,5.31,77.39,6.63,15.87,No,Ingeniería Civil,3.28
STU-14067,22.0,10.7,90.65,5.31,87.87,8.15,4.82,Sí,Contador Auditor,5.3
STU-10350,20.0,15.86,91.92,6.12,95.32,6.41,4.87,No,Ingeniería Industrial,4.64
STU-13521,30.0,12.32,94.13,5.7,79.8,6.67,6.26,,Ingeniería Informática,4.37
STU-12051,21.0,,100.0,6.0,100.0,5.36,8.55,No,Ingeniería Informática,5.8
STU-13915,30.0,14.59,87.81,4.14,91.26,6.43,2.17,No,Ingeniería Industrial,3.05
STU-14949,18.0,17.94,86.08,5.96,100.0,5.64,8.17,No,Ingeniería Industrial,5.02
STU-13146,22.0,12.07,79.39,5.95,99.96,8.07,6.62,No,Ingeniería Informática,4.56
STU-11181,24.0,17.44,100.0,6.91,96.65,5.77,9.24,No,Ingeniería Civil,5.63
STU-14896,18.0,12.72,91.08,7.0,78.24,6.28,7.8,Sí,Ingeniería Civil,4.49
STU-10084,22.0,12.73,80.96,5.54,79.32,7.16,5.33,Sí,Ingeniería Industrial,3.87
STU-13691,20.0,12.85,81.58,5.06,93.74,7.24,1.91,No,Ingeniería Industrial,4.64
STU-12781,25.0,20.0,83.93,,100.0,8.68,2.08,No,Ingeniería Industrial,4.62
STU-11548,24.0,7.45,77.69,5.29,70.38,8.86,4.67,No,Administración,3.71
STU-11329,20.0,15.91,98.8,5.76,100.0,3.91,4.26,Sí,Ingeniería Industrial,4.73
STU-14232,26.0,4.59,122.97402632009101,6.34,100.0,7.98,10.58,Sí,Ingeniería Informática,5.48
STU-11203,22.0,18.45,85.26,6.38,100.0,6.17,1.7,No,Ingeniería Civil,4.82
STU-11012,31.0,11.94,80.41,5.45,100.0,8.37,4.15,No,Ingeniería Civil,3.73
STU-12593,26.0,19.44,77.0,5.89,100.0,7.61,4.06,No,Ingeniería Industrial,5.22
STU-10540,29.0,15.15,99.14,6.77,100.0,7.74,5.3,Sí,Ingeniería Informática,5.89
STU-10053,28.0,13.17,77.05,6.16,75.83,7.34,4.89,Sí,,3.83
STU-14713,21.0,6.33,77.46,4.77,80.12,8.58,11.16,No,Administración,3.09
STU-14770,27.0,13.55,92.12,6.7,98.61,5.68,3.38,No,Ingeniería Industrial,4.94
STU-14795,25.0,13.35,89.05,7.0,88.44,7.67,3.0,Sí,Contador Auditor,4.93
STU-11812,23.0,10.7,,4.46,75.26,9.08,4.59,Sí,Ingeniería Informática,3.86
STU-10227,,14.05,90.17,5.15,93.48,5.68,10.18,No,Ingeniería Informática,4.3
STU-14720,23.0,8.74,82.74,5.47,68.53,8.26,3.53,Sí,Ingeniería Industrial,3.5
STU-12547,26.0,7.36,81.53,5.15,68.2,7.1,5.85,No,Ingeniería Informática,3.23
STU-12309,20.0,11.34,64.59,4.99,68.26,7.95,5.28,Sí,Ingeniería Civil,3.67
STU-11391,24.0,13.01,97.05,7.0,93.52,8.89,3.13,No,Administración,5.35
STU-12840,18.0,19.09,100.0,5.88,100.0,7.08,6.16,Sí,Ingeniería Industrial,5.32
STU-14628,32.0,,90.75,5.38,100.0,7.64,18.0,No,Administración,4.54
STU-12954,23.0,19.79,100.0,,100.0,6.04,,Sí,Ingeniería Civil,5.43
STU-11751,26.0,16.03,89.95,5.35,94.6,10.13,2.95,No,Ingeniería Civil,4.51
STU-10961,20.0,17.49,88.2,7.0,88.89,6.71,10.34,No,Ingeniería Informática,6.02
STU-12181,21.0,15.26,90.06,5.45,100.0,4.91,5.42,No,Ingeniería Civil,3.51
STU-13149,18.0,10.63,91.39,6.87,94.79,8.04,7.39,No,Ingeniería Civil,4.64
STU-12557,25.0,8.24,82.55,5.95,58.77,8.91,4.28,No,Ingeniería Industrial,3.26
STU-13569,18.0,7.18,92.7,6.0,66.73,7.0,5.16,Sí,Ingeniería Civil,4.02
STU-14169,26.0,5.1,83.51,4.76,89.37,4.69,13.5,No,Administración,3.62
STU-10141,26.0,13.82,100.0,5.93,93.15,8.16,13.25,No,Ingeniería Civil,4.49
STU-10889,32.0,8.9,79.07,5.37,86.87,7.75,2.96,No,Ingeniería Civil,3.42
